2026-07-22 09:07:02 | INFO     | jewelry_detector.image_processor | Kích thước ảnh: 1790 x 1195 px
2026-07-22 09:07:02 | INFO     | jewelry_detector.image_processor | Panel pixel (AI): [455, 99, 895, 621]
2026-07-22 09:07:02 | INFO     | jewelry_detector.image_processor | Object pixel (AI): [474, 120, 875, 586]
2026-07-22 09:07:02 | INFO     | jewelry_detector.image_processor | Center pixel: [675, 353]
2026-07-22 09:07:02 | INFO     | jewelry_detector.image_processor | OpenCV panel refine IoU = 0.887
2026-07-22 09:07:02 | INFO     | jewelry_detector.image_processor | Panel refined: [437, 101, 913, 642]
2026-07-22 09:07:02 | INFO     | jewelry_detector.image_processor | Panel refined (OpenCV): [437, 101, 913, 642]
2026-07-22 09:07:02 | INFO     | jewelry_detector.image_processor | Clean panel crop: raw_size=476x541 trim_left=26 trim_top=3 trim_right=11 trim_bottom=0 content_retained=99.1% success=True
2026-07-22 09:07:02 | INFO     | jewelry_detector.image_processor | Trimmed Object (ảnh gốc): [463, 220, 902, 525] | AI bbox gốc: [474,120,875,586]
2026-07-22 09:07:02 | INFO     | jewelry_detector.image_processor | Object refined (OpenCV Trim): [463, 220, 902, 525]
2026-07-22 09:07:02 | INFO     | jewelry_detector.image_processor | Đã lưu ảnh kết quả: 889972-MOD_front_result.jpg
2026-07-22 09:07:02 | INFO     | jewelry_detector.image_processor | Tổng thời gian xử lý: 0.11s
2026-07-22 09:07:02 | INFO     | jewelry_detector.image_processor | Kích thước ảnh: 1790 x 1195 px
2026-07-22 09:07:02 | INFO     | jewelry_detector.image_processor | Panel pixel (AI): [895, 99, 1335, 621]
2026-07-22 09:07:02 | INFO     | jewelry_detector.image_processor | Object pixel (AI): [913, 120, 1314, 586]
2026-07-22 09:07:02 | INFO     | jewelry_detector.image_processor | Center pixel: [1113, 353]
2026-07-22 09:07:02 | INFO     | jewelry_detector.image_processor | OpenCV panel refine IoU = 0.887
2026-07-22 09:07:02 | INFO     | jewelry_detector.image_processor | Panel refined: [877, 101, 1353, 642]
2026-07-22 09:07:02 | INFO     | jewelry_detector.image_processor | Panel refined (OpenCV): [877, 101, 1353, 642]
2026-07-22 09:07:02 | INFO     | jewelry_detector.image_processor | Clean panel crop: raw_size=476x541 trim_left=28 trim_top=3 trim_right=10 trim_bottom=0 content_retained=98.8% success=True
2026-07-22 09:07:02 | INFO     | jewelry_detector.image_processor | Trimmed Object (ảnh gốc): [1034, 217, 1188, 527] | AI bbox gốc: [913,120,1314,586]
2026-07-22 09:07:02 | INFO     | jewelry_detector.image_processor | Object refined (OpenCV Trim): [1034, 217, 1188, 527]
2026-07-22 09:07:02 | INFO     | jewelry_detector.image_processor | Đã lưu ảnh kết quả: 889972-MOD_left_result.jpg
2026-07-22 09:07:02 | INFO     | jewelry_detector.image_processor | Tổng thời gian xử lý: 0.02s
2026-07-22 09:07:02 | INFO     | jewelry_detector.image_processor | Kích thước ảnh: 1790 x 1195 px
2026-07-22 09:07:02 | INFO     | jewelry_detector.image_processor | Panel pixel (AI): [1335, 99, 1776, 621]
2026-07-22 09:07:02 | INFO     | jewelry_detector.image_processor | Object pixel (AI): [1353, 120, 1754, 586]
2026-07-22 09:07:02 | INFO     | jewelry_detector.image_processor | Center pixel: [1554, 353]
2026-07-22 09:07:02 | INFO     | jewelry_detector.image_processor | OpenCV panel refine IoU = 0.864
2026-07-22 09:07:02 | INFO     | jewelry_detector.image_processor | Panel refined: [1318, 78, 1790, 642]
2026-07-22 09:07:02 | INFO     | jewelry_detector.image_processor | Panel refined (OpenCV): [1318, 78, 1790, 642]
2026-07-22 09:07:02 | INFO     | jewelry_detector.image_processor | Clean panel crop: raw_size=472x564 trim_left=28 trim_top=26 trim_right=5 trim_bottom=0 content_retained=100.0% success=True
2026-07-22 09:07:02 | INFO     | jewelry_detector.image_processor | Trimmed Object (ảnh gốc): [1348, 294, 1764, 428] | AI bbox gốc: [1353,120,1754,586]
2026-07-22 09:07:02 | INFO     | jewelry_detector.image_processor | Object refined (OpenCV Trim): [1348, 294, 1764, 428]
2026-07-22 09:07:02 | INFO     | jewelry_detector.image_processor | Đã lưu ảnh kết quả: 889972-MOD_top_result.jpg
2026-07-22 09:07:02 | INFO     | jewelry_detector.image_processor | Tổng thời gian xử lý: 0.02s
2026-07-22 09:07:02 | INFO     | jewelry_detector.image_processor | Kích thước ảnh: 1790 x 1195 px
2026-07-22 09:07:02 | INFO     | jewelry_detector.image_processor | Panel pixel (AI): [455, 621, 895, 1183]
2026-07-22 09:07:02 | INFO     | jewelry_detector.image_processor | Object pixel (AI): [474, 633, 875, 1159]
2026-07-22 09:07:02 | INFO     | jewelry_detector.image_processor | Center pixel: [675, 896]
2026-07-22 09:07:02 | INFO     | jewelry_detector.image_processor | OpenCV panel refine IoU = 0.872
2026-07-22 09:07:02 | INFO     | jewelry_detector.image_processor | Panel refined: [437, 599, 913, 1195]
2026-07-22 09:07:02 | INFO     | jewelry_detector.image_processor | Panel refined (OpenCV): [437, 599, 913, 1195]
2026-07-22 09:07:02 | INFO     | jewelry_detector.image_processor | Clean panel crop: raw_size=476x596 trim_left=26 trim_top=46 trim_right=11 trim_bottom=11 content_retained=98.4% success=True
2026-07-22 09:07:02 | INFO     | jewelry_detector.image_processor | Trimmed Object (ảnh gốc): [480, 774, 881, 1057] | AI bbox gốc: [474,645,875,1159]
2026-07-22 09:07:02 | INFO     | jewelry_detector.image_processor | Object refined (OpenCV Trim): [480, 774, 881, 1057]
2026-07-22 09:07:02 | INFO     | jewelry_detector.image_processor | Đã lưu ảnh kết quả: 889972-MOD_back_result.jpg
2026-07-22 09:07:02 | INFO     | jewelry_detector.image_processor | Tổng thời gian xử lý: 0.02s
2026-07-22 09:07:02 | INFO     | jewelry_detector.image_processor | Kích thước ảnh: 1790 x 1195 px
2026-07-22 09:07:02 | INFO     | jewelry_detector.image_processor | Panel pixel (AI): [895, 621, 1335, 1183]
2026-07-22 09:07:02 | INFO     | jewelry_detector.image_processor | Object pixel (AI): [913, 633, 1314, 1159]
2026-07-22 09:07:02 | INFO     | jewelry_detector.image_processor | Center pixel: [1113, 896]
2026-07-22 09:07:02 | INFO     | jewelry_detector.image_processor | OpenCV panel refine IoU = 0.872
2026-07-22 09:07:02 | INFO     | jewelry_detector.image_processor | Panel refined: [877, 599, 1353, 1195]
2026-07-22 09:07:02 | INFO     | jewelry_detector.image_processor | Panel refined (OpenCV): [877, 599, 1353, 1195]
2026-07-22 09:07:02 | INFO     | jewelry_detector.image_processor | Clean panel crop: raw_size=476x596 trim_left=28 trim_top=46 trim_right=10 trim_bottom=11 content_retained=95.9% success=True
2026-07-22 09:07:02 | INFO     | jewelry_detector.image_processor | Trimmed Object (ảnh gốc): [1060, 714, 1208, 1042] | AI bbox gốc: [913,645,1314,1159]
2026-07-22 09:07:02 | INFO     | jewelry_detector.image_processor | Object refined (OpenCV Trim): [1060, 714, 1208, 1042]
2026-07-22 09:07:02 | INFO     | jewelry_detector.image_processor | Đã lưu ảnh kết quả: 889972-MOD_right_result.jpg
2026-07-22 09:07:02 | INFO     | jewelry_detector.image_processor | Tổng thời gian xử lý: 0.02s
2026-07-22 09:07:02 | INFO     | jewelry_detector.image_processor | Kích thước ảnh: 1790 x 1195 px
2026-07-22 09:07:02 | INFO     | jewelry_detector.image_processor | Panel pixel (AI): [1335, 621, 1776, 1183]
2026-07-22 09:07:02 | INFO     | jewelry_detector.image_processor | Object pixel (AI): [1353, 633, 1754, 1159]
2026-07-22 09:07:02 | INFO     | jewelry_detector.image_processor | Center pixel: [1554, 896]
2026-07-22 09:07:02 | INFO     | jewelry_detector.image_processor | OpenCV panel refine IoU = 0.879
2026-07-22 09:07:02 | INFO     | jewelry_detector.image_processor | Panel refined: [1318, 599, 1790, 1195]
2026-07-22 09:07:02 | INFO     | jewelry_detector.image_processor | Panel refined (OpenCV): [1318, 599, 1790, 1195]
2026-07-22 09:07:02 | INFO     | jewelry_detector.image_processor | Clean panel crop: raw_size=472x596 trim_left=28 trim_top=46 trim_right=5 trim_bottom=11 content_retained=97.6% success=True
2026-07-22 09:07:02 | INFO     | jewelry_detector.image_processor | Trimmed Object (ảnh gốc): [1346, 820, 1782, 962] | AI bbox gốc: [1353,645,1754,1159]
2026-07-22 09:07:02 | INFO     | jewelry_detector.image_processor | Object refined (OpenCV Trim): [1346, 820, 1782, 962]
2026-07-22 09:07:02 | INFO     | jewelry_detector.image_processor | Đã lưu ảnh kết quả: 889972-MOD_bottom_result.jpg
2026-07-22 09:07:02 | INFO     | jewelry_detector.image_processor | Tổng thời gian xử lý: 0.02s
2026-07-22 09:07:02 | INFO     | jewelry_detector.image_processor | Kích thước ảnh: 1790 x 1195 px
2026-07-22 09:07:02 | INFO     | jewelry_detector.image_processor | Panel pixel (AI): [0, 621, 455, 1183]
2026-07-22 09:07:02 | INFO     | jewelry_detector.image_processor | Object pixel (AI): [18, 633, 437, 1159]
2026-07-22 09:07:02 | INFO     | jewelry_detector.image_processor | Center pixel: [227, 896]
2026-07-22 09:07:02 | INFO     | jewelry_detector.image_processor | OpenCV panel refine IoU = 0.906
2026-07-22 09:07:02 | INFO     | jewelry_detector.image_processor | Panel refined: [0, 599, 473, 1195]
2026-07-22 09:07:02 | INFO     | jewelry_detector.image_processor | Panel refined (OpenCV): [0, 599, 473, 1195]
2026-07-22 09:07:02 | INFO     | jewelry_detector.image_processor | Clean panel crop: raw_size=473x596 trim_left=11 trim_top=91 trim_right=13 trim_bottom=11 content_retained=87.5% success=True
2026-07-22 09:07:02 | INFO     | jewelry_detector.image_processor | Trimmed Object (ảnh gốc): [26, 790, 423, 1175] | AI bbox gốc: [18,690,437,1159]
2026-07-22 09:07:02 | INFO     | jewelry_detector.image_processor | Object refined (OpenCV Trim): [26, 790, 423, 1175]
2026-07-22 09:07:02 | INFO     | jewelry_detector.image_processor | Đã lưu ảnh kết quả: 889972-MOD_perspective_result.jpg
2026-07-22 09:07:02 | INFO     | jewelry_detector.image_processor | Tổng thời gian xử lý: 0.02s
2026-07-22 09:07:58 | INFO     | jewelry_detector.image_processor | Kích thước ảnh: 1790 x 1195 px
2026-07-22 09:07:58 | INFO     | jewelry_detector.image_processor | Panel pixel (AI): [456, 102, 895, 615]
2026-07-22 09:07:58 | INFO     | jewelry_detector.image_processor | Object pixel (AI): [465, 120, 886, 598]
2026-07-22 09:07:58 | INFO     | jewelry_detector.image_processor | Center pixel: [676, 358]
2026-07-22 09:07:58 | INFO     | jewelry_detector.image_processor | OpenCV panel refine IoU = 0.889
2026-07-22 09:07:58 | INFO     | jewelry_detector.image_processor | Panel refined: [439, 101, 913, 636]
2026-07-22 09:07:58 | INFO     | jewelry_detector.image_processor | Panel refined (OpenCV): [439, 101, 913, 636]
2026-07-22 09:07:58 | INFO     | jewelry_detector.image_processor | Clean panel crop: raw_size=474x535 trim_left=24 trim_top=3 trim_right=11 trim_bottom=0 content_retained=99.3% success=True
2026-07-22 09:07:58 | INFO     | jewelry_detector.image_processor | Trimmed Object (ảnh gốc): [463, 220, 902, 525] | AI bbox gốc: [465,120,886,598]
2026-07-22 09:07:58 | INFO     | jewelry_detector.image_processor | Object refined (OpenCV Trim): [463, 220, 902, 525]
2026-07-22 09:07:58 | INFO     | jewelry_detector.image_processor | Đã lưu ảnh kết quả: 889972-MOD_front_result.jpg
2026-07-22 09:07:58 | INFO     | jewelry_detector.image_processor | Tổng thời gian xử lý: 0.02s
2026-07-22 09:07:58 | INFO     | jewelry_detector.image_processor | Kích thước ảnh: 1790 x 1195 px
2026-07-22 09:07:58 | INFO     | jewelry_detector.image_processor | Panel pixel (AI): [895, 102, 1334, 615]
2026-07-22 09:07:58 | INFO     | jewelry_detector.image_processor | Object pixel (AI): [904, 120, 1325, 598]
2026-07-22 09:07:58 | INFO     | jewelry_detector.image_processor | Center pixel: [1114, 358]
2026-07-22 09:07:58 | INFO     | jewelry_detector.image_processor | OpenCV panel refine IoU = 0.889
2026-07-22 09:07:58 | INFO     | jewelry_detector.image_processor | Panel refined: [877, 101, 1351, 636]
2026-07-22 09:07:58 | INFO     | jewelry_detector.image_processor | Panel refined (OpenCV): [877, 101, 1351, 636]
2026-07-22 09:07:58 | INFO     | jewelry_detector.image_processor | Clean panel crop: raw_size=474x535 trim_left=28 trim_top=3 trim_right=8 trim_bottom=0 content_retained=98.8% success=True
2026-07-22 09:07:58 | INFO     | jewelry_detector.image_processor | Trimmed Object (ảnh gốc): [1034, 217, 1188, 527] | AI bbox gốc: [905,120,1325,598]
2026-07-22 09:07:58 | INFO     | jewelry_detector.image_processor | Object refined (OpenCV Trim): [1034, 217, 1188, 527]
2026-07-22 09:07:58 | INFO     | jewelry_detector.image_processor | Đã lưu ảnh kết quả: 889972-MOD_left_result.jpg
2026-07-22 09:07:58 | INFO     | jewelry_detector.image_processor | Tổng thời gian xử lý: 0.02s
2026-07-22 09:07:58 | INFO     | jewelry_detector.image_processor | Kích thước ảnh: 1790 x 1195 px
2026-07-22 09:07:58 | INFO     | jewelry_detector.image_processor | Panel pixel (AI): [1334, 102, 1772, 615]
2026-07-22 09:07:58 | INFO     | jewelry_detector.image_processor | Object pixel (AI): [1342, 120, 1763, 598]
2026-07-22 09:07:58 | INFO     | jewelry_detector.image_processor | Center pixel: [1553, 358]
2026-07-22 09:07:58 | INFO     | jewelry_detector.image_processor | OpenCV panel refine IoU = 0.857
2026-07-22 09:07:58 | INFO     | jewelry_detector.image_processor | Panel refined: [1316, 81, 1790, 636]
2026-07-22 09:07:58 | INFO     | jewelry_detector.image_processor | Panel refined (OpenCV): [1316, 81, 1790, 636]
2026-07-22 09:07:58 | INFO     | jewelry_detector.image_processor | Clean panel crop: raw_size=474x555 trim_left=30 trim_top=23 trim_right=5 trim_bottom=0 content_retained=100.0% success=True
2026-07-22 09:07:58 | INFO     | jewelry_detector.image_processor | Trimmed Object (ảnh gốc): [1348, 294, 1764, 428] | AI bbox gốc: [1346,120,1763,598]
2026-07-22 09:07:58 | INFO     | jewelry_detector.image_processor | Object refined (OpenCV Trim): [1348, 294, 1764, 428]
2026-07-22 09:07:58 | INFO     | jewelry_detector.image_processor | Đã lưu ảnh kết quả: 889972-MOD_top_result.jpg
2026-07-22 09:07:58 | INFO     | jewelry_detector.image_processor | Tổng thời gian xử lý: 0.02s
2026-07-22 09:07:58 | INFO     | jewelry_detector.image_processor | Kích thước ảnh: 1790 x 1195 px
2026-07-22 09:07:58 | INFO     | jewelry_detector.image_processor | Panel pixel (AI): [456, 615, 895, 1159]
2026-07-22 09:07:58 | INFO     | jewelry_detector.image_processor | Object pixel (AI): [465, 633, 886, 1147]
2026-07-22 09:07:58 | INFO     | jewelry_detector.image_processor | Center pixel: [676, 890]
2026-07-22 09:07:58 | INFO     | jewelry_detector.image_processor | OpenCV panel refine IoU = 0.857
2026-07-22 09:07:58 | INFO     | jewelry_detector.image_processor | Panel refined: [439, 594, 913, 1181]
2026-07-22 09:07:58 | INFO     | jewelry_detector.image_processor | Panel refined (OpenCV): [439, 594, 913, 1181]
2026-07-22 09:07:58 | INFO     | jewelry_detector.image_processor | Clean panel crop: raw_size=474x587 trim_left=24 trim_top=51 trim_right=11 trim_bottom=0 content_retained=99.9% success=True
2026-07-22 09:07:58 | INFO     | jewelry_detector.image_processor | Trimmed Object (ảnh gốc): [480, 774, 881, 1057] | AI bbox gốc: [465,645,886,1147]
2026-07-22 09:07:58 | INFO     | jewelry_detector.image_processor | Object refined (OpenCV Trim): [480, 774, 881, 1057]
2026-07-22 09:07:58 | INFO     | jewelry_detector.image_processor | Đã lưu ảnh kết quả: 889972-MOD_back_result.jpg
2026-07-22 09:07:58 | INFO     | jewelry_detector.image_processor | Tổng thời gian xử lý: 0.02s
2026-07-22 09:07:58 | INFO     | jewelry_detector.image_processor | Kích thước ảnh: 1790 x 1195 px
2026-07-22 09:07:58 | INFO     | jewelry_detector.image_processor | Panel pixel (AI): [895, 615, 1334, 1159]
2026-07-22 09:07:58 | INFO     | jewelry_detector.image_processor | Object pixel (AI): [904, 633, 1325, 1147]
2026-07-22 09:07:58 | INFO     | jewelry_detector.image_processor | Center pixel: [1114, 890]
2026-07-22 09:07:58 | INFO     | jewelry_detector.image_processor | OpenCV panel refine IoU = 0.857
2026-07-22 09:07:58 | INFO     | jewelry_detector.image_processor | Panel refined: [877, 594, 1351, 1181]
2026-07-22 09:07:58 | INFO     | jewelry_detector.image_processor | Panel refined (OpenCV): [877, 594, 1351, 1181]
2026-07-22 09:07:58 | INFO     | jewelry_detector.image_processor | Clean panel crop: raw_size=474x587 trim_left=28 trim_top=51 trim_right=8 trim_bottom=0 content_retained=99.3% success=True
2026-07-22 09:07:58 | INFO     | jewelry_detector.image_processor | Trimmed Object (ảnh gốc): [1060, 714, 1208, 1042] | AI bbox gốc: [905,645,1325,1147]
2026-07-22 09:07:58 | INFO     | jewelry_detector.image_processor | Object refined (OpenCV Trim): [1060, 714, 1208, 1042]
2026-07-22 09:07:58 | INFO     | jewelry_detector.image_processor | Đã lưu ảnh kết quả: 889972-MOD_right_result.jpg
2026-07-22 09:07:58 | INFO     | jewelry_detector.image_processor | Tổng thời gian xử lý: 0.02s
2026-07-22 09:07:58 | INFO     | jewelry_detector.image_processor | Kích thước ảnh: 1790 x 1195 px
2026-07-22 09:07:58 | INFO     | jewelry_detector.image_processor | Panel pixel (AI): [1334, 615, 1772, 1159]
2026-07-22 09:07:58 | INFO     | jewelry_detector.image_processor | Object pixel (AI): [1342, 633, 1763, 1147]
2026-07-22 09:07:58 | INFO     | jewelry_detector.image_processor | Center pixel: [1553, 890]
2026-07-22 09:07:58 | INFO     | jewelry_detector.image_processor | OpenCV panel refine IoU = 0.857
2026-07-22 09:07:58 | INFO     | jewelry_detector.image_processor | Panel refined: [1316, 594, 1790, 1181]
2026-07-22 09:07:58 | INFO     | jewelry_detector.image_processor | Panel refined (OpenCV): [1316, 594, 1790, 1181]
2026-07-22 09:07:58 | INFO     | jewelry_detector.image_processor | Clean panel crop: raw_size=474x587 trim_left=30 trim_top=51 trim_right=5 trim_bottom=0 content_retained=100.0% success=True
2026-07-22 09:07:58 | INFO     | jewelry_detector.image_processor | Trimmed Object (ảnh gốc): [1346, 820, 1782, 962] | AI bbox gốc: [1346,645,1763,1147]
2026-07-22 09:07:58 | INFO     | jewelry_detector.image_processor | Object refined (OpenCV Trim): [1346, 820, 1782, 962]
2026-07-22 09:07:58 | INFO     | jewelry_detector.image_processor | Đã lưu ảnh kết quả: 889972-MOD_bottom_result.jpg
2026-07-22 09:07:58 | INFO     | jewelry_detector.image_processor | Tổng thời gian xử lý: 0.02s
2026-07-22 09:07:58 | INFO     | jewelry_detector.image_processor | Kích thước ảnh: 1790 x 1195 px
2026-07-22 09:07:58 | INFO     | jewelry_detector.image_processor | Panel pixel (AI): [0, 615, 456, 1159]
2026-07-22 09:07:58 | INFO     | jewelry_detector.image_processor | Object pixel (AI): [18, 633, 439, 1147]
2026-07-22 09:07:58 | INFO     | jewelry_detector.image_processor | Center pixel: [228, 890]
2026-07-22 09:07:58 | INFO     | jewelry_detector.image_processor | OpenCV panel refine IoU = 0.890
2026-07-22 09:07:58 | INFO     | jewelry_detector.image_processor | Panel refined: [0, 594, 475, 1181]
2026-07-22 09:07:58 | INFO     | jewelry_detector.image_processor | Panel refined (OpenCV): [0, 594, 475, 1181]
2026-07-22 09:07:58 | INFO     | jewelry_detector.image_processor | Clean panel crop: raw_size=475x587 trim_left=11 trim_top=96 trim_right=15 trim_bottom=0 content_retained=88.4% success=True
2026-07-22 09:07:58 | INFO     | jewelry_detector.image_processor | Trimmed Object (ảnh gốc): [26, 790, 423, 1175] | AI bbox gốc: [18,690,439,1147]
2026-07-22 09:07:58 | INFO     | jewelry_detector.image_processor | Object refined (OpenCV Trim): [26, 790, 423, 1175]
2026-07-22 09:07:58 | INFO     | jewelry_detector.image_processor | Đã lưu ảnh kết quả: 889972-MOD_perspective_result.jpg
2026-07-22 09:07:58 | INFO     | jewelry_detector.image_processor | Tổng thời gian xử lý: 0.02s
2026-07-22 09:12:14 | INFO     | jewelry_detector.image_processor | Kích thước ảnh: 1790 x 1195 px
2026-07-22 09:12:14 | INFO     | jewelry_detector.image_processor | Panel pixel (AI): [456, 102, 895, 621]
2026-07-22 09:12:14 | INFO     | jewelry_detector.image_processor | Object pixel (AI): [474, 120, 877, 586]
2026-07-22 09:12:14 | INFO     | jewelry_detector.image_processor | Center pixel: [676, 353]
2026-07-22 09:12:14 | INFO     | jewelry_detector.image_processor | OpenCV panel refine IoU = 0.889
2026-07-22 09:12:14 | INFO     | jewelry_detector.image_processor | Panel refined: [439, 101, 913, 642]
2026-07-22 09:12:14 | INFO     | jewelry_detector.image_processor | Panel refined (OpenCV): [439, 101, 913, 642]
2026-07-22 09:12:14 | INFO     | jewelry_detector.image_processor | Clean panel crop: raw_size=474x541 trim_left=24 trim_top=3 trim_right=11 trim_bottom=0 content_retained=99.3% success=True
2026-07-22 09:12:14 | INFO     | jewelry_detector.image_processor | Trimmed Object (ảnh gốc): [463, 220, 902, 525] | AI bbox gốc: [474,120,877,586]
2026-07-22 09:12:14 | INFO     | jewelry_detector.image_processor | Object refined (OpenCV Trim): [463, 220, 902, 525]
2026-07-22 09:12:14 | INFO     | jewelry_detector.image_processor | Đã lưu ảnh kết quả: 889972-MOD_front_result.jpg
2026-07-22 09:12:14 | INFO     | jewelry_detector.image_processor | Tổng thời gian xử lý: 0.12s
2026-07-22 09:12:14 | INFO     | jewelry_detector.image_processor | Kích thước ảnh: 1790 x 1195 px
2026-07-22 09:12:14 | INFO     | jewelry_detector.image_processor | Panel pixel (AI): [895, 102, 1334, 621]
2026-07-22 09:12:14 | INFO     | jewelry_detector.image_processor | Object pixel (AI): [913, 120, 1316, 586]
2026-07-22 09:12:14 | INFO     | jewelry_detector.image_processor | Center pixel: [1114, 353]
2026-07-22 09:12:14 | INFO     | jewelry_detector.image_processor | OpenCV panel refine IoU = 0.889
2026-07-22 09:12:14 | INFO     | jewelry_detector.image_processor | Panel refined: [877, 101, 1351, 642]
2026-07-22 09:12:14 | INFO     | jewelry_detector.image_processor | Panel refined (OpenCV): [877, 101, 1351, 642]
2026-07-22 09:12:14 | INFO     | jewelry_detector.image_processor | Clean panel crop: raw_size=474x541 trim_left=28 trim_top=3 trim_right=8 trim_bottom=0 content_retained=98.8% success=True
2026-07-22 09:12:14 | INFO     | jewelry_detector.image_processor | Trimmed Object (ảnh gốc): [1034, 217, 1188, 527] | AI bbox gốc: [913,120,1316,586]
2026-07-22 09:12:14 | INFO     | jewelry_detector.image_processor | Object refined (OpenCV Trim): [1034, 217, 1188, 527]
2026-07-22 09:12:14 | INFO     | jewelry_detector.image_processor | Đã lưu ảnh kết quả: 889972-MOD_left_result.jpg
2026-07-22 09:12:14 | INFO     | jewelry_detector.image_processor | Tổng thời gian xử lý: 0.02s
2026-07-22 09:12:14 | INFO     | jewelry_detector.image_processor | Kích thước ảnh: 1790 x 1195 px
2026-07-22 09:12:14 | INFO     | jewelry_detector.image_processor | Panel pixel (AI): [1334, 102, 1772, 621]
2026-07-22 09:12:14 | INFO     | jewelry_detector.image_processor | Object pixel (AI): [1351, 120, 1754, 586]
2026-07-22 09:12:14 | INFO     | jewelry_detector.image_processor | Center pixel: [1553, 353]
2026-07-22 09:12:14 | INFO     | jewelry_detector.image_processor | OpenCV panel refine IoU = 0.857
2026-07-22 09:12:14 | INFO     | jewelry_detector.image_processor | Panel refined: [1316, 81, 1790, 642]
2026-07-22 09:12:14 | INFO     | jewelry_detector.image_processor | Panel refined (OpenCV): [1316, 81, 1790, 642]
2026-07-22 09:12:14 | INFO     | jewelry_detector.image_processor | Clean panel crop: raw_size=474x561 trim_left=30 trim_top=23 trim_right=5 trim_bottom=0 content_retained=100.0% success=True
2026-07-22 09:12:14 | INFO     | jewelry_detector.image_processor | Trimmed Object (ảnh gốc): [1348, 294, 1764, 428] | AI bbox gốc: [1351,120,1754,586]
2026-07-22 09:12:14 | INFO     | jewelry_detector.image_processor | Object refined (OpenCV Trim): [1348, 294, 1764, 428]
2026-07-22 09:12:14 | INFO     | jewelry_detector.image_processor | Đã lưu ảnh kết quả: 889972-MOD_top_result.jpg
2026-07-22 09:12:14 | INFO     | jewelry_detector.image_processor | Tổng thời gian xử lý: 0.02s
2026-07-22 09:12:14 | INFO     | jewelry_detector.image_processor | Kích thước ảnh: 1790 x 1195 px
2026-07-22 09:12:14 | INFO     | jewelry_detector.image_processor | Panel pixel (AI): [456, 621, 895, 1165]
2026-07-22 09:12:14 | INFO     | jewelry_detector.image_processor | Object pixel (AI): [474, 639, 877, 1147]
2026-07-22 09:12:14 | INFO     | jewelry_detector.image_processor | Center pixel: [676, 893]
2026-07-22 09:12:14 | INFO     | jewelry_detector.image_processor | OpenCV panel refine IoU = 0.857
2026-07-22 09:12:14 | INFO     | jewelry_detector.image_processor | Panel refined: [439, 600, 913, 1187]
2026-07-22 09:12:14 | INFO     | jewelry_detector.image_processor | Panel refined (OpenCV): [439, 600, 913, 1187]
2026-07-22 09:12:14 | INFO     | jewelry_detector.image_processor | Clean panel crop: raw_size=474x587 trim_left=24 trim_top=45 trim_right=11 trim_bottom=3 content_retained=99.9% success=True
2026-07-22 09:12:14 | INFO     | jewelry_detector.image_processor | Trimmed Object (ảnh gốc): [480, 774, 881, 1057] | AI bbox gốc: [474,645,877,1147]
2026-07-22 09:12:14 | INFO     | jewelry_detector.image_processor | Object refined (OpenCV Trim): [480, 774, 881, 1057]
2026-07-22 09:12:14 | INFO     | jewelry_detector.image_processor | Đã lưu ảnh kết quả: 889972-MOD_back_result.jpg
2026-07-22 09:12:14 | INFO     | jewelry_detector.image_processor | Tổng thời gian xử lý: 0.02s
2026-07-22 09:12:15 | INFO     | jewelry_detector.image_processor | Kích thước ảnh: 1790 x 1195 px
2026-07-22 09:12:15 | INFO     | jewelry_detector.image_processor | Panel pixel (AI): [895, 621, 1334, 1165]
2026-07-22 09:12:15 | INFO     | jewelry_detector.image_processor | Object pixel (AI): [913, 639, 1316, 1147]
2026-07-22 09:12:15 | INFO     | jewelry_detector.image_processor | Center pixel: [1114, 893]
2026-07-22 09:12:15 | INFO     | jewelry_detector.image_processor | OpenCV panel refine IoU = 0.857
2026-07-22 09:12:15 | INFO     | jewelry_detector.image_processor | Panel refined: [877, 600, 1351, 1187]
2026-07-22 09:12:15 | INFO     | jewelry_detector.image_processor | Panel refined (OpenCV): [877, 600, 1351, 1187]
2026-07-22 09:12:15 | INFO     | jewelry_detector.image_processor | Clean panel crop: raw_size=474x587 trim_left=28 trim_top=45 trim_right=8 trim_bottom=3 content_retained=99.3% success=True
2026-07-22 09:12:15 | INFO     | jewelry_detector.image_processor | Trimmed Object (ảnh gốc): [1060, 714, 1208, 1042] | AI bbox gốc: [913,645,1316,1147]
2026-07-22 09:12:15 | INFO     | jewelry_detector.image_processor | Object refined (OpenCV Trim): [1060, 714, 1208, 1042]
2026-07-22 09:12:15 | INFO     | jewelry_detector.image_processor | Đã lưu ảnh kết quả: 889972-MOD_right_result.jpg
2026-07-22 09:12:15 | INFO     | jewelry_detector.image_processor | Tổng thời gian xử lý: 0.02s
2026-07-22 09:12:15 | INFO     | jewelry_detector.image_processor | Kích thước ảnh: 1790 x 1195 px
2026-07-22 09:12:15 | INFO     | jewelry_detector.image_processor | Panel pixel (AI): [1334, 621, 1772, 1165]
2026-07-22 09:12:15 | INFO     | jewelry_detector.image_processor | Object pixel (AI): [1351, 639, 1754, 1147]
2026-07-22 09:12:15 | INFO     | jewelry_detector.image_processor | Center pixel: [1553, 893]
2026-07-22 09:12:15 | INFO     | jewelry_detector.image_processor | OpenCV panel refine IoU = 0.857
2026-07-22 09:12:15 | INFO     | jewelry_detector.image_processor | Panel refined: [1316, 600, 1790, 1187]
2026-07-22 09:12:15 | INFO     | jewelry_detector.image_processor | Panel refined (OpenCV): [1316, 600, 1790, 1187]
2026-07-22 09:12:15 | INFO     | jewelry_detector.image_processor | Clean panel crop: raw_size=474x587 trim_left=30 trim_top=45 trim_right=5 trim_bottom=3 content_retained=100.0% success=True
2026-07-22 09:12:15 | INFO     | jewelry_detector.image_processor | Trimmed Object (ảnh gốc): [1346, 820, 1782, 962] | AI bbox gốc: [1351,645,1754,1147]
2026-07-22 09:12:15 | INFO     | jewelry_detector.image_processor | Object refined (OpenCV Trim): [1346, 820, 1782, 962]
2026-07-22 09:12:15 | INFO     | jewelry_detector.image_processor | Đã lưu ảnh kết quả: 889972-MOD_bottom_result.jpg
2026-07-22 09:12:15 | INFO     | jewelry_detector.image_processor | Tổng thời gian xử lý: 0.02s
2026-07-22 09:12:15 | INFO     | jewelry_detector.image_processor | Kích thước ảnh: 1790 x 1195 px
2026-07-22 09:12:15 | INFO     | jewelry_detector.image_processor | Panel pixel (AI): [0, 621, 456, 1165]
2026-07-22 09:12:15 | INFO     | jewelry_detector.image_processor | Object pixel (AI): [18, 639, 439, 1147]
2026-07-22 09:12:15 | INFO     | jewelry_detector.image_processor | Center pixel: [228, 893]
2026-07-22 09:12:15 | INFO     | jewelry_detector.image_processor | OpenCV panel refine IoU = 0.890
2026-07-22 09:12:15 | INFO     | jewelry_detector.image_processor | Panel refined: [0, 600, 475, 1187]
2026-07-22 09:12:15 | INFO     | jewelry_detector.image_processor | Panel refined (OpenCV): [0, 600, 475, 1187]
2026-07-22 09:12:15 | INFO     | jewelry_detector.image_processor | Clean panel crop: raw_size=475x587 trim_left=11 trim_top=90 trim_right=15 trim_bottom=3 content_retained=88.9% success=True
2026-07-22 09:12:15 | INFO     | jewelry_detector.image_processor | Trimmed Object (ảnh gốc): [26, 790, 423, 1175] | AI bbox gốc: [18,690,439,1147]
2026-07-22 09:12:15 | INFO     | jewelry_detector.image_processor | Object refined (OpenCV Trim): [26, 790, 423, 1175]
2026-07-22 09:12:15 | INFO     | jewelry_detector.image_processor | Đã lưu ảnh kết quả: 889972-MOD_perspective_result.jpg
2026-07-22 09:12:15 | INFO     | jewelry_detector.image_processor | Tổng thời gian xử lý: 0.02s
2026-07-22 09:13:52 | INFO     | jewelry_detector.image_processor | Kích thước ảnh: 1790 x 1195 px
2026-07-22 09:13:52 | INFO     | jewelry_detector.image_processor | Panel pixel (AI): [460, 102, 895, 621]
2026-07-22 09:13:52 | INFO     | jewelry_detector.image_processor | Object pixel (AI): [480, 120, 875, 586]
2026-07-22 09:13:52 | INFO     | jewelry_detector.image_processor | Center pixel: [678, 353]
2026-07-22 09:13:52 | INFO     | jewelry_detector.image_processor | OpenCV panel refine IoU = 0.891
2026-07-22 09:13:52 | INFO     | jewelry_detector.image_processor | Panel refined: [443, 101, 912, 642]
2026-07-22 09:13:52 | INFO     | jewelry_detector.image_processor | Panel refined (OpenCV): [443, 101, 912, 642]
2026-07-22 09:13:52 | INFO     | jewelry_detector.image_processor | Clean panel crop: raw_size=469x541 trim_left=20 trim_top=3 trim_right=10 trim_bottom=0 content_retained=99.4% success=True
2026-07-22 09:13:52 | INFO     | jewelry_detector.image_processor | Trimmed Object (ảnh gốc): [463, 220, 902, 525] | AI bbox gốc: [480,120,875,586]
2026-07-22 09:13:52 | INFO     | jewelry_detector.image_processor | Object refined (OpenCV Trim): [463, 220, 902, 525]
2026-07-22 09:13:52 | INFO     | jewelry_detector.image_processor | Đã lưu ảnh kết quả: 889972-MOD_front_result.jpg
2026-07-22 09:13:52 | INFO     | jewelry_detector.image_processor | Tổng thời gian xử lý: 0.02s
2026-07-22 09:13:52 | INFO     | jewelry_detector.image_processor | Kích thước ảnh: 1790 x 1195 px
2026-07-22 09:13:52 | INFO     | jewelry_detector.image_processor | Panel pixel (AI): [895, 102, 1330, 621]
2026-07-22 09:13:52 | INFO     | jewelry_detector.image_processor | Object pixel (AI): [915, 120, 1310, 586]
2026-07-22 09:13:52 | INFO     | jewelry_detector.image_processor | Center pixel: [1112, 353]
2026-07-22 09:13:52 | INFO     | jewelry_detector.image_processor | OpenCV panel refine IoU = 0.891
2026-07-22 09:13:52 | INFO     | jewelry_detector.image_processor | Panel refined: [878, 101, 1347, 642]
2026-07-22 09:13:52 | INFO     | jewelry_detector.image_processor | Panel refined (OpenCV): [878, 101, 1347, 642]
2026-07-22 09:13:52 | INFO     | jewelry_detector.image_processor | Clean panel crop: raw_size=469x541 trim_left=27 trim_top=3 trim_right=4 trim_bottom=0 content_retained=98.9% success=True
2026-07-22 09:13:52 | INFO     | jewelry_detector.image_processor | Trimmed Object (ảnh gốc): [1034, 217, 1188, 527] | AI bbox gốc: [915,120,1310,586]
2026-07-22 09:13:52 | INFO     | jewelry_detector.image_processor | Object refined (OpenCV Trim): [1034, 217, 1188, 527]
2026-07-22 09:13:52 | INFO     | jewelry_detector.image_processor | Đã lưu ảnh kết quả: 889972-MOD_left_result.jpg
2026-07-22 09:13:52 | INFO     | jewelry_detector.image_processor | Tổng thời gian xử lý: 0.02s
2026-07-22 09:13:52 | INFO     | jewelry_detector.image_processor | Kích thước ảnh: 1790 x 1195 px
2026-07-22 09:13:53 | INFO     | jewelry_detector.image_processor | Panel pixel (AI): [1330, 102, 1765, 621]
2026-07-22 09:13:53 | INFO     | jewelry_detector.image_processor | Object pixel (AI): [1350, 120, 1745, 586]
2026-07-22 09:13:53 | INFO     | jewelry_detector.image_processor | Center pixel: [1547, 353]
2026-07-22 09:13:53 | INFO     | jewelry_detector.image_processor | OpenCV panel refine IoU = 0.891
2026-07-22 09:13:53 | INFO     | jewelry_detector.image_processor | Panel refined: [1313, 101, 1782, 642]
2026-07-22 09:13:53 | INFO     | jewelry_detector.image_processor | Panel refined (OpenCV): [1313, 101, 1782, 642]
2026-07-22 09:13:53 | INFO     | jewelry_detector.image_processor | Clean panel crop: raw_size=469x541 trim_left=33 trim_top=3 trim_right=0 trim_bottom=0 content_retained=100.0% success=True
2026-07-22 09:13:53 | INFO     | jewelry_detector.image_processor | Trimmed Object (ảnh gốc): [1348, 294, 1764, 428] | AI bbox gốc: [1350,120,1745,586]
2026-07-22 09:13:53 | INFO     | jewelry_detector.image_processor | Object refined (OpenCV Trim): [1348, 294, 1764, 428]
2026-07-22 09:13:53 | INFO     | jewelry_detector.image_processor | Đã lưu ảnh kết quả: 889972-MOD_top_result.jpg
2026-07-22 09:13:53 | INFO     | jewelry_detector.image_processor | Tổng thời gian xử lý: 0.02s
2026-07-22 09:13:53 | INFO     | jewelry_detector.image_processor | Kích thước ảnh: 1790 x 1195 px
2026-07-22 09:13:53 | INFO     | jewelry_detector.image_processor | Panel pixel (AI): [460, 621, 895, 1177]
2026-07-22 09:13:53 | INFO     | jewelry_detector.image_processor | Object pixel (AI): [480, 639, 875, 1159]
2026-07-22 09:13:53 | INFO     | jewelry_detector.image_processor | Center pixel: [678, 899]
2026-07-22 09:13:53 | INFO     | jewelry_detector.image_processor | OpenCV panel refine IoU = 0.865
2026-07-22 09:13:53 | INFO     | jewelry_detector.image_processor | Panel refined: [443, 599, 912, 1195]
2026-07-22 09:13:53 | INFO     | jewelry_detector.image_processor | Panel refined (OpenCV): [443, 599, 912, 1195]
2026-07-22 09:13:53 | INFO     | jewelry_detector.image_processor | Clean panel crop: raw_size=469x596 trim_left=20 trim_top=46 trim_right=10 trim_bottom=11 content_retained=98.5% success=True
2026-07-22 09:13:53 | INFO     | jewelry_detector.image_processor | Trimmed Object (ảnh gốc): [480, 774, 881, 1057] | AI bbox gốc: [480,645,875,1159]
2026-07-22 09:13:53 | INFO     | jewelry_detector.image_processor | Object refined (OpenCV Trim): [480, 774, 881, 1057]
2026-07-22 09:13:53 | INFO     | jewelry_detector.image_processor | Đã lưu ảnh kết quả: 889972-MOD_back_result.jpg
2026-07-22 09:13:53 | INFO     | jewelry_detector.image_processor | Tổng thời gian xử lý: 0.02s
2026-07-22 09:13:53 | INFO     | jewelry_detector.image_processor | Kích thước ảnh: 1790 x 1195 px
2026-07-22 09:13:53 | INFO     | jewelry_detector.image_processor | Panel pixel (AI): [895, 621, 1330, 1177]
2026-07-22 09:13:53 | INFO     | jewelry_detector.image_processor | Object pixel (AI): [915, 639, 1310, 1159]
2026-07-22 09:13:53 | INFO     | jewelry_detector.image_processor | Center pixel: [1112, 899]
2026-07-22 09:13:53 | INFO     | jewelry_detector.image_processor | OpenCV panel refine IoU = 0.865
2026-07-22 09:13:53 | INFO     | jewelry_detector.image_processor | Panel refined: [878, 599, 1347, 1195]
2026-07-22 09:13:53 | INFO     | jewelry_detector.image_processor | Panel refined (OpenCV): [878, 599, 1347, 1195]
2026-07-22 09:13:53 | INFO     | jewelry_detector.image_processor | Clean panel crop: raw_size=469x596 trim_left=27 trim_top=46 trim_right=4 trim_bottom=11 content_retained=97.1% success=True
2026-07-22 09:13:53 | INFO     | jewelry_detector.image_processor | Trimmed Object (ảnh gốc): [1060, 714, 1208, 1042] | AI bbox gốc: [915,645,1310,1159]
2026-07-22 09:13:53 | INFO     | jewelry_detector.image_processor | Object refined (OpenCV Trim): [1060, 714, 1208, 1042]
2026-07-22 09:13:53 | INFO     | jewelry_detector.image_processor | Đã lưu ảnh kết quả: 889972-MOD_right_result.jpg
2026-07-22 09:13:53 | INFO     | jewelry_detector.image_processor | Tổng thời gian xử lý: 0.02s
2026-07-22 09:13:53 | INFO     | jewelry_detector.image_processor | Kích thước ảnh: 1790 x 1195 px
2026-07-22 09:13:53 | INFO     | jewelry_detector.image_processor | Panel pixel (AI): [1330, 621, 1765, 1177]
2026-07-22 09:13:53 | INFO     | jewelry_detector.image_processor | Object pixel (AI): [1350, 639, 1745, 1159]
2026-07-22 09:13:53 | INFO     | jewelry_detector.image_processor | Center pixel: [1547, 899]
2026-07-22 09:13:53 | INFO     | jewelry_detector.image_processor | OpenCV panel refine IoU = 0.865
2026-07-22 09:13:53 | INFO     | jewelry_detector.image_processor | Panel refined: [1313, 599, 1782, 1195]
2026-07-22 09:13:53 | INFO     | jewelry_detector.image_processor | Panel refined (OpenCV): [1313, 599, 1782, 1195]
2026-07-22 09:13:53 | INFO     | jewelry_detector.image_processor | Clean panel crop: raw_size=469x596 trim_left=33 trim_top=46 trim_right=0 trim_bottom=11 content_retained=97.6% success=True
2026-07-22 09:13:53 | INFO     | jewelry_detector.image_processor | Trimmed Object (ảnh gốc): [1346, 820, 1782, 962] | AI bbox gốc: [1350,645,1745,1159]
2026-07-22 09:13:53 | INFO     | jewelry_detector.image_processor | Object refined (OpenCV Trim): [1346, 820, 1782, 962]
2026-07-22 09:13:53 | INFO     | jewelry_detector.image_processor | Đã lưu ảnh kết quả: 889972-MOD_bottom_result.jpg
2026-07-22 09:13:53 | INFO     | jewelry_detector.image_processor | Tổng thời gian xử lý: 0.02s
2026-07-22 09:13:53 | INFO     | jewelry_detector.image_processor | Kích thước ảnh: 1790 x 1195 px
2026-07-22 09:13:53 | INFO     | jewelry_detector.image_processor | Panel pixel (AI): [0, 621, 460, 1177]
2026-07-22 09:13:53 | INFO     | jewelry_detector.image_processor | Object pixel (AI): [27, 717, 430, 1016]
2026-07-22 09:13:53 | INFO     | jewelry_detector.image_processor | Center pixel: [228, 866]
2026-07-22 09:13:53 | INFO     | jewelry_detector.image_processor | OpenCV panel refine IoU = 0.897
2026-07-22 09:13:53 | INFO     | jewelry_detector.image_processor | Panel refined: [0, 599, 478, 1195]
2026-07-22 09:13:53 | INFO     | jewelry_detector.image_processor | Panel refined (OpenCV): [0, 599, 478, 1195]
2026-07-22 09:13:53 | INFO     | jewelry_detector.image_processor | Clean panel crop: raw_size=478x596 trim_left=11 trim_top=91 trim_right=18 trim_bottom=11 content_retained=87.3% success=True
2026-07-22 09:13:53 | INFO     | jewelry_detector.image_processor | Trimmed Object (ảnh gốc): [43, 790, 423, 1003] | AI bbox gốc: [27,717,430,1016]
2026-07-22 09:13:53 | INFO     | jewelry_detector.image_processor | Object refined (OpenCV Trim): [43, 790, 423, 1003]
2026-07-22 09:13:53 | INFO     | jewelry_detector.image_processor | Đã lưu ảnh kết quả: 889972-MOD_perspective_result.jpg
2026-07-22 09:13:53 | INFO     | jewelry_detector.image_processor | Tổng thời gian xử lý: 0.02s
2026-07-22 09:14:26 | INFO     | jewelry_detector.image_processor | Kích thước ảnh: 1790 x 1195 px
2026-07-22 09:14:26 | INFO     | jewelry_detector.image_processor | Panel pixel (AI): [456, 102, 895, 621]
2026-07-22 09:14:26 | INFO     | jewelry_detector.image_processor | Object pixel (AI): [474, 120, 877, 586]
2026-07-22 09:14:26 | INFO     | jewelry_detector.image_processor | Center pixel: [676, 353]
2026-07-22 09:14:26 | INFO     | jewelry_detector.image_processor | OpenCV panel refine IoU = 0.889
2026-07-22 09:14:26 | INFO     | jewelry_detector.image_processor | Panel refined: [439, 101, 913, 642]
2026-07-22 09:14:26 | INFO     | jewelry_detector.image_processor | Panel refined (OpenCV): [439, 101, 913, 642]
2026-07-22 09:14:26 | INFO     | jewelry_detector.image_processor | Clean panel crop: raw_size=474x541 trim_left=24 trim_top=3 trim_right=11 trim_bottom=0 content_retained=99.3% success=True
2026-07-22 09:14:26 | INFO     | jewelry_detector.image_processor | Trimmed Object (ảnh gốc): [463, 220, 902, 525] | AI bbox gốc: [474,120,877,586]
2026-07-22 09:14:26 | INFO     | jewelry_detector.image_processor | Object refined (OpenCV Trim): [463, 220, 902, 525]
2026-07-22 09:14:26 | INFO     | jewelry_detector.image_processor | Đã lưu ảnh kết quả: 889972-MOD_front_result.jpg
2026-07-22 09:14:26 | INFO     | jewelry_detector.image_processor | Tổng thời gian xử lý: 0.02s
2026-07-22 09:14:26 | INFO     | jewelry_detector.image_processor | Kích thước ảnh: 1790 x 1195 px
2026-07-22 09:14:26 | INFO     | jewelry_detector.image_processor | Panel pixel (AI): [895, 102, 1334, 621]
2026-07-22 09:14:26 | INFO     | jewelry_detector.image_processor | Object pixel (AI): [913, 120, 1316, 586]
2026-07-22 09:14:26 | INFO     | jewelry_detector.image_processor | Center pixel: [1114, 353]
2026-07-22 09:14:26 | INFO     | jewelry_detector.image_processor | OpenCV panel refine IoU = 0.889
2026-07-22 09:14:26 | INFO     | jewelry_detector.image_processor | Panel refined: [877, 101, 1351, 642]
2026-07-22 09:14:26 | INFO     | jewelry_detector.image_processor | Panel refined (OpenCV): [877, 101, 1351, 642]
2026-07-22 09:14:26 | INFO     | jewelry_detector.image_processor | Clean panel crop: raw_size=474x541 trim_left=28 trim_top=3 trim_right=8 trim_bottom=0 content_retained=98.8% success=True
2026-07-22 09:14:26 | INFO     | jewelry_detector.image_processor | Trimmed Object (ảnh gốc): [1034, 217, 1188, 527] | AI bbox gốc: [913,120,1316,586]
2026-07-22 09:14:26 | INFO     | jewelry_detector.image_processor | Object refined (OpenCV Trim): [1034, 217, 1188, 527]
2026-07-22 09:14:26 | INFO     | jewelry_detector.image_processor | Đã lưu ảnh kết quả: 889972-MOD_left_result.jpg
2026-07-22 09:14:26 | INFO     | jewelry_detector.image_processor | Tổng thời gian xử lý: 0.02s
2026-07-22 09:14:26 | INFO     | jewelry_detector.image_processor | Kích thước ảnh: 1790 x 1195 px
2026-07-22 09:14:26 | INFO     | jewelry_detector.image_processor | Panel pixel (AI): [1334, 102, 1772, 621]
2026-07-22 09:14:26 | INFO     | jewelry_detector.image_processor | Object pixel (AI): [1351, 120, 1754, 586]
2026-07-22 09:14:26 | INFO     | jewelry_detector.image_processor | Center pixel: [1553, 353]
2026-07-22 09:14:26 | INFO     | jewelry_detector.image_processor | OpenCV panel refine IoU = 0.857
2026-07-22 09:14:26 | INFO     | jewelry_detector.image_processor | Panel refined: [1316, 81, 1790, 642]
2026-07-22 09:14:26 | INFO     | jewelry_detector.image_processor | Panel refined (OpenCV): [1316, 81, 1790, 642]
2026-07-22 09:14:26 | INFO     | jewelry_detector.image_processor | Clean panel crop: raw_size=474x561 trim_left=30 trim_top=23 trim_right=5 trim_bottom=0 content_retained=100.0% success=True
2026-07-22 09:14:26 | INFO     | jewelry_detector.image_processor | Trimmed Object (ảnh gốc): [1348, 294, 1764, 428] | AI bbox gốc: [1351,120,1754,586]
2026-07-22 09:14:26 | INFO     | jewelry_detector.image_processor | Object refined (OpenCV Trim): [1348, 294, 1764, 428]
2026-07-22 09:14:26 | INFO     | jewelry_detector.image_processor | Đã lưu ảnh kết quả: 889972-MOD_top_result.jpg
2026-07-22 09:14:26 | INFO     | jewelry_detector.image_processor | Tổng thời gian xử lý: 0.02s
2026-07-22 09:14:26 | INFO     | jewelry_detector.image_processor | Kích thước ảnh: 1790 x 1195 px
2026-07-22 09:14:26 | INFO     | jewelry_detector.image_processor | Panel pixel (AI): [456, 621, 895, 1165]
2026-07-22 09:14:26 | INFO     | jewelry_detector.image_processor | Object pixel (AI): [474, 639, 877, 1147]
2026-07-22 09:14:26 | INFO     | jewelry_detector.image_processor | Center pixel: [676, 893]
2026-07-22 09:14:26 | INFO     | jewelry_detector.image_processor | OpenCV panel refine IoU = 0.857
2026-07-22 09:14:26 | INFO     | jewelry_detector.image_processor | Panel refined: [439, 600, 913, 1187]
2026-07-22 09:14:26 | INFO     | jewelry_detector.image_processor | Panel refined (OpenCV): [439, 600, 913, 1187]
2026-07-22 09:14:26 | INFO     | jewelry_detector.image_processor | Clean panel crop: raw_size=474x587 trim_left=24 trim_top=45 trim_right=11 trim_bottom=3 content_retained=99.9% success=True
2026-07-22 09:14:26 | INFO     | jewelry_detector.image_processor | Trimmed Object (ảnh gốc): [480, 774, 881, 1057] | AI bbox gốc: [474,645,877,1147]
2026-07-22 09:14:26 | INFO     | jewelry_detector.image_processor | Object refined (OpenCV Trim): [480, 774, 881, 1057]
2026-07-22 09:14:26 | INFO     | jewelry_detector.image_processor | Đã lưu ảnh kết quả: 889972-MOD_back_result.jpg
2026-07-22 09:14:26 | INFO     | jewelry_detector.image_processor | Tổng thời gian xử lý: 0.02s
2026-07-22 09:14:26 | INFO     | jewelry_detector.image_processor | Kích thước ảnh: 1790 x 1195 px
2026-07-22 09:14:26 | INFO     | jewelry_detector.image_processor | Panel pixel (AI): [895, 621, 1334, 1165]
2026-07-22 09:14:26 | INFO     | jewelry_detector.image_processor | Object pixel (AI): [913, 639, 1316, 1147]
2026-07-22 09:14:26 | INFO     | jewelry_detector.image_processor | Center pixel: [1114, 893]
2026-07-22 09:14:26 | INFO     | jewelry_detector.image_processor | OpenCV panel refine IoU = 0.857
2026-07-22 09:14:26 | INFO     | jewelry_detector.image_processor | Panel refined: [877, 600, 1351, 1187]
2026-07-22 09:14:26 | INFO     | jewelry_detector.image_processor | Panel refined (OpenCV): [877, 600, 1351, 1187]
2026-07-22 09:14:26 | INFO     | jewelry_detector.image_processor | Clean panel crop: raw_size=474x587 trim_left=28 trim_top=45 trim_right=8 trim_bottom=3 content_retained=99.3% success=True
2026-07-22 09:14:26 | INFO     | jewelry_detector.image_processor | Trimmed Object (ảnh gốc): [1060, 714, 1208, 1042] | AI bbox gốc: [913,645,1316,1147]
2026-07-22 09:14:26 | INFO     | jewelry_detector.image_processor | Object refined (OpenCV Trim): [1060, 714, 1208, 1042]
2026-07-22 09:14:26 | INFO     | jewelry_detector.image_processor | Đã lưu ảnh kết quả: 889972-MOD_right_result.jpg
2026-07-22 09:14:26 | INFO     | jewelry_detector.image_processor | Tổng thời gian xử lý: 0.02s
2026-07-22 09:14:26 | INFO     | jewelry_detector.image_processor | Kích thước ảnh: 1790 x 1195 px
2026-07-22 09:14:26 | INFO     | jewelry_detector.image_processor | Panel pixel (AI): [1334, 621, 1772, 1165]
2026-07-22 09:14:26 | INFO     | jewelry_detector.image_processor | Object pixel (AI): [1351, 639, 1754, 1147]
2026-07-22 09:14:26 | INFO     | jewelry_detector.image_processor | Center pixel: [1553, 893]
2026-07-22 09:14:26 | INFO     | jewelry_detector.image_processor | OpenCV panel refine IoU = 0.857
2026-07-22 09:14:26 | INFO     | jewelry_detector.image_processor | Panel refined: [1316, 600, 1790, 1187]
2026-07-22 09:14:26 | INFO     | jewelry_detector.image_processor | Panel refined (OpenCV): [1316, 600, 1790, 1187]
2026-07-22 09:14:26 | INFO     | jewelry_detector.image_processor | Clean panel crop: raw_size=474x587 trim_left=30 trim_top=45 trim_right=5 trim_bottom=3 content_retained=100.0% success=True
2026-07-22 09:14:26 | INFO     | jewelry_detector.image_processor | Trimmed Object (ảnh gốc): [1346, 820, 1782, 962] | AI bbox gốc: [1351,645,1754,1147]
2026-07-22 09:14:26 | INFO     | jewelry_detector.image_processor | Object refined (OpenCV Trim): [1346, 820, 1782, 962]
2026-07-22 09:14:26 | INFO     | jewelry_detector.image_processor | Đã lưu ảnh kết quả: 889972-MOD_bottom_result.jpg
2026-07-22 09:14:26 | INFO     | jewelry_detector.image_processor | Tổng thời gian xử lý: 0.02s
2026-07-22 09:14:26 | INFO     | jewelry_detector.image_processor | Kích thước ảnh: 1790 x 1195 px
2026-07-22 09:14:26 | INFO     | jewelry_detector.image_processor | Panel pixel (AI): [0, 621, 456, 1165]
2026-07-22 09:14:26 | INFO     | jewelry_detector.image_processor | Object pixel (AI): [18, 639, 439, 1147]
2026-07-22 09:14:26 | INFO     | jewelry_detector.image_processor | Center pixel: [228, 893]
2026-07-22 09:14:26 | INFO     | jewelry_detector.image_processor | OpenCV panel refine IoU = 0.890
2026-07-22 09:14:26 | INFO     | jewelry_detector.image_processor | Panel refined: [0, 600, 475, 1187]
2026-07-22 09:14:26 | INFO     | jewelry_detector.image_processor | Panel refined (OpenCV): [0, 600, 475, 1187]
2026-07-22 09:14:26 | INFO     | jewelry_detector.image_processor | Clean panel crop: raw_size=475x587 trim_left=11 trim_top=90 trim_right=15 trim_bottom=3 content_retained=88.9% success=True
2026-07-22 09:14:26 | INFO     | jewelry_detector.image_processor | Trimmed Object (ảnh gốc): [26, 790, 423, 1175] | AI bbox gốc: [18,690,439,1147]
2026-07-22 09:14:26 | INFO     | jewelry_detector.image_processor | Object refined (OpenCV Trim): [26, 790, 423, 1175]
2026-07-22 09:14:26 | INFO     | jewelry_detector.image_processor | Đã lưu ảnh kết quả: 889972-MOD_perspective_result.jpg
2026-07-22 09:14:26 | INFO     | jewelry_detector.image_processor | Tổng thời gian xử lý: 0.02s
2026-07-22 09:18:22 | INFO     | jewelry_detector.image_processor | Kích thước ảnh: 1781 x 1187 px
2026-07-22 09:18:22 | INFO     | jewelry_detector.image_processor | Panel pixel (AI): [445, 95, 890, 617]
2026-07-22 09:18:22 | INFO     | jewelry_detector.image_processor | Object pixel (AI): [463, 119, 873, 594]
2026-07-22 09:18:22 | INFO     | jewelry_detector.image_processor | Center pixel: [668, 356]
2026-07-22 09:18:22 | INFO     | jewelry_detector.image_processor | OpenCV panel refine IoU = 0.857
2026-07-22 09:18:22 | INFO     | jewelry_detector.image_processor | Panel refined: [427, 74, 908, 638]
2026-07-22 09:18:22 | INFO     | jewelry_detector.image_processor | Panel refined (OpenCV): [427, 74, 908, 638]
2026-07-22 09:18:22 | INFO     | jewelry_detector.image_processor | Clean panel crop: raw_size=481x564 trim_left=31 trim_top=31 trim_right=15 trim_bottom=0 content_retained=98.3% success=True
2026-07-22 09:18:22 | INFO     | jewelry_detector.image_processor | Trimmed Object (ảnh gốc): [458, 219, 893, 522] | AI bbox gốc: [463,119,873,593]
2026-07-22 09:18:22 | INFO     | jewelry_detector.image_processor | Object refined (OpenCV Trim): [458, 219, 893, 522]
2026-07-22 09:18:22 | INFO     | jewelry_detector.image_processor | Đã lưu ảnh kết quả: 889971-MOD_front_result.jpg
2026-07-22 09:18:22 | INFO     | jewelry_detector.image_processor | Tổng thời gian xử lý: 0.05s
2026-07-22 09:18:22 | INFO     | jewelry_detector.image_processor | Kích thước ảnh: 1781 x 1187 px
2026-07-22 09:18:22 | INFO     | jewelry_detector.image_processor | Panel pixel (AI): [890, 95, 1336, 617]
2026-07-22 09:18:22 | INFO     | jewelry_detector.image_processor | Object pixel (AI): [908, 119, 1318, 594]
2026-07-22 09:18:22 | INFO     | jewelry_detector.image_processor | Center pixel: [1113, 356]
2026-07-22 09:18:22 | INFO     | jewelry_detector.image_processor | OpenCV panel refine IoU = 0.857
2026-07-22 09:18:22 | INFO     | jewelry_detector.image_processor | Panel refined: [873, 74, 1354, 638]
2026-07-22 09:18:22 | INFO     | jewelry_detector.image_processor | Panel refined (OpenCV): [873, 74, 1354, 638]
2026-07-22 09:18:22 | INFO     | jewelry_detector.image_processor | Clean panel crop: raw_size=481x564 trim_left=23 trim_top=31 trim_right=0 trim_bottom=0 content_retained=98.9% success=True
2026-07-22 09:18:22 | INFO     | jewelry_detector.image_processor | Trimmed Object (ảnh gốc): [1025, 217, 1178, 524] | AI bbox gốc: [908,119,1318,593]
2026-07-22 09:18:22 | INFO     | jewelry_detector.image_processor | Object refined (OpenCV Trim): [1025, 217, 1178, 524]
2026-07-22 09:18:22 | INFO     | jewelry_detector.image_processor | Đã lưu ảnh kết quả: 889971-MOD_left_result.jpg
2026-07-22 09:18:22 | INFO     | jewelry_detector.image_processor | Tổng thời gian xử lý: 0.02s
2026-07-22 09:18:22 | INFO     | jewelry_detector.image_processor | Kích thước ảnh: 1781 x 1187 px
2026-07-22 09:18:22 | INFO     | jewelry_detector.image_processor | Panel pixel (AI): [1336, 95, 1781, 617]
2026-07-22 09:18:22 | INFO     | jewelry_detector.image_processor | Object pixel (AI): [1354, 119, 1763, 594]
2026-07-22 09:18:22 | INFO     | jewelry_detector.image_processor | Center pixel: [1558, 356]
2026-07-22 09:18:22 | INFO     | jewelry_detector.image_processor | OpenCV panel refine IoU = 0.891
2026-07-22 09:18:22 | INFO     | jewelry_detector.image_processor | Panel refined: [1318, 74, 1781, 638]
2026-07-22 09:18:22 | INFO     | jewelry_detector.image_processor | Panel refined (OpenCV): [1318, 74, 1781, 638]
2026-07-22 09:18:22 | INFO     | jewelry_detector.image_processor | Clean panel crop: raw_size=463x564 trim_left=0 trim_top=31 trim_right=11 trim_bottom=0 content_retained=91.8% success=True
2026-07-22 09:18:22 | INFO     | jewelry_detector.image_processor | Trimmed Object (ảnh gốc): [1324, 282, 1762, 415] | AI bbox gốc: [1354,119,1763,593]
2026-07-22 09:18:22 | INFO     | jewelry_detector.image_processor | Object refined (OpenCV Trim): [1324, 282, 1762, 415]
2026-07-22 09:18:22 | INFO     | jewelry_detector.image_processor | Đã lưu ảnh kết quả: 889971-MOD_top_result.jpg
2026-07-22 09:18:22 | INFO     | jewelry_detector.image_processor | Tổng thời gian xử lý: 0.02s
2026-07-22 09:18:22 | INFO     | jewelry_detector.image_processor | Kích thước ảnh: 1781 x 1187 px
2026-07-22 09:18:22 | INFO     | jewelry_detector.image_processor | Panel pixel (AI): [445, 617, 890, 1116]
2026-07-22 09:18:22 | INFO     | jewelry_detector.image_processor | Object pixel (AI): [463, 641, 873, 1092]
2026-07-22 09:18:22 | INFO     | jewelry_detector.image_processor | Center pixel: [668, 867]
2026-07-22 09:18:22 | INFO     | jewelry_detector.image_processor | OpenCV panel refine IoU = 0.856
2026-07-22 09:18:22 | INFO     | jewelry_detector.image_processor | Panel refined: [427, 597, 908, 1136]
2026-07-22 09:18:22 | INFO     | jewelry_detector.image_processor | Panel refined (OpenCV): [427, 597, 908, 1136]
2026-07-22 09:18:22 | INFO     | jewelry_detector.image_processor | Clean panel crop: raw_size=481x539 trim_left=31 trim_top=45 trim_right=15 trim_bottom=0 content_retained=99.8% success=True
2026-07-22 09:18:22 | INFO     | jewelry_detector.image_processor | Trimmed Object (ảnh gốc): [471, 734, 870, 1016] | AI bbox gốc: [463,642,873,1092]
2026-07-22 09:18:22 | INFO     | jewelry_detector.image_processor | Object refined (OpenCV Trim): [471, 734, 870, 1016]
2026-07-22 09:18:22 | INFO     | jewelry_detector.image_processor | Đã lưu ảnh kết quả: 889971-MOD_back_result.jpg
2026-07-22 09:18:22 | INFO     | jewelry_detector.image_processor | Tổng thời gian xử lý: 0.02s
2026-07-22 09:18:22 | INFO     | jewelry_detector.image_processor | Kích thước ảnh: 1781 x 1187 px
2026-07-22 09:18:22 | INFO     | jewelry_detector.image_processor | Panel pixel (AI): [890, 617, 1336, 1116]
2026-07-22 09:18:22 | INFO     | jewelry_detector.image_processor | Object pixel (AI): [908, 641, 1318, 1092]
2026-07-22 09:18:22 | INFO     | jewelry_detector.image_processor | Center pixel: [1113, 867]
2026-07-22 09:18:22 | INFO     | jewelry_detector.image_processor | OpenCV panel refine IoU = 0.856
2026-07-22 09:18:22 | INFO     | jewelry_detector.image_processor | Panel refined: [873, 597, 1354, 1136]
2026-07-22 09:18:22 | INFO     | jewelry_detector.image_processor | Panel refined (OpenCV): [873, 597, 1354, 1136]
2026-07-22 09:18:22 | INFO     | jewelry_detector.image_processor | Clean panel crop: raw_size=481x539 trim_left=23 trim_top=45 trim_right=23 trim_bottom=0 content_retained=95.2% success=True
2026-07-22 09:18:22 | INFO     | jewelry_detector.image_processor | Trimmed Object (ảnh gốc): [1051, 710, 1197, 1036] | AI bbox gốc: [908,642,1318,1092]
2026-07-22 09:18:22 | INFO     | jewelry_detector.image_processor | Object refined (OpenCV Trim): [1051, 710, 1197, 1036]
2026-07-22 09:18:22 | INFO     | jewelry_detector.image_processor | Đã lưu ảnh kết quả: 889971-MOD_right_result.jpg
2026-07-22 09:18:22 | INFO     | jewelry_detector.image_processor | Tổng thời gian xử lý: 0.08s
2026-07-22 09:18:22 | INFO     | jewelry_detector.image_processor | Kích thước ảnh: 1781 x 1187 px
2026-07-22 09:18:22 | INFO     | jewelry_detector.image_processor | Panel pixel (AI): [1336, 617, 1781, 1116]
2026-07-22 09:18:22 | INFO     | jewelry_detector.image_processor | Object pixel (AI): [1354, 641, 1763, 1092]
2026-07-22 09:18:22 | INFO     | jewelry_detector.image_processor | Center pixel: [1558, 867]
2026-07-22 09:18:22 | INFO     | jewelry_detector.image_processor | OpenCV panel refine IoU = 0.889
2026-07-22 09:18:22 | INFO     | jewelry_detector.image_processor | Panel refined: [1318, 597, 1781, 1136]
2026-07-22 09:18:22 | INFO     | jewelry_detector.image_processor | Panel refined (OpenCV): [1318, 597, 1781, 1136]
2026-07-22 09:18:22 | INFO     | jewelry_detector.image_processor | Clean panel crop: raw_size=463x539 trim_left=16 trim_top=45 trim_right=11 trim_bottom=0 content_retained=91.9% success=True
2026-07-22 09:18:22 | INFO     | jewelry_detector.image_processor | Trimmed Object (ảnh gốc): [1334, 815, 1767, 956] | AI bbox gốc: [1354,642,1763,1092]
2026-07-22 09:18:22 | INFO     | jewelry_detector.image_processor | Object refined (OpenCV Trim): [1334, 815, 1767, 956]
2026-07-22 09:18:22 | INFO     | jewelry_detector.image_processor | Đã lưu ảnh kết quả: 889971-MOD_bottom_result.jpg
2026-07-22 09:18:22 | INFO     | jewelry_detector.image_processor | Tổng thời gian xử lý: 0.09s
2026-07-22 09:18:22 | INFO     | jewelry_detector.image_processor | Kích thước ảnh: 1781 x 1187 px
2026-07-22 09:18:22 | INFO     | jewelry_detector.image_processor | Panel pixel (AI): [0, 617, 445, 1116]
2026-07-22 09:18:22 | INFO     | jewelry_detector.image_processor | Object pixel (AI): [18, 641, 427, 1092]
2026-07-22 09:18:22 | INFO     | jewelry_detector.image_processor | Center pixel: [223, 867]
2026-07-22 09:18:22 | INFO     | jewelry_detector.image_processor | OpenCV panel refine IoU = 0.889
2026-07-22 09:18:22 | INFO     | jewelry_detector.image_processor | Panel refined: [0, 597, 463, 1136]
2026-07-22 09:18:22 | INFO     | jewelry_detector.image_processor | Panel refined (OpenCV): [0, 597, 463, 1136]
2026-07-22 09:18:22 | INFO     | jewelry_detector.image_processor | Clean panel crop: raw_size=463x539 trim_left=4 trim_top=90 trim_right=8 trim_bottom=0 content_retained=89.2% success=True
2026-07-22 09:18:22 | INFO     | jewelry_detector.image_processor | Trimmed Object (ảnh gốc): [40, 786, 418, 998] | AI bbox gốc: [18,687,427,1092]
2026-07-22 09:18:22 | INFO     | jewelry_detector.image_processor | Object refined (OpenCV Trim): [40, 786, 418, 998]
2026-07-22 09:18:22 | INFO     | jewelry_detector.image_processor | Đã lưu ảnh kết quả: 889971-MOD_perspective_result.jpg
2026-07-22 09:18:22 | INFO     | jewelry_detector.image_processor | Tổng thời gian xử lý: 0.09s
2026-07-22 10:53:38 | INFO     | jewelry_detector.image_processor | Kích thước ảnh: 1790 x 1195 px
2026-07-22 10:53:38 | INFO     | jewelry_detector.image_processor | Panel pixel (AI): [456, 96, 895, 621]
2026-07-22 10:53:38 | INFO     | jewelry_detector.image_processor | Object pixel (AI): [465, 120, 886, 574]
2026-07-22 10:53:38 | INFO     | jewelry_detector.image_processor | Center pixel: [676, 347]
2026-07-22 10:53:38 | INFO     | jewelry_detector.image_processor | OpenCV panel refine IoU = 0.882
2026-07-22 10:53:38 | INFO     | jewelry_detector.image_processor | Panel refined: [439, 101, 913, 642]
2026-07-22 10:53:38 | INFO     | jewelry_detector.image_processor | Panel refined (OpenCV): [439, 101, 913, 642]
2026-07-22 10:53:38 | INFO     | jewelry_detector.image_processor | Clean panel crop: raw_size=474x541 trim_left=24 trim_top=3 trim_right=11 trim_bottom=0 content_retained=99.3% success=True
2026-07-22 10:53:38 | INFO     | jewelry_detector.image_processor | Trimmed Object (ảnh gốc): [463, 219, 902, 525] | AI bbox gốc: [465,120,886,574]
2026-07-22 10:53:38 | INFO     | jewelry_detector.image_processor | Object refined (OpenCV Trim): [463, 219, 902, 525]
2026-07-22 10:53:38 | INFO     | jewelry_detector.image_processor | Đã lưu ảnh kết quả: 889972-MOD_front_result.jpg
2026-07-22 10:53:38 | INFO     | jewelry_detector.image_processor | Tổng thời gian xử lý: 0.07s
2026-07-22 10:53:38 | INFO     | jewelry_detector.image_processor | Kích thước ảnh: 1790 x 1195 px
2026-07-22 10:53:38 | INFO     | jewelry_detector.image_processor | Panel pixel (AI): [895, 96, 1334, 621]
2026-07-22 10:53:38 | INFO     | jewelry_detector.image_processor | Object pixel (AI): [904, 120, 1325, 574]
2026-07-22 10:53:38 | INFO     | jewelry_detector.image_processor | Center pixel: [1114, 347]
2026-07-22 10:53:38 | INFO     | jewelry_detector.image_processor | OpenCV panel refine IoU = 0.882
2026-07-22 10:53:38 | INFO     | jewelry_detector.image_processor | Panel refined: [877, 101, 1351, 642]
2026-07-22 10:53:38 | INFO     | jewelry_detector.image_processor | Panel refined (OpenCV): [877, 101, 1351, 642]
2026-07-22 10:53:38 | INFO     | jewelry_detector.image_processor | Clean panel crop: raw_size=474x541 trim_left=28 trim_top=3 trim_right=8 trim_bottom=0 content_retained=98.8% success=True
2026-07-22 10:53:38 | INFO     | jewelry_detector.image_processor | Trimmed Object (ảnh gốc): [1034, 217, 1188, 527] | AI bbox gốc: [905,120,1325,574]
2026-07-22 10:53:38 | INFO     | jewelry_detector.image_processor | Object refined (OpenCV Trim): [1034, 217, 1188, 527]
2026-07-22 10:53:38 | INFO     | jewelry_detector.image_processor | Đã lưu ảnh kết quả: 889972-MOD_left_result.jpg
2026-07-22 10:53:38 | INFO     | jewelry_detector.image_processor | Tổng thời gian xử lý: 0.02s
2026-07-22 10:53:38 | INFO     | jewelry_detector.image_processor | Kích thước ảnh: 1790 x 1195 px
2026-07-22 10:53:38 | INFO     | jewelry_detector.image_processor | Panel pixel (AI): [1334, 96, 1772, 621]
2026-07-22 10:53:38 | INFO     | jewelry_detector.image_processor | Object pixel (AI): [1342, 120, 1763, 574]
2026-07-22 10:53:38 | INFO     | jewelry_detector.image_processor | Center pixel: [1553, 347]
2026-07-22 10:53:38 | INFO     | jewelry_detector.image_processor | OpenCV panel refine IoU = 0.858
2026-07-22 10:53:38 | INFO     | jewelry_detector.image_processor | Panel refined: [1316, 75, 1790, 642]
2026-07-22 10:53:38 | INFO     | jewelry_detector.image_processor | Panel refined (OpenCV): [1316, 75, 1790, 642]
2026-07-22 10:53:38 | INFO     | jewelry_detector.image_processor | Clean panel crop: raw_size=474x567 trim_left=30 trim_top=29 trim_right=5 trim_bottom=0 content_retained=100.0% success=True
2026-07-22 10:53:38 | INFO     | jewelry_detector.image_processor | Trimmed Object (ảnh gốc): [1348, 294, 1764, 428] | AI bbox gốc: [1346,120,1763,574]
2026-07-22 10:53:38 | INFO     | jewelry_detector.image_processor | Object refined (OpenCV Trim): [1348, 294, 1764, 428]
2026-07-22 10:53:38 | INFO     | jewelry_detector.image_processor | Đã lưu ảnh kết quả: 889972-MOD_top_result.jpg
2026-07-22 10:53:38 | INFO     | jewelry_detector.image_processor | Tổng thời gian xử lý: 0.02s
2026-07-22 10:53:38 | INFO     | jewelry_detector.image_processor | Kích thước ảnh: 1790 x 1195 px
2026-07-22 10:53:38 | INFO     | jewelry_detector.image_processor | Panel pixel (AI): [456, 621, 895, 1171]
2026-07-22 10:53:38 | INFO     | jewelry_detector.image_processor | Object pixel (AI): [465, 645, 886, 1147]
2026-07-22 10:53:38 | INFO     | jewelry_detector.image_processor | Center pixel: [676, 896]
2026-07-22 10:53:38 | INFO     | jewelry_detector.image_processor | OpenCV panel refine IoU = 0.856
2026-07-22 10:53:38 | INFO     | jewelry_detector.image_processor | Panel refined: [439, 599, 913, 1193]
2026-07-22 10:53:38 | INFO     | jewelry_detector.image_processor | Panel refined (OpenCV): [439, 599, 913, 1193]
2026-07-22 10:53:38 | INFO     | jewelry_detector.image_processor | Clean panel crop: raw_size=474x594 trim_left=24 trim_top=46 trim_right=11 trim_bottom=9 content_retained=99.9% success=True
2026-07-22 10:53:38 | INFO     | jewelry_detector.image_processor | Trimmed Object (ảnh gốc): [480, 774, 881, 1057] | AI bbox gốc: [465,645,886,1147]
2026-07-22 10:53:38 | INFO     | jewelry_detector.image_processor | Object refined (OpenCV Trim): [480, 774, 881, 1057]
2026-07-22 10:53:38 | INFO     | jewelry_detector.image_processor | Đã lưu ảnh kết quả: 889972-MOD_back_result.jpg
2026-07-22 10:53:38 | INFO     | jewelry_detector.image_processor | Tổng thời gian xử lý: 0.02s
2026-07-22 10:53:38 | INFO     | jewelry_detector.image_processor | Kích thước ảnh: 1790 x 1195 px
2026-07-22 10:53:38 | INFO     | jewelry_detector.image_processor | Panel pixel (AI): [895, 621, 1334, 1171]
2026-07-22 10:53:38 | INFO     | jewelry_detector.image_processor | Object pixel (AI): [904, 645, 1325, 1147]
2026-07-22 10:53:38 | INFO     | jewelry_detector.image_processor | Center pixel: [1114, 896]
2026-07-22 10:53:38 | INFO     | jewelry_detector.image_processor | OpenCV panel refine IoU = 0.856
2026-07-22 10:53:38 | INFO     | jewelry_detector.image_processor | Panel refined: [877, 599, 1351, 1193]
2026-07-22 10:53:38 | INFO     | jewelry_detector.image_processor | Panel refined (OpenCV): [877, 599, 1351, 1193]
2026-07-22 10:53:38 | INFO     | jewelry_detector.image_processor | Clean panel crop: raw_size=474x594 trim_left=28 trim_top=46 trim_right=0 trim_bottom=9 content_retained=100.0% success=True
2026-07-22 10:53:38 | INFO     | jewelry_detector.image_processor | Trimmed Object (ảnh gốc): [1060, 714, 1208, 1042] | AI bbox gốc: [905,645,1325,1147]
2026-07-22 10:53:38 | INFO     | jewelry_detector.image_processor | Object refined (OpenCV Trim): [1060, 714, 1208, 1042]
2026-07-22 10:53:38 | INFO     | jewelry_detector.image_processor | Đã lưu ảnh kết quả: 889972-MOD_right_result.jpg
2026-07-22 10:53:38 | INFO     | jewelry_detector.image_processor | Tổng thời gian xử lý: 0.02s
2026-07-22 10:53:38 | INFO     | jewelry_detector.image_processor | Kích thước ảnh: 1790 x 1195 px
2026-07-22 10:53:38 | INFO     | jewelry_detector.image_processor | Panel pixel (AI): [1334, 621, 1772, 1171]
2026-07-22 10:53:38 | INFO     | jewelry_detector.image_processor | Object pixel (AI): [1342, 645, 1763, 1147]
2026-07-22 10:53:38 | INFO     | jewelry_detector.image_processor | Center pixel: [1553, 896]
2026-07-22 10:53:38 | INFO     | jewelry_detector.image_processor | OpenCV panel refine IoU = 0.856
2026-07-22 10:53:38 | INFO     | jewelry_detector.image_processor | Panel refined: [1316, 599, 1790, 1193]
2026-07-22 10:53:38 | INFO     | jewelry_detector.image_processor | Panel refined (OpenCV): [1316, 599, 1790, 1193]
2026-07-22 10:53:38 | INFO     | jewelry_detector.image_processor | Clean panel crop: raw_size=474x594 trim_left=0 trim_top=46 trim_right=5 trim_bottom=9 content_retained=100.0% success=True
2026-07-22 10:53:38 | INFO     | jewelry_detector.image_processor | Trimmed Object (ảnh gốc): [1339, 818, 1782, 962] | AI bbox gốc: [1342,645,1763,1147]
2026-07-22 10:53:38 | INFO     | jewelry_detector.image_processor | Object refined (OpenCV Trim): [1339, 818, 1782, 962]
2026-07-22 10:53:38 | INFO     | jewelry_detector.image_processor | Đã lưu ảnh kết quả: 889972-MOD_bottom_result.jpg
2026-07-22 10:53:38 | INFO     | jewelry_detector.image_processor | Tổng thời gian xử lý: 0.02s
2026-07-22 10:53:38 | INFO     | jewelry_detector.image_processor | Kích thước ảnh: 1790 x 1195 px
2026-07-22 10:53:38 | INFO     | jewelry_detector.image_processor | Panel pixel (AI): [0, 621, 456, 1171]
2026-07-22 10:53:38 | INFO     | jewelry_detector.image_processor | Object pixel (AI): [18, 645, 439, 1147]
2026-07-22 10:53:38 | INFO     | jewelry_detector.image_processor | Center pixel: [228, 896]
2026-07-22 10:53:38 | INFO     | jewelry_detector.image_processor | OpenCV panel refine IoU = 0.889
2026-07-22 10:53:38 | INFO     | jewelry_detector.image_processor | Panel refined: [0, 599, 475, 1193]
2026-07-22 10:53:38 | INFO     | jewelry_detector.image_processor | Panel refined (OpenCV): [0, 599, 475, 1193]
2026-07-22 10:53:38 | INFO     | jewelry_detector.image_processor | Clean panel crop: raw_size=475x594 trim_left=11 trim_top=91 trim_right=15 trim_bottom=9 content_retained=88.7% success=True
2026-07-22 10:53:38 | INFO     | jewelry_detector.image_processor | Trimmed Object (ảnh gốc): [26, 790, 423, 1175] | AI bbox gốc: [18,690,439,1147]
2026-07-22 10:53:38 | INFO     | jewelry_detector.image_processor | Object refined (OpenCV Trim): [26, 790, 423, 1175]
2026-07-22 10:53:38 | INFO     | jewelry_detector.image_processor | Đã lưu ảnh kết quả: 889972-MOD_perspective_result.jpg
2026-07-22 10:53:38 | INFO     | jewelry_detector.image_processor | Tổng thời gian xử lý: 0.02s
2026-07-22 10:54:32 | INFO     | jewelry_detector.image_processor | Kích thước ảnh: 1790 x 1195 px
2026-07-22 10:54:33 | INFO     | jewelry_detector.image_processor | Panel pixel (AI): [456, 96, 895, 621]
2026-07-22 10:54:33 | INFO     | jewelry_detector.image_processor | Object pixel (AI): [465, 120, 886, 586]
2026-07-22 10:54:33 | INFO     | jewelry_detector.image_processor | Center pixel: [676, 353]
2026-07-22 10:54:33 | INFO     | jewelry_detector.image_processor | OpenCV panel refine IoU = 0.882
2026-07-22 10:54:33 | INFO     | jewelry_detector.image_processor | Panel refined: [439, 101, 913, 642]
2026-07-22 10:54:33 | INFO     | jewelry_detector.image_processor | Panel refined (OpenCV): [439, 101, 913, 642]
2026-07-22 10:54:33 | INFO     | jewelry_detector.image_processor | Clean panel crop: raw_size=474x541 trim_left=24 trim_top=3 trim_right=11 trim_bottom=0 content_retained=99.3% success=True
2026-07-22 10:54:33 | INFO     | jewelry_detector.image_processor | Trimmed Object (ảnh gốc): [463, 219, 902, 525] | AI bbox gốc: [465,120,886,586]
2026-07-22 10:54:33 | INFO     | jewelry_detector.image_processor | Object refined (OpenCV Trim): [463, 219, 902, 525]
2026-07-22 10:54:33 | INFO     | jewelry_detector.image_processor | Đã lưu ảnh kết quả: 889972-MOD_front_result.jpg
2026-07-22 10:54:33 | INFO     | jewelry_detector.image_processor | Tổng thời gian xử lý: 0.02s
2026-07-22 10:54:33 | INFO     | jewelry_detector.image_processor | Kích thước ảnh: 1790 x 1195 px
2026-07-22 10:54:33 | INFO     | jewelry_detector.image_processor | Panel pixel (AI): [895, 96, 1334, 621]
2026-07-22 10:54:33 | INFO     | jewelry_detector.image_processor | Object pixel (AI): [904, 120, 1325, 586]
2026-07-22 10:54:33 | INFO     | jewelry_detector.image_processor | Center pixel: [1114, 353]
2026-07-22 10:54:33 | INFO     | jewelry_detector.image_processor | OpenCV panel refine IoU = 0.882
2026-07-22 10:54:33 | INFO     | jewelry_detector.image_processor | Panel refined: [877, 101, 1351, 642]
2026-07-22 10:54:33 | INFO     | jewelry_detector.image_processor | Panel refined (OpenCV): [877, 101, 1351, 642]
2026-07-22 10:54:33 | INFO     | jewelry_detector.image_processor | Clean panel crop: raw_size=474x541 trim_left=28 trim_top=3 trim_right=8 trim_bottom=0 content_retained=98.8% success=True
2026-07-22 10:54:33 | INFO     | jewelry_detector.image_processor | Trimmed Object (ảnh gốc): [1034, 217, 1188, 527] | AI bbox gốc: [905,120,1325,586]
2026-07-22 10:54:33 | INFO     | jewelry_detector.image_processor | Object refined (OpenCV Trim): [1034, 217, 1188, 527]
2026-07-22 10:54:33 | INFO     | jewelry_detector.image_processor | Đã lưu ảnh kết quả: 889972-MOD_left_result.jpg
2026-07-22 10:54:33 | INFO     | jewelry_detector.image_processor | Tổng thời gian xử lý: 0.02s
2026-07-22 10:54:33 | INFO     | jewelry_detector.image_processor | Kích thước ảnh: 1790 x 1195 px
2026-07-22 10:54:33 | INFO     | jewelry_detector.image_processor | Panel pixel (AI): [1334, 96, 1772, 621]
2026-07-22 10:54:33 | INFO     | jewelry_detector.image_processor | Object pixel (AI): [1342, 120, 1763, 586]
2026-07-22 10:54:33 | INFO     | jewelry_detector.image_processor | Center pixel: [1553, 353]
2026-07-22 10:54:33 | INFO     | jewelry_detector.image_processor | OpenCV panel refine IoU = 0.858
2026-07-22 10:54:33 | INFO     | jewelry_detector.image_processor | Panel refined: [1316, 75, 1790, 642]
2026-07-22 10:54:33 | INFO     | jewelry_detector.image_processor | Panel refined (OpenCV): [1316, 75, 1790, 642]
2026-07-22 10:54:33 | INFO     | jewelry_detector.image_processor | Clean panel crop: raw_size=474x567 trim_left=30 trim_top=29 trim_right=5 trim_bottom=0 content_retained=100.0% success=True
2026-07-22 10:54:33 | INFO     | jewelry_detector.image_processor | Trimmed Object (ảnh gốc): [1348, 294, 1764, 428] | AI bbox gốc: [1346,120,1763,586]
2026-07-22 10:54:33 | INFO     | jewelry_detector.image_processor | Object refined (OpenCV Trim): [1348, 294, 1764, 428]
2026-07-22 10:54:33 | INFO     | jewelry_detector.image_processor | Đã lưu ảnh kết quả: 889972-MOD_top_result.jpg
2026-07-22 10:54:33 | INFO     | jewelry_detector.image_processor | Tổng thời gian xử lý: 0.02s
2026-07-22 10:54:33 | INFO     | jewelry_detector.image_processor | Kích thước ảnh: 1790 x 1195 px
2026-07-22 10:54:33 | INFO     | jewelry_detector.image_processor | Panel pixel (AI): [456, 621, 895, 1171]
2026-07-22 10:54:33 | INFO     | jewelry_detector.image_processor | Object pixel (AI): [465, 645, 886, 1159]
2026-07-22 10:54:33 | INFO     | jewelry_detector.image_processor | Center pixel: [676, 902]
2026-07-22 10:54:33 | INFO     | jewelry_detector.image_processor | OpenCV panel refine IoU = 0.856
2026-07-22 10:54:33 | INFO     | jewelry_detector.image_processor | Panel refined: [439, 599, 913, 1193]
2026-07-22 10:54:33 | INFO     | jewelry_detector.image_processor | Panel refined (OpenCV): [439, 599, 913, 1193]
2026-07-22 10:54:33 | INFO     | jewelry_detector.image_processor | Clean panel crop: raw_size=474x594 trim_left=24 trim_top=46 trim_right=11 trim_bottom=9 content_retained=99.9% success=True
2026-07-22 10:54:33 | INFO     | jewelry_detector.image_processor | Trimmed Object (ảnh gốc): [480, 774, 881, 1057] | AI bbox gốc: [465,645,886,1159]
2026-07-22 10:54:33 | INFO     | jewelry_detector.image_processor | Object refined (OpenCV Trim): [480, 774, 881, 1057]
2026-07-22 10:54:33 | INFO     | jewelry_detector.image_processor | Đã lưu ảnh kết quả: 889972-MOD_back_result.jpg
2026-07-22 10:54:33 | INFO     | jewelry_detector.image_processor | Tổng thời gian xử lý: 0.02s
2026-07-22 10:54:33 | INFO     | jewelry_detector.image_processor | Kích thước ảnh: 1790 x 1195 px
2026-07-22 10:54:33 | INFO     | jewelry_detector.image_processor | Panel pixel (AI): [895, 621, 1334, 1171]
2026-07-22 10:54:33 | INFO     | jewelry_detector.image_processor | Object pixel (AI): [904, 645, 1325, 1159]
2026-07-22 10:54:33 | INFO     | jewelry_detector.image_processor | Center pixel: [1114, 902]
2026-07-22 10:54:33 | INFO     | jewelry_detector.image_processor | OpenCV panel refine IoU = 0.856
2026-07-22 10:54:33 | INFO     | jewelry_detector.image_processor | Panel refined: [877, 599, 1351, 1193]
2026-07-22 10:54:33 | INFO     | jewelry_detector.image_processor | Panel refined (OpenCV): [877, 599, 1351, 1193]
2026-07-22 10:54:33 | INFO     | jewelry_detector.image_processor | Clean panel crop: raw_size=474x594 trim_left=28 trim_top=46 trim_right=0 trim_bottom=9 content_retained=100.0% success=True
2026-07-22 10:54:33 | INFO     | jewelry_detector.image_processor | Trimmed Object (ảnh gốc): [1060, 714, 1208, 1042] | AI bbox gốc: [905,645,1325,1159]
2026-07-22 10:54:33 | INFO     | jewelry_detector.image_processor | Object refined (OpenCV Trim): [1060, 714, 1208, 1042]
2026-07-22 10:54:33 | INFO     | jewelry_detector.image_processor | Đã lưu ảnh kết quả: 889972-MOD_right_result.jpg
2026-07-22 10:54:33 | INFO     | jewelry_detector.image_processor | Tổng thời gian xử lý: 0.02s
2026-07-22 10:54:33 | INFO     | jewelry_detector.image_processor | Kích thước ảnh: 1790 x 1195 px
2026-07-22 10:54:33 | INFO     | jewelry_detector.image_processor | Panel pixel (AI): [1334, 621, 1772, 1171]
2026-07-22 10:54:33 | INFO     | jewelry_detector.image_processor | Object pixel (AI): [1342, 645, 1763, 1159]
2026-07-22 10:54:33 | INFO     | jewelry_detector.image_processor | Center pixel: [1553, 902]
2026-07-22 10:54:33 | INFO     | jewelry_detector.image_processor | OpenCV panel refine IoU = 0.856
2026-07-22 10:54:33 | INFO     | jewelry_detector.image_processor | Panel refined: [1316, 599, 1790, 1193]
2026-07-22 10:54:33 | INFO     | jewelry_detector.image_processor | Panel refined (OpenCV): [1316, 599, 1790, 1193]
2026-07-22 10:54:33 | INFO     | jewelry_detector.image_processor | Clean panel crop: raw_size=474x594 trim_left=0 trim_top=46 trim_right=5 trim_bottom=9 content_retained=100.0% success=True
2026-07-22 10:54:33 | INFO     | jewelry_detector.image_processor | Trimmed Object (ảnh gốc): [1339, 818, 1782, 962] | AI bbox gốc: [1342,645,1763,1159]
2026-07-22 10:54:33 | INFO     | jewelry_detector.image_processor | Object refined (OpenCV Trim): [1339, 818, 1782, 962]
2026-07-22 10:54:33 | INFO     | jewelry_detector.image_processor | Đã lưu ảnh kết quả: 889972-MOD_bottom_result.jpg
2026-07-22 10:54:33 | INFO     | jewelry_detector.image_processor | Tổng thời gian xử lý: 0.02s
2026-07-22 10:54:33 | INFO     | jewelry_detector.image_processor | Kích thước ảnh: 1790 x 1195 px
2026-07-22 10:54:33 | INFO     | jewelry_detector.image_processor | Panel pixel (AI): [0, 621, 456, 1171]
2026-07-22 10:54:33 | INFO     | jewelry_detector.image_processor | Object pixel (AI): [36, 717, 421, 1016]
2026-07-22 10:54:33 | INFO     | jewelry_detector.image_processor | Center pixel: [228, 866]
2026-07-22 10:54:33 | INFO     | jewelry_detector.image_processor | OpenCV panel refine IoU = 0.889
2026-07-22 10:54:33 | INFO     | jewelry_detector.image_processor | Panel refined: [0, 599, 475, 1193]
2026-07-22 10:54:33 | INFO     | jewelry_detector.image_processor | Panel refined (OpenCV): [0, 599, 475, 1193]
2026-07-22 10:54:33 | INFO     | jewelry_detector.image_processor | Clean panel crop: raw_size=475x594 trim_left=11 trim_top=91 trim_right=15 trim_bottom=9 content_retained=88.7% success=True
2026-07-22 10:54:33 | INFO     | jewelry_detector.image_processor | Trimmed Object (ảnh gốc): [43, 790, 423, 1003] | AI bbox gốc: [36,717,421,1016]
2026-07-22 10:54:33 | INFO     | jewelry_detector.image_processor | Object refined (OpenCV Trim): [43, 790, 423, 1003]
2026-07-22 10:54:33 | INFO     | jewelry_detector.image_processor | Đã lưu ảnh kết quả: 889972-MOD_perspective_result.jpg
2026-07-22 10:54:33 | INFO     | jewelry_detector.image_processor | Tổng thời gian xử lý: 0.02s
2026-07-22 11:28:20 | INFO     | jewelry_detector.image_processor | Kích thước ảnh: 1734 x 1158 px
2026-07-22 11:28:20 | INFO     | jewelry_detector.image_processor | Panel pixel (AI): [434, 93, 867, 602]
2026-07-22 11:28:20 | INFO     | jewelry_detector.image_processor | Object pixel (AI): [520, 139, 780, 556]
2026-07-22 11:28:20 | INFO     | jewelry_detector.image_processor | Center pixel: [650, 347]
2026-07-22 11:28:20 | INFO     | jewelry_detector.image_processor | OpenCV panel refine IoU = 0.880
2026-07-22 11:28:20 | INFO     | jewelry_detector.image_processor | Panel refined: [416, 99, 884, 623]
2026-07-22 11:28:20 | INFO     | jewelry_detector.image_processor | Panel refined (OpenCV): [416, 99, 884, 623]
2026-07-22 11:28:20 | INFO     | jewelry_detector.image_processor | Clean panel crop: raw_size=468x524 trim_left=29 trim_top=3 trim_right=14 trim_bottom=0 content_retained=97.0% success=True
2026-07-22 11:28:20 | INFO     | jewelry_detector.image_processor | Trimmed Object (ảnh gốc): [545, 181, 858, 562] | AI bbox gốc: [520,139,780,556]
2026-07-22 11:28:20 | INFO     | jewelry_detector.image_processor | Object refined (OpenCV Trim): [545, 181, 858, 562]
2026-07-22 11:28:20 | INFO     | jewelry_detector.image_processor | Đã lưu ảnh kết quả: DF27.COMP072_DI_06202026_front_result.jpg
2026-07-22 11:28:20 | INFO     | jewelry_detector.image_processor | Tổng thời gian xử lý: 0.03s
2026-07-22 11:28:20 | INFO     | jewelry_detector.image_processor | Kích thước ảnh: 1734 x 1158 px
2026-07-22 11:28:20 | INFO     | jewelry_detector.image_processor | Panel pixel (AI): [867, 93, 1300, 602]
2026-07-22 11:28:20 | INFO     | jewelry_detector.image_processor | Object pixel (AI): [954, 139, 1214, 556]
2026-07-22 11:28:20 | INFO     | jewelry_detector.image_processor | Center pixel: [1084, 347]
2026-07-22 11:28:20 | INFO     | jewelry_detector.image_processor | OpenCV panel refine IoU = 0.880
2026-07-22 11:28:20 | INFO     | jewelry_detector.image_processor | Panel refined: [850, 99, 1318, 623]
2026-07-22 11:28:20 | INFO     | jewelry_detector.image_processor | Panel refined (OpenCV): [850, 99, 1318, 623]
2026-07-22 11:28:20 | INFO     | jewelry_detector.image_processor | Clean panel crop: raw_size=468x524 trim_left=23 trim_top=3 trim_right=20 trim_bottom=0 content_retained=99.6% success=True
2026-07-22 11:28:20 | INFO     | jewelry_detector.image_processor | Trimmed Object (ảnh gốc): [923, 220, 1277, 612] | AI bbox gốc: [954,139,1214,556]
2026-07-22 11:28:20 | INFO     | jewelry_detector.image_processor | Object refined (OpenCV Trim): [923, 220, 1277, 612]
2026-07-22 11:28:20 | INFO     | jewelry_detector.image_processor | Đã lưu ảnh kết quả: DF27.COMP072_DI_06202026_left_result.jpg
2026-07-22 11:28:20 | INFO     | jewelry_detector.image_processor | Tổng thời gian xử lý: 0.02s
2026-07-22 11:28:20 | INFO     | jewelry_detector.image_processor | Kích thước ảnh: 1734 x 1158 px
2026-07-22 11:28:20 | INFO     | jewelry_detector.image_processor | Panel pixel (AI): [1300, 93, 1734, 602]
2026-07-22 11:28:20 | INFO     | jewelry_detector.image_processor | Object pixel (AI): [1387, 139, 1647, 556]
2026-07-22 11:28:20 | INFO     | jewelry_detector.image_processor | Center pixel: [1517, 347]
2026-07-22 11:28:20 | INFO     | jewelry_detector.image_processor | OpenCV panel refine IoU = 0.889
2026-07-22 11:28:20 | INFO     | jewelry_detector.image_processor | Panel refined: [1283, 72, 1734, 623]
2026-07-22 11:28:20 | INFO     | jewelry_detector.image_processor | Panel refined (OpenCV): [1283, 72, 1734, 623]
2026-07-22 11:28:20 | INFO     | jewelry_detector.image_processor | Clean panel crop: raw_size=451x551 trim_left=18 trim_top=30 trim_right=7 trim_bottom=0 content_retained=99.8% success=True
2026-07-22 11:28:20 | INFO     | jewelry_detector.image_processor | Trimmed Object (ảnh gốc): [1371, 269, 1635, 469] | AI bbox gốc: [1387,139,1647,556]
2026-07-22 11:28:20 | INFO     | jewelry_detector.image_processor | Object refined (OpenCV Trim): [1371, 269, 1635, 469]
2026-07-22 11:28:20 | INFO     | jewelry_detector.image_processor | Đã lưu ảnh kết quả: DF27.COMP072_DI_06202026_top_result.jpg
2026-07-22 11:28:20 | INFO     | jewelry_detector.image_processor | Tổng thời gian xử lý: 0.02s
2026-07-22 11:28:20 | INFO     | jewelry_detector.image_processor | Kích thước ảnh: 1734 x 1158 px
2026-07-22 11:28:20 | INFO     | jewelry_detector.image_processor | Panel pixel (AI): [434, 602, 867, 1135]
2026-07-22 11:28:20 | INFO     | jewelry_detector.image_processor | Object pixel (AI): [520, 648, 780, 1065]
2026-07-22 11:28:20 | INFO     | jewelry_detector.image_processor | Center pixel: [650, 857]
2026-07-22 11:28:20 | INFO     | jewelry_detector.image_processor | OpenCV panel refine IoU = 0.858
2026-07-22 11:28:20 | INFO     | jewelry_detector.image_processor | Panel refined: [416, 581, 884, 1156]
2026-07-22 11:28:20 | INFO     | jewelry_detector.image_processor | Panel refined (OpenCV): [416, 581, 884, 1156]
2026-07-22 11:28:20 | INFO     | jewelry_detector.image_processor | Clean panel crop: raw_size=468x575 trim_left=29 trim_top=46 trim_right=14 trim_bottom=6 content_retained=97.8% success=True
2026-07-22 11:28:20 | INFO     | jewelry_detector.image_processor | Trimmed Object (ảnh gốc): [483, 703, 737, 1079] | AI bbox gốc: [520,648,780,1065]
2026-07-22 11:28:20 | INFO     | jewelry_detector.image_processor | Object refined (OpenCV Trim): [483, 703, 737, 1079]
2026-07-22 11:28:20 | INFO     | jewelry_detector.image_processor | Đã lưu ảnh kết quả: DF27.COMP072_DI_06202026_back_result.jpg
2026-07-22 11:28:20 | INFO     | jewelry_detector.image_processor | Tổng thời gian xử lý: 0.02s
2026-07-22 11:28:20 | INFO     | jewelry_detector.image_processor | Kích thước ảnh: 1734 x 1158 px
2026-07-22 11:28:20 | INFO     | jewelry_detector.image_processor | Panel pixel (AI): [867, 602, 1300, 1135]
2026-07-22 11:28:20 | INFO     | jewelry_detector.image_processor | Object pixel (AI): [954, 648, 1214, 1065]
2026-07-22 11:28:20 | INFO     | jewelry_detector.image_processor | Center pixel: [1084, 857]
2026-07-22 11:28:20 | INFO     | jewelry_detector.image_processor | OpenCV panel refine IoU = 0.858
2026-07-22 11:28:20 | INFO     | jewelry_detector.image_processor | Panel refined: [850, 581, 1318, 1156]
2026-07-22 11:28:20 | INFO     | jewelry_detector.image_processor | Panel refined (OpenCV): [850, 581, 1318, 1156]
2026-07-22 11:28:20 | INFO     | jewelry_detector.image_processor | Clean panel crop: raw_size=468x575 trim_left=23 trim_top=46 trim_right=20 trim_bottom=6 content_retained=86.7% success=True
2026-07-22 11:28:20 | INFO     | jewelry_detector.image_processor | Trimmed Object (ảnh gốc): [1023, 711, 1189, 1022] | AI bbox gốc: [954,648,1214,1065]
2026-07-22 11:28:20 | INFO     | jewelry_detector.image_processor | Object refined (OpenCV Trim): [1023, 711, 1189, 1022]
2026-07-22 11:28:20 | INFO     | jewelry_detector.image_processor | Đã lưu ảnh kết quả: DF27.COMP072_DI_06202026_right_result.jpg
2026-07-22 11:28:20 | INFO     | jewelry_detector.image_processor | Tổng thời gian xử lý: 0.04s
2026-07-22 11:28:20 | INFO     | jewelry_detector.image_processor | Kích thước ảnh: 1734 x 1158 px
2026-07-22 11:28:20 | INFO     | jewelry_detector.image_processor | Panel pixel (AI): [1300, 602, 1734, 1135]
2026-07-22 11:28:20 | INFO     | jewelry_detector.image_processor | Object pixel (AI): [1387, 648, 1647, 1065]
2026-07-22 11:28:20 | INFO     | jewelry_detector.image_processor | Center pixel: [1517, 857]
2026-07-22 11:28:20 | INFO     | jewelry_detector.image_processor | OpenCV panel refine IoU = 0.890
2026-07-22 11:28:20 | INFO     | jewelry_detector.image_processor | Panel refined: [1283, 581, 1734, 1156]
2026-07-22 11:28:20 | INFO     | jewelry_detector.image_processor | Panel refined (OpenCV): [1283, 581, 1734, 1156]
2026-07-22 11:28:20 | INFO     | jewelry_detector.image_processor | Clean panel crop: raw_size=451x575 trim_left=18 trim_top=46 trim_right=7 trim_bottom=6 content_retained=99.6% success=True
2026-07-22 11:28:20 | INFO     | jewelry_detector.image_processor | Trimmed Object (ảnh gốc): [1389, 827, 1605, 992] | AI bbox gốc: [1387,648,1647,1065]
2026-07-22 11:28:20 | INFO     | jewelry_detector.image_processor | Object refined (OpenCV Trim): [1389, 827, 1605, 992]
2026-07-22 11:28:20 | INFO     | jewelry_detector.image_processor | Đã lưu ảnh kết quả: DF27.COMP072_DI_06202026_bottom_result.jpg
2026-07-22 11:28:20 | INFO     | jewelry_detector.image_processor | Tổng thời gian xử lý: 0.02s
2026-07-22 11:28:20 | INFO     | jewelry_detector.image_processor | Kích thước ảnh: 1734 x 1158 px
2026-07-22 11:28:20 | INFO     | jewelry_detector.image_processor | Panel pixel (AI): [0, 868, 434, 1158]
2026-07-22 11:28:20 | INFO     | jewelry_detector.image_processor | Object pixel (AI): [173, 926, 347, 1100]
2026-07-22 11:28:20 | INFO     | jewelry_detector.image_processor | Center pixel: [260, 1013]
2026-07-22 11:28:20 | INFO     | jewelry_detector.image_processor | OpenCV panel refine IoU = 0.924
2026-07-22 11:28:20 | INFO     | jewelry_detector.image_processor | Panel refined: [0, 857, 451, 1158]
2026-07-22 11:28:20 | INFO     | jewelry_detector.image_processor | Panel refined (OpenCV): [0, 857, 451, 1158]
2026-07-22 11:28:20 | INFO     | jewelry_detector.image_processor | Clean panel crop: raw_size=451x301 trim_left=7 trim_top=0 trim_right=9 trim_bottom=8 content_retained=100.0% success=True
2026-07-22 11:28:20 | INFO     | jewelry_detector.image_processor | Trimmed Object (ảnh gốc): [201, 859, 377, 1137] | AI bbox gốc: [173,926,347,1100]
2026-07-22 11:28:20 | INFO     | jewelry_detector.image_processor | Object refined (OpenCV Trim): [201, 859, 377, 1137]
2026-07-22 11:28:20 | INFO     | jewelry_detector.image_processor | Đã lưu ảnh kết quả: DF27.COMP072_DI_06202026_perspective_result.jpg
2026-07-22 11:28:20 | INFO     | jewelry_detector.image_processor | Tổng thời gian xử lý: 0.02s
2026-07-22 11:44:42 | INFO     | jewelry_detector.image_processor | Kích thước ảnh: 1734 x 1158 px
2026-07-22 11:44:42 | INFO     | jewelry_detector.image_processor | Panel pixel (AI): [434, 93, 867, 602]
2026-07-22 11:44:42 | INFO     | jewelry_detector.image_processor | Object pixel (AI): [520, 139, 780, 556]
2026-07-22 11:44:42 | INFO     | jewelry_detector.image_processor | Center pixel: [650, 347]
2026-07-22 11:44:42 | INFO     | jewelry_detector.image_processor | OpenCV panel refine IoU = 0.880
2026-07-22 11:44:42 | INFO     | jewelry_detector.image_processor | Panel refined: [416, 99, 884, 623]
2026-07-22 11:44:42 | INFO     | jewelry_detector.image_processor | Panel refined (OpenCV): [416, 99, 884, 623]
2026-07-22 11:44:42 | INFO     | jewelry_detector.image_processor | Clean panel crop: raw_size=468x524 trim_left=29 trim_top=3 trim_right=14 trim_bottom=0 content_retained=97.0% success=True
2026-07-22 11:44:42 | INFO     | jewelry_detector.image_processor | Trimmed Object (ảnh gốc): [545, 181, 858, 562] | AI bbox gốc: [520,139,780,556]
2026-07-22 11:44:42 | INFO     | jewelry_detector.image_processor | Object refined (OpenCV Trim): [545, 181, 858, 562]
2026-07-22 11:44:42 | INFO     | jewelry_detector.image_processor | Đã lưu ảnh kết quả: DF27.COMP072_DI_06202026_front_result.jpg
2026-07-22 11:44:42 | INFO     | jewelry_detector.image_processor | Tổng thời gian xử lý: 0.02s
2026-07-22 11:44:42 | INFO     | jewelry_detector.image_processor | Kích thước ảnh: 1734 x 1158 px
2026-07-22 11:44:42 | INFO     | jewelry_detector.image_processor | Panel pixel (AI): [867, 93, 1300, 602]
2026-07-22 11:44:42 | INFO     | jewelry_detector.image_processor | Object pixel (AI): [954, 139, 1214, 556]
2026-07-22 11:44:42 | INFO     | jewelry_detector.image_processor | Center pixel: [1084, 347]
2026-07-22 11:44:42 | INFO     | jewelry_detector.image_processor | OpenCV panel refine IoU = 0.880
2026-07-22 11:44:42 | INFO     | jewelry_detector.image_processor | Panel refined: [850, 99, 1318, 623]
2026-07-22 11:44:42 | INFO     | jewelry_detector.image_processor | Panel refined (OpenCV): [850, 99, 1318, 623]
2026-07-22 11:44:42 | INFO     | jewelry_detector.image_processor | Clean panel crop: raw_size=468x524 trim_left=23 trim_top=3 trim_right=20 trim_bottom=0 content_retained=99.6% success=True
2026-07-22 11:44:42 | INFO     | jewelry_detector.image_processor | Trimmed Object (ảnh gốc): [923, 220, 1277, 612] | AI bbox gốc: [954,139,1214,556]
2026-07-22 11:44:42 | INFO     | jewelry_detector.image_processor | Object refined (OpenCV Trim): [923, 220, 1277, 612]
2026-07-22 11:44:42 | INFO     | jewelry_detector.image_processor | Đã lưu ảnh kết quả: DF27.COMP072_DI_06202026_left_result.jpg
2026-07-22 11:44:42 | INFO     | jewelry_detector.image_processor | Tổng thời gian xử lý: 0.02s
2026-07-22 11:44:42 | INFO     | jewelry_detector.image_processor | Kích thước ảnh: 1734 x 1158 px
2026-07-22 11:44:42 | INFO     | jewelry_detector.image_processor | Panel pixel (AI): [1300, 93, 1734, 602]
2026-07-22 11:44:42 | INFO     | jewelry_detector.image_processor | Object pixel (AI): [1387, 139, 1647, 556]
2026-07-22 11:44:42 | INFO     | jewelry_detector.image_processor | Center pixel: [1517, 347]
2026-07-22 11:44:42 | INFO     | jewelry_detector.image_processor | OpenCV panel refine IoU = 0.889
2026-07-22 11:44:42 | INFO     | jewelry_detector.image_processor | Panel refined: [1283, 72, 1734, 623]
2026-07-22 11:44:42 | INFO     | jewelry_detector.image_processor | Panel refined (OpenCV): [1283, 72, 1734, 623]
2026-07-22 11:44:42 | INFO     | jewelry_detector.image_processor | Clean panel crop: raw_size=451x551 trim_left=18 trim_top=30 trim_right=7 trim_bottom=0 content_retained=99.8% success=True
2026-07-22 11:44:42 | INFO     | jewelry_detector.image_processor | Trimmed Object (ảnh gốc): [1371, 269, 1635, 469] | AI bbox gốc: [1387,139,1647,556]
2026-07-22 11:44:42 | INFO     | jewelry_detector.image_processor | Object refined (OpenCV Trim): [1371, 269, 1635, 469]
2026-07-22 11:44:42 | INFO     | jewelry_detector.image_processor | Đã lưu ảnh kết quả: DF27.COMP072_DI_06202026_top_result.jpg
2026-07-22 11:44:42 | INFO     | jewelry_detector.image_processor | Tổng thời gian xử lý: 0.02s
2026-07-22 11:44:42 | INFO     | jewelry_detector.image_processor | Kích thước ảnh: 1734 x 1158 px
2026-07-22 11:44:42 | INFO     | jewelry_detector.image_processor | Panel pixel (AI): [434, 602, 867, 1135]
2026-07-22 11:44:42 | INFO     | jewelry_detector.image_processor | Object pixel (AI): [520, 648, 780, 1065]
2026-07-22 11:44:42 | INFO     | jewelry_detector.image_processor | Center pixel: [650, 857]
2026-07-22 11:44:42 | INFO     | jewelry_detector.image_processor | OpenCV panel refine IoU = 0.858
2026-07-22 11:44:42 | INFO     | jewelry_detector.image_processor | Panel refined: [416, 581, 884, 1156]
2026-07-22 11:44:42 | INFO     | jewelry_detector.image_processor | Panel refined (OpenCV): [416, 581, 884, 1156]
2026-07-22 11:44:42 | INFO     | jewelry_detector.image_processor | Clean panel crop: raw_size=468x575 trim_left=29 trim_top=46 trim_right=14 trim_bottom=6 content_retained=97.8% success=True
2026-07-22 11:44:42 | INFO     | jewelry_detector.image_processor | Trimmed Object (ảnh gốc): [483, 703, 737, 1079] | AI bbox gốc: [520,648,780,1065]
2026-07-22 11:44:42 | INFO     | jewelry_detector.image_processor | Object refined (OpenCV Trim): [483, 703, 737, 1079]
2026-07-22 11:44:42 | INFO     | jewelry_detector.image_processor | Đã lưu ảnh kết quả: DF27.COMP072_DI_06202026_back_result.jpg
2026-07-22 11:44:42 | INFO     | jewelry_detector.image_processor | Tổng thời gian xử lý: 0.02s
2026-07-22 11:44:42 | INFO     | jewelry_detector.image_processor | Kích thước ảnh: 1734 x 1158 px
2026-07-22 11:44:42 | INFO     | jewelry_detector.image_processor | Panel pixel (AI): [867, 602, 1300, 1135]
2026-07-22 11:44:42 | INFO     | jewelry_detector.image_processor | Object pixel (AI): [954, 648, 1214, 1065]
2026-07-22 11:44:42 | INFO     | jewelry_detector.image_processor | Center pixel: [1084, 857]
2026-07-22 11:44:42 | INFO     | jewelry_detector.image_processor | OpenCV panel refine IoU = 0.858
2026-07-22 11:44:42 | INFO     | jewelry_detector.image_processor | Panel refined: [850, 581, 1318, 1156]
2026-07-22 11:44:42 | INFO     | jewelry_detector.image_processor | Panel refined (OpenCV): [850, 581, 1318, 1156]
2026-07-22 11:44:42 | INFO     | jewelry_detector.image_processor | Clean panel crop: raw_size=468x575 trim_left=23 trim_top=46 trim_right=20 trim_bottom=6 content_retained=86.7% success=True
2026-07-22 11:44:42 | INFO     | jewelry_detector.image_processor | Trimmed Object (ảnh gốc): [1023, 711, 1189, 1022] | AI bbox gốc: [954,648,1214,1065]
2026-07-22 11:44:42 | INFO     | jewelry_detector.image_processor | Object refined (OpenCV Trim): [1023, 711, 1189, 1022]
2026-07-22 11:44:42 | INFO     | jewelry_detector.image_processor | Đã lưu ảnh kết quả: DF27.COMP072_DI_06202026_right_result.jpg
2026-07-22 11:44:42 | INFO     | jewelry_detector.image_processor | Tổng thời gian xử lý: 0.02s
2026-07-22 11:44:42 | INFO     | jewelry_detector.image_processor | Kích thước ảnh: 1734 x 1158 px
2026-07-22 11:44:42 | INFO     | jewelry_detector.image_processor | Panel pixel (AI): [1300, 602, 1734, 1135]
2026-07-22 11:44:42 | INFO     | jewelry_detector.image_processor | Object pixel (AI): [1387, 648, 1647, 1065]
2026-07-22 11:44:42 | INFO     | jewelry_detector.image_processor | Center pixel: [1517, 857]
2026-07-22 11:44:42 | INFO     | jewelry_detector.image_processor | OpenCV panel refine IoU = 0.890
2026-07-22 11:44:42 | INFO     | jewelry_detector.image_processor | Panel refined: [1283, 581, 1734, 1156]
2026-07-22 11:44:42 | INFO     | jewelry_detector.image_processor | Panel refined (OpenCV): [1283, 581, 1734, 1156]
2026-07-22 11:44:42 | INFO     | jewelry_detector.image_processor | Clean panel crop: raw_size=451x575 trim_left=18 trim_top=46 trim_right=7 trim_bottom=6 content_retained=99.6% success=True
2026-07-22 11:44:42 | INFO     | jewelry_detector.image_processor | Trimmed Object (ảnh gốc): [1389, 827, 1605, 992] | AI bbox gốc: [1387,648,1647,1065]
2026-07-22 11:44:42 | INFO     | jewelry_detector.image_processor | Object refined (OpenCV Trim): [1389, 827, 1605, 992]
2026-07-22 11:44:42 | INFO     | jewelry_detector.image_processor | Đã lưu ảnh kết quả: DF27.COMP072_DI_06202026_bottom_result.jpg
2026-07-22 11:44:42 | INFO     | jewelry_detector.image_processor | Tổng thời gian xử lý: 0.02s
2026-07-22 11:44:42 | INFO     | jewelry_detector.image_processor | Kích thước ảnh: 1734 x 1158 px
2026-07-22 11:44:42 | INFO     | jewelry_detector.image_processor | Panel pixel (AI): [0, 868, 434, 1158]
2026-07-22 11:44:42 | INFO     | jewelry_detector.image_processor | Object pixel (AI): [173, 926, 347, 1100]
2026-07-22 11:44:42 | INFO     | jewelry_detector.image_processor | Center pixel: [260, 1013]
2026-07-22 11:44:42 | INFO     | jewelry_detector.image_processor | OpenCV panel refine IoU = 0.924
2026-07-22 11:44:42 | INFO     | jewelry_detector.image_processor | Panel refined: [0, 857, 451, 1158]
2026-07-22 11:44:42 | INFO     | jewelry_detector.image_processor | Panel refined (OpenCV): [0, 857, 451, 1158]
2026-07-22 11:44:42 | INFO     | jewelry_detector.image_processor | Clean panel crop: raw_size=451x301 trim_left=7 trim_top=0 trim_right=9 trim_bottom=8 content_retained=100.0% success=True
2026-07-22 11:44:42 | INFO     | jewelry_detector.image_processor | Trimmed Object (ảnh gốc): [201, 859, 377, 1137] | AI bbox gốc: [173,926,347,1100]
2026-07-22 11:44:42 | INFO     | jewelry_detector.image_processor | Object refined (OpenCV Trim): [201, 859, 377, 1137]
2026-07-22 11:44:42 | INFO     | jewelry_detector.image_processor | Đã lưu ảnh kết quả: DF27.COMP072_DI_06202026_perspective_result.jpg
2026-07-22 11:44:42 | INFO     | jewelry_detector.image_processor | Tổng thời gian xử lý: 0.02s
2026-07-22 11:50:53 | INFO     | jewelry_detector.image_processor | Kích thước ảnh: 1734 x 1158 px
2026-07-22 11:50:53 | INFO     | jewelry_detector.image_processor | Panel pixel (AI): [434, 93, 867, 602]
2026-07-22 11:50:53 | INFO     | jewelry_detector.image_processor | Object pixel (AI): [520, 139, 780, 556]
2026-07-22 11:50:53 | INFO     | jewelry_detector.image_processor | Center pixel: [650, 347]
2026-07-22 11:50:53 | INFO     | jewelry_detector.image_processor | OpenCV panel refine IoU = 0.880
2026-07-22 11:50:53 | INFO     | jewelry_detector.image_processor | Panel refined: [416, 99, 884, 623]
2026-07-22 11:50:53 | INFO     | jewelry_detector.image_processor | Panel refined (OpenCV): [416, 99, 884, 623]
2026-07-22 11:50:53 | INFO     | jewelry_detector.image_processor | Clean panel crop: raw_size=468x524 trim_left=29 trim_top=3 trim_right=14 trim_bottom=0 content_retained=97.0% success=True
2026-07-22 11:50:53 | INFO     | jewelry_detector.image_processor | Trimmed Object (ảnh gốc): [545, 181, 858, 562] | AI bbox gốc: [520,139,780,556]
2026-07-22 11:50:53 | INFO     | jewelry_detector.image_processor | Object refined (OpenCV Trim): [545, 181, 858, 562]
2026-07-22 11:50:53 | INFO     | jewelry_detector.image_processor | Đã lưu ảnh kết quả: DF27.COMP072_DI_06202026_front_result.jpg
2026-07-22 11:50:53 | INFO     | jewelry_detector.image_processor | Tổng thời gian xử lý: 0.02s
2026-07-22 11:50:53 | INFO     | jewelry_detector.image_processor | Kích thước ảnh: 1734 x 1158 px
2026-07-22 11:50:53 | INFO     | jewelry_detector.image_processor | Panel pixel (AI): [867, 93, 1300, 602]
2026-07-22 11:50:53 | INFO     | jewelry_detector.image_processor | Object pixel (AI): [954, 139, 1214, 556]
2026-07-22 11:50:53 | INFO     | jewelry_detector.image_processor | Center pixel: [1084, 347]
2026-07-22 11:50:53 | INFO     | jewelry_detector.image_processor | OpenCV panel refine IoU = 0.880
2026-07-22 11:50:53 | INFO     | jewelry_detector.image_processor | Panel refined: [850, 99, 1318, 623]
2026-07-22 11:50:53 | INFO     | jewelry_detector.image_processor | Panel refined (OpenCV): [850, 99, 1318, 623]
2026-07-22 11:50:53 | INFO     | jewelry_detector.image_processor | Clean panel crop: raw_size=468x524 trim_left=23 trim_top=3 trim_right=20 trim_bottom=0 content_retained=99.6% success=True
2026-07-22 11:50:53 | INFO     | jewelry_detector.image_processor | Trimmed Object (ảnh gốc): [923, 220, 1277, 612] | AI bbox gốc: [954,139,1214,556]
2026-07-22 11:50:53 | INFO     | jewelry_detector.image_processor | Object refined (OpenCV Trim): [923, 220, 1277, 612]
2026-07-22 11:50:53 | INFO     | jewelry_detector.image_processor | Đã lưu ảnh kết quả: DF27.COMP072_DI_06202026_left_result.jpg
2026-07-22 11:50:53 | INFO     | jewelry_detector.image_processor | Tổng thời gian xử lý: 0.02s
2026-07-22 11:50:53 | INFO     | jewelry_detector.image_processor | Kích thước ảnh: 1734 x 1158 px
2026-07-22 11:50:53 | INFO     | jewelry_detector.image_processor | Panel pixel (AI): [1300, 93, 1734, 602]
2026-07-22 11:50:53 | INFO     | jewelry_detector.image_processor | Object pixel (AI): [1387, 139, 1647, 556]
2026-07-22 11:50:53 | INFO     | jewelry_detector.image_processor | Center pixel: [1517, 347]
2026-07-22 11:50:53 | INFO     | jewelry_detector.image_processor | OpenCV panel refine IoU = 0.889
2026-07-22 11:50:53 | INFO     | jewelry_detector.image_processor | Panel refined: [1283, 72, 1734, 623]
2026-07-22 11:50:53 | INFO     | jewelry_detector.image_processor | Panel refined (OpenCV): [1283, 72, 1734, 623]
2026-07-22 11:50:53 | INFO     | jewelry_detector.image_processor | Clean panel crop: raw_size=451x551 trim_left=18 trim_top=30 trim_right=7 trim_bottom=0 content_retained=99.8% success=True
2026-07-22 11:50:53 | INFO     | jewelry_detector.image_processor | Trimmed Object (ảnh gốc): [1371, 269, 1635, 469] | AI bbox gốc: [1387,139,1647,556]
2026-07-22 11:50:53 | INFO     | jewelry_detector.image_processor | Object refined (OpenCV Trim): [1371, 269, 1635, 469]
2026-07-22 11:50:53 | INFO     | jewelry_detector.image_processor | Đã lưu ảnh kết quả: DF27.COMP072_DI_06202026_top_result.jpg
2026-07-22 11:50:53 | INFO     | jewelry_detector.image_processor | Tổng thời gian xử lý: 0.02s
2026-07-22 11:50:53 | INFO     | jewelry_detector.image_processor | Kích thước ảnh: 1734 x 1158 px
2026-07-22 11:50:53 | INFO     | jewelry_detector.image_processor | Panel pixel (AI): [434, 602, 867, 1135]
2026-07-22 11:50:53 | INFO     | jewelry_detector.image_processor | Object pixel (AI): [520, 648, 780, 1065]
2026-07-22 11:50:53 | INFO     | jewelry_detector.image_processor | Center pixel: [650, 857]
2026-07-22 11:50:53 | INFO     | jewelry_detector.image_processor | OpenCV panel refine IoU = 0.858
2026-07-22 11:50:53 | INFO     | jewelry_detector.image_processor | Panel refined: [416, 581, 884, 1156]
2026-07-22 11:50:53 | INFO     | jewelry_detector.image_processor | Panel refined (OpenCV): [416, 581, 884, 1156]
2026-07-22 11:50:53 | INFO     | jewelry_detector.image_processor | Clean panel crop: raw_size=468x575 trim_left=29 trim_top=46 trim_right=14 trim_bottom=6 content_retained=97.8% success=True
2026-07-22 11:50:53 | INFO     | jewelry_detector.image_processor | Trimmed Object (ảnh gốc): [483, 703, 737, 1079] | AI bbox gốc: [520,648,780,1065]
2026-07-22 11:50:53 | INFO     | jewelry_detector.image_processor | Object refined (OpenCV Trim): [483, 703, 737, 1079]
2026-07-22 11:50:53 | INFO     | jewelry_detector.image_processor | Đã lưu ảnh kết quả: DF27.COMP072_DI_06202026_back_result.jpg
2026-07-22 11:50:53 | INFO     | jewelry_detector.image_processor | Tổng thời gian xử lý: 0.02s
2026-07-22 11:50:53 | INFO     | jewelry_detector.image_processor | Kích thước ảnh: 1734 x 1158 px
2026-07-22 11:50:53 | INFO     | jewelry_detector.image_processor | Panel pixel (AI): [867, 602, 1300, 1135]
2026-07-22 11:50:53 | INFO     | jewelry_detector.image_processor | Object pixel (AI): [954, 648, 1214, 1065]
2026-07-22 11:50:53 | INFO     | jewelry_detector.image_processor | Center pixel: [1084, 857]
2026-07-22 11:50:53 | INFO     | jewelry_detector.image_processor | OpenCV panel refine IoU = 0.858
2026-07-22 11:50:53 | INFO     | jewelry_detector.image_processor | Panel refined: [850, 581, 1318, 1156]
2026-07-22 11:50:53 | INFO     | jewelry_detector.image_processor | Panel refined (OpenCV): [850, 581, 1318, 1156]
2026-07-22 11:50:53 | INFO     | jewelry_detector.image_processor | Clean panel crop: raw_size=468x575 trim_left=23 trim_top=46 trim_right=20 trim_bottom=6 content_retained=86.7% success=True
2026-07-22 11:50:53 | INFO     | jewelry_detector.image_processor | Trimmed Object (ảnh gốc): [1023, 711, 1189, 1022] | AI bbox gốc: [954,648,1214,1065]
2026-07-22 11:50:53 | INFO     | jewelry_detector.image_processor | Object refined (OpenCV Trim): [1023, 711, 1189, 1022]
2026-07-22 11:50:53 | INFO     | jewelry_detector.image_processor | Đã lưu ảnh kết quả: DF27.COMP072_DI_06202026_right_result.jpg
2026-07-22 11:50:53 | INFO     | jewelry_detector.image_processor | Tổng thời gian xử lý: 0.02s
2026-07-22 11:50:53 | INFO     | jewelry_detector.image_processor | Kích thước ảnh: 1734 x 1158 px
2026-07-22 11:50:53 | INFO     | jewelry_detector.image_processor | Panel pixel (AI): [1300, 602, 1734, 1135]
2026-07-22 11:50:53 | INFO     | jewelry_detector.image_processor | Object pixel (AI): [1387, 648, 1647, 1065]
2026-07-22 11:50:53 | INFO     | jewelry_detector.image_processor | Center pixel: [1517, 857]
2026-07-22 11:50:53 | INFO     | jewelry_detector.image_processor | OpenCV panel refine IoU = 0.890
2026-07-22 11:50:53 | INFO     | jewelry_detector.image_processor | Panel refined: [1283, 581, 1734, 1156]
2026-07-22 11:50:53 | INFO     | jewelry_detector.image_processor | Panel refined (OpenCV): [1283, 581, 1734, 1156]
2026-07-22 11:50:53 | INFO     | jewelry_detector.image_processor | Clean panel crop: raw_size=451x575 trim_left=18 trim_top=46 trim_right=7 trim_bottom=6 content_retained=99.6% success=True
2026-07-22 11:50:53 | INFO     | jewelry_detector.image_processor | Trimmed Object (ảnh gốc): [1389, 827, 1605, 992] | AI bbox gốc: [1387,648,1647,1065]
2026-07-22 11:50:53 | INFO     | jewelry_detector.image_processor | Object refined (OpenCV Trim): [1389, 827, 1605, 992]
2026-07-22 11:50:53 | INFO     | jewelry_detector.image_processor | Đã lưu ảnh kết quả: DF27.COMP072_DI_06202026_bottom_result.jpg
2026-07-22 11:50:53 | INFO     | jewelry_detector.image_processor | Tổng thời gian xử lý: 0.02s
2026-07-22 11:50:53 | INFO     | jewelry_detector.image_processor | Kích thước ảnh: 1734 x 1158 px
2026-07-22 11:50:53 | INFO     | jewelry_detector.image_processor | Panel pixel (AI): [0, 868, 434, 1158]
2026-07-22 11:50:53 | INFO     | jewelry_detector.image_processor | Object pixel (AI): [173, 926, 347, 1100]
2026-07-22 11:50:53 | INFO     | jewelry_detector.image_processor | Center pixel: [260, 1013]
2026-07-22 11:50:53 | INFO     | jewelry_detector.image_processor | OpenCV panel refine IoU = 0.924
2026-07-22 11:50:53 | INFO     | jewelry_detector.image_processor | Panel refined: [0, 857, 451, 1158]
2026-07-22 11:50:53 | INFO     | jewelry_detector.image_processor | Panel refined (OpenCV): [0, 857, 451, 1158]
2026-07-22 11:50:53 | INFO     | jewelry_detector.image_processor | Clean panel crop: raw_size=451x301 trim_left=7 trim_top=0 trim_right=9 trim_bottom=8 content_retained=100.0% success=True
2026-07-22 11:50:53 | INFO     | jewelry_detector.image_processor | Trimmed Object (ảnh gốc): [201, 859, 377, 1137] | AI bbox gốc: [173,926,347,1100]
2026-07-22 11:50:53 | INFO     | jewelry_detector.image_processor | Object refined (OpenCV Trim): [201, 859, 377, 1137]
2026-07-22 11:50:53 | INFO     | jewelry_detector.image_processor | Đã lưu ảnh kết quả: DF27.COMP072_DI_06202026_perspective_result.jpg
2026-07-22 11:50:53 | INFO     | jewelry_detector.image_processor | Tổng thời gian xử lý: 0.02s
2026-07-22 11:51:26 | INFO     | jewelry_detector.image_processor | Kích thước ảnh: 1734 x 1158 px
2026-07-22 11:51:26 | INFO     | jewelry_detector.image_processor | Panel pixel (AI): [434, 93, 867, 602]
2026-07-22 11:51:26 | INFO     | jewelry_detector.image_processor | Object pixel (AI): [520, 151, 780, 544]
2026-07-22 11:51:26 | INFO     | jewelry_detector.image_processor | Center pixel: [650, 347]
2026-07-22 11:51:26 | INFO     | jewelry_detector.image_processor | OpenCV panel refine IoU = 0.880
2026-07-22 11:51:26 | INFO     | jewelry_detector.image_processor | Panel refined: [416, 99, 884, 623]
2026-07-22 11:51:26 | INFO     | jewelry_detector.image_processor | Panel refined (OpenCV): [416, 99, 884, 623]
2026-07-22 11:51:26 | INFO     | jewelry_detector.image_processor | Clean panel crop: raw_size=468x524 trim_left=29 trim_top=3 trim_right=14 trim_bottom=0 content_retained=97.0% success=True
2026-07-22 11:51:26 | INFO     | jewelry_detector.image_processor | Trimmed Object (ảnh gốc): [545, 181, 858, 562] | AI bbox gốc: [520,151,780,544]
2026-07-22 11:51:26 | INFO     | jewelry_detector.image_processor | Object refined (OpenCV Trim): [545, 181, 858, 562]
2026-07-22 11:51:26 | INFO     | jewelry_detector.image_processor | Đã lưu ảnh kết quả: DF27.COMP072_DI_06202026_front_result.jpg
2026-07-22 11:51:26 | INFO     | jewelry_detector.image_processor | Tổng thời gian xử lý: 0.03s
2026-07-22 11:51:26 | INFO     | jewelry_detector.image_processor | Kích thước ảnh: 1734 x 1158 px
2026-07-22 11:51:26 | INFO     | jewelry_detector.image_processor | Panel pixel (AI): [867, 93, 1300, 602]
2026-07-22 11:51:26 | INFO     | jewelry_detector.image_processor | Object pixel (AI): [954, 151, 1214, 544]
2026-07-22 11:51:26 | INFO     | jewelry_detector.image_processor | Center pixel: [1084, 347]
2026-07-22 11:51:26 | INFO     | jewelry_detector.image_processor | OpenCV panel refine IoU = 0.880
2026-07-22 11:51:26 | INFO     | jewelry_detector.image_processor | Panel refined: [850, 99, 1318, 623]
2026-07-22 11:51:26 | INFO     | jewelry_detector.image_processor | Panel refined (OpenCV): [850, 99, 1318, 623]
2026-07-22 11:51:26 | INFO     | jewelry_detector.image_processor | Clean panel crop: raw_size=468x524 trim_left=23 trim_top=3 trim_right=20 trim_bottom=0 content_retained=99.6% success=True
2026-07-22 11:51:26 | INFO     | jewelry_detector.image_processor | Trimmed Object (ảnh gốc): [923, 220, 1277, 612] | AI bbox gốc: [954,151,1214,544]
2026-07-22 11:51:26 | INFO     | jewelry_detector.image_processor | Object refined (OpenCV Trim): [923, 220, 1277, 612]
2026-07-22 11:51:26 | INFO     | jewelry_detector.image_processor | Đã lưu ảnh kết quả: DF27.COMP072_DI_06202026_left_result.jpg
2026-07-22 11:51:26 | INFO     | jewelry_detector.image_processor | Tổng thời gian xử lý: 0.02s
2026-07-22 11:51:26 | INFO     | jewelry_detector.image_processor | Kích thước ảnh: 1734 x 1158 px
2026-07-22 11:51:26 | INFO     | jewelry_detector.image_processor | Panel pixel (AI): [1300, 93, 1734, 602]
2026-07-22 11:51:26 | INFO     | jewelry_detector.image_processor | Object pixel (AI): [1387, 151, 1647, 544]
2026-07-22 11:51:26 | INFO     | jewelry_detector.image_processor | Center pixel: [1517, 347]
2026-07-22 11:51:26 | INFO     | jewelry_detector.image_processor | OpenCV panel refine IoU = 0.889
2026-07-22 11:51:26 | INFO     | jewelry_detector.image_processor | Panel refined: [1283, 72, 1734, 623]
2026-07-22 11:51:26 | INFO     | jewelry_detector.image_processor | Panel refined (OpenCV): [1283, 72, 1734, 623]
2026-07-22 11:51:26 | INFO     | jewelry_detector.image_processor | Clean panel crop: raw_size=451x551 trim_left=18 trim_top=30 trim_right=7 trim_bottom=0 content_retained=99.8% success=True
2026-07-22 11:51:26 | INFO     | jewelry_detector.image_processor | Trimmed Object (ảnh gốc): [1371, 269, 1635, 469] | AI bbox gốc: [1387,151,1647,544]
2026-07-22 11:51:26 | INFO     | jewelry_detector.image_processor | Object refined (OpenCV Trim): [1371, 269, 1635, 469]
2026-07-22 11:51:26 | INFO     | jewelry_detector.image_processor | Đã lưu ảnh kết quả: DF27.COMP072_DI_06202026_top_result.jpg
2026-07-22 11:51:26 | INFO     | jewelry_detector.image_processor | Tổng thời gian xử lý: 0.02s
2026-07-22 11:51:26 | INFO     | jewelry_detector.image_processor | Kích thước ảnh: 1734 x 1158 px
2026-07-22 11:51:26 | INFO     | jewelry_detector.image_processor | Panel pixel (AI): [434, 602, 867, 1135]
2026-07-22 11:51:26 | INFO     | jewelry_detector.image_processor | Object pixel (AI): [520, 660, 780, 1065]
2026-07-22 11:51:26 | INFO     | jewelry_detector.image_processor | Center pixel: [650, 863]
2026-07-22 11:51:26 | INFO     | jewelry_detector.image_processor | OpenCV panel refine IoU = 0.858
2026-07-22 11:51:26 | INFO     | jewelry_detector.image_processor | Panel refined: [416, 581, 884, 1156]
2026-07-22 11:51:26 | INFO     | jewelry_detector.image_processor | Panel refined (OpenCV): [416, 581, 884, 1156]
2026-07-22 11:51:26 | INFO     | jewelry_detector.image_processor | Clean panel crop: raw_size=468x575 trim_left=29 trim_top=46 trim_right=14 trim_bottom=6 content_retained=97.8% success=True
2026-07-22 11:51:26 | INFO     | jewelry_detector.image_processor | Trimmed Object (ảnh gốc): [483, 703, 737, 1079] | AI bbox gốc: [520,660,780,1065]
2026-07-22 11:51:26 | INFO     | jewelry_detector.image_processor | Object refined (OpenCV Trim): [483, 703, 737, 1079]
2026-07-22 11:51:26 | INFO     | jewelry_detector.image_processor | Đã lưu ảnh kết quả: DF27.COMP072_DI_06202026_back_result.jpg
2026-07-22 11:51:26 | INFO     | jewelry_detector.image_processor | Tổng thời gian xử lý: 0.02s
2026-07-22 11:51:26 | INFO     | jewelry_detector.image_processor | Kích thước ảnh: 1734 x 1158 px
2026-07-22 11:51:26 | INFO     | jewelry_detector.image_processor | Panel pixel (AI): [867, 602, 1300, 1135]
2026-07-22 11:51:26 | INFO     | jewelry_detector.image_processor | Object pixel (AI): [954, 660, 1214, 1065]
2026-07-22 11:51:26 | INFO     | jewelry_detector.image_processor | Center pixel: [1084, 863]
2026-07-22 11:51:26 | INFO     | jewelry_detector.image_processor | OpenCV panel refine IoU = 0.858
2026-07-22 11:51:26 | INFO     | jewelry_detector.image_processor | Panel refined: [850, 581, 1318, 1156]
2026-07-22 11:51:26 | INFO     | jewelry_detector.image_processor | Panel refined (OpenCV): [850, 581, 1318, 1156]
2026-07-22 11:51:26 | INFO     | jewelry_detector.image_processor | Clean panel crop: raw_size=468x575 trim_left=23 trim_top=46 trim_right=20 trim_bottom=6 content_retained=86.7% success=True
2026-07-22 11:51:26 | INFO     | jewelry_detector.image_processor | Trimmed Object (ảnh gốc): [1023, 711, 1189, 1022] | AI bbox gốc: [954,660,1214,1065]
2026-07-22 11:51:26 | INFO     | jewelry_detector.image_processor | Object refined (OpenCV Trim): [1023, 711, 1189, 1022]
2026-07-22 11:51:26 | INFO     | jewelry_detector.image_processor | Đã lưu ảnh kết quả: DF27.COMP072_DI_06202026_right_result.jpg
2026-07-22 11:51:26 | INFO     | jewelry_detector.image_processor | Tổng thời gian xử lý: 0.02s
2026-07-22 11:51:26 | INFO     | jewelry_detector.image_processor | Kích thước ảnh: 1734 x 1158 px
2026-07-22 11:51:26 | INFO     | jewelry_detector.image_processor | Panel pixel (AI): [1300, 602, 1734, 1135]
2026-07-22 11:51:26 | INFO     | jewelry_detector.image_processor | Object pixel (AI): [1387, 660, 1647, 1065]
2026-07-22 11:51:26 | INFO     | jewelry_detector.image_processor | Center pixel: [1517, 863]
2026-07-22 11:51:26 | INFO     | jewelry_detector.image_processor | OpenCV panel refine IoU = 0.890
2026-07-22 11:51:26 | INFO     | jewelry_detector.image_processor | Panel refined: [1283, 581, 1734, 1156]
2026-07-22 11:51:26 | INFO     | jewelry_detector.image_processor | Panel refined (OpenCV): [1283, 581, 1734, 1156]
2026-07-22 11:51:26 | INFO     | jewelry_detector.image_processor | Clean panel crop: raw_size=451x575 trim_left=18 trim_top=46 trim_right=7 trim_bottom=6 content_retained=99.6% success=True
2026-07-22 11:51:26 | INFO     | jewelry_detector.image_processor | Trimmed Object (ảnh gốc): [1389, 827, 1605, 992] | AI bbox gốc: [1387,660,1647,1065]
2026-07-22 11:51:26 | INFO     | jewelry_detector.image_processor | Object refined (OpenCV Trim): [1389, 827, 1605, 992]
2026-07-22 11:51:26 | INFO     | jewelry_detector.image_processor | Đã lưu ảnh kết quả: DF27.COMP072_DI_06202026_bottom_result.jpg
2026-07-22 11:51:26 | INFO     | jewelry_detector.image_processor | Tổng thời gian xử lý: 0.02s
2026-07-22 11:51:26 | INFO     | jewelry_detector.image_processor | Kích thước ảnh: 1734 x 1158 px
2026-07-22 11:51:26 | INFO     | jewelry_detector.image_processor | Panel pixel (AI): [0, 868, 434, 1158]
2026-07-22 11:51:26 | INFO     | jewelry_detector.image_processor | Object pixel (AI): [173, 926, 347, 1100]
2026-07-22 11:51:26 | INFO     | jewelry_detector.image_processor | Center pixel: [260, 1013]
2026-07-22 11:51:26 | INFO     | jewelry_detector.image_processor | OpenCV panel refine IoU = 0.924
2026-07-22 11:51:26 | INFO     | jewelry_detector.image_processor | Panel refined: [0, 857, 451, 1158]
2026-07-22 11:51:26 | INFO     | jewelry_detector.image_processor | Panel refined (OpenCV): [0, 857, 451, 1158]
2026-07-22 11:51:26 | INFO     | jewelry_detector.image_processor | Clean panel crop: raw_size=451x301 trim_left=7 trim_top=0 trim_right=9 trim_bottom=8 content_retained=100.0% success=True
2026-07-22 11:51:26 | INFO     | jewelry_detector.image_processor | Trimmed Object (ảnh gốc): [201, 859, 377, 1137] | AI bbox gốc: [173,926,347,1100]
2026-07-22 11:51:26 | INFO     | jewelry_detector.image_processor | Object refined (OpenCV Trim): [201, 859, 377, 1137]
2026-07-22 11:51:26 | INFO     | jewelry_detector.image_processor | Đã lưu ảnh kết quả: DF27.COMP072_DI_06202026_perspective_result.jpg
2026-07-22 11:51:26 | INFO     | jewelry_detector.image_processor | Tổng thời gian xử lý: 0.02s
2026-07-22 11:52:19 | INFO     | jewelry_detector.image_processor | Kích thước ảnh: 1734 x 1158 px
2026-07-22 11:52:19 | INFO     | jewelry_detector.image_processor | Panel pixel (AI): [434, 93, 867, 602]
2026-07-22 11:52:19 | INFO     | jewelry_detector.image_processor | Object pixel (AI): [520, 139, 780, 556]
2026-07-22 11:52:19 | INFO     | jewelry_detector.image_processor | Center pixel: [650, 347]
2026-07-22 11:52:19 | INFO     | jewelry_detector.image_processor | OpenCV panel refine IoU = 0.880
2026-07-22 11:52:19 | INFO     | jewelry_detector.image_processor | Panel refined: [416, 99, 884, 623]
2026-07-22 11:52:19 | INFO     | jewelry_detector.image_processor | Panel refined (OpenCV): [416, 99, 884, 623]
2026-07-22 11:52:19 | INFO     | jewelry_detector.image_processor | Clean panel crop: raw_size=468x524 trim_left=29 trim_top=3 trim_right=14 trim_bottom=0 content_retained=97.0% success=True
2026-07-22 11:52:19 | INFO     | jewelry_detector.image_processor | Trimmed Object (ảnh gốc): [545, 181, 858, 562] | AI bbox gốc: [520,139,780,556]
2026-07-22 11:52:19 | INFO     | jewelry_detector.image_processor | Object refined (OpenCV Trim): [545, 181, 858, 562]
2026-07-22 11:52:19 | INFO     | jewelry_detector.image_processor | Đã lưu ảnh kết quả: DF27.COMP072_DI_06202026_front_result.jpg
2026-07-22 11:52:19 | INFO     | jewelry_detector.image_processor | Tổng thời gian xử lý: 0.03s
2026-07-22 11:52:19 | INFO     | jewelry_detector.image_processor | Kích thước ảnh: 1734 x 1158 px
2026-07-22 11:52:19 | INFO     | jewelry_detector.image_processor | Panel pixel (AI): [867, 93, 1300, 602]
2026-07-22 11:52:19 | INFO     | jewelry_detector.image_processor | Object pixel (AI): [954, 139, 1214, 556]
2026-07-22 11:52:19 | INFO     | jewelry_detector.image_processor | Center pixel: [1084, 347]
2026-07-22 11:52:19 | INFO     | jewelry_detector.image_processor | OpenCV panel refine IoU = 0.880
2026-07-22 11:52:19 | INFO     | jewelry_detector.image_processor | Panel refined: [850, 99, 1318, 623]
2026-07-22 11:52:19 | INFO     | jewelry_detector.image_processor | Panel refined (OpenCV): [850, 99, 1318, 623]
2026-07-22 11:52:19 | INFO     | jewelry_detector.image_processor | Clean panel crop: raw_size=468x524 trim_left=23 trim_top=3 trim_right=20 trim_bottom=0 content_retained=99.6% success=True
2026-07-22 11:52:19 | INFO     | jewelry_detector.image_processor | Trimmed Object (ảnh gốc): [923, 220, 1277, 612] | AI bbox gốc: [954,139,1214,556]
2026-07-22 11:52:19 | INFO     | jewelry_detector.image_processor | Object refined (OpenCV Trim): [923, 220, 1277, 612]
2026-07-22 11:52:19 | INFO     | jewelry_detector.image_processor | Đã lưu ảnh kết quả: DF27.COMP072_DI_06202026_left_result.jpg
2026-07-22 11:52:19 | INFO     | jewelry_detector.image_processor | Tổng thời gian xử lý: 0.02s
2026-07-22 11:52:19 | INFO     | jewelry_detector.image_processor | Kích thước ảnh: 1734 x 1158 px
2026-07-22 11:52:19 | INFO     | jewelry_detector.image_processor | Panel pixel (AI): [1300, 93, 1734, 602]
2026-07-22 11:52:19 | INFO     | jewelry_detector.image_processor | Object pixel (AI): [1387, 139, 1647, 556]
2026-07-22 11:52:19 | INFO     | jewelry_detector.image_processor | Center pixel: [1517, 347]
2026-07-22 11:52:19 | INFO     | jewelry_detector.image_processor | OpenCV panel refine IoU = 0.889
2026-07-22 11:52:19 | INFO     | jewelry_detector.image_processor | Panel refined: [1283, 72, 1734, 623]
2026-07-22 11:52:19 | INFO     | jewelry_detector.image_processor | Panel refined (OpenCV): [1283, 72, 1734, 623]
2026-07-22 11:52:19 | INFO     | jewelry_detector.image_processor | Clean panel crop: raw_size=451x551 trim_left=18 trim_top=30 trim_right=7 trim_bottom=0 content_retained=99.8% success=True
2026-07-22 11:52:19 | INFO     | jewelry_detector.image_processor | Trimmed Object (ảnh gốc): [1371, 269, 1635, 469] | AI bbox gốc: [1387,139,1647,556]
2026-07-22 11:52:19 | INFO     | jewelry_detector.image_processor | Object refined (OpenCV Trim): [1371, 269, 1635, 469]
2026-07-22 11:52:19 | INFO     | jewelry_detector.image_processor | Đã lưu ảnh kết quả: DF27.COMP072_DI_06202026_top_result.jpg
2026-07-22 11:52:19 | INFO     | jewelry_detector.image_processor | Tổng thời gian xử lý: 0.02s
2026-07-22 11:52:19 | INFO     | jewelry_detector.image_processor | Kích thước ảnh: 1734 x 1158 px
2026-07-22 11:52:19 | INFO     | jewelry_detector.image_processor | Panel pixel (AI): [434, 602, 867, 1135]
2026-07-22 11:52:19 | INFO     | jewelry_detector.image_processor | Object pixel (AI): [520, 648, 780, 1065]
2026-07-22 11:52:19 | INFO     | jewelry_detector.image_processor | Center pixel: [650, 857]
2026-07-22 11:52:19 | INFO     | jewelry_detector.image_processor | OpenCV panel refine IoU = 0.858
2026-07-22 11:52:19 | INFO     | jewelry_detector.image_processor | Panel refined: [416, 581, 884, 1156]
2026-07-22 11:52:19 | INFO     | jewelry_detector.image_processor | Panel refined (OpenCV): [416, 581, 884, 1156]
2026-07-22 11:52:19 | INFO     | jewelry_detector.image_processor | Clean panel crop: raw_size=468x575 trim_left=29 trim_top=46 trim_right=14 trim_bottom=6 content_retained=97.8% success=True
2026-07-22 11:52:19 | INFO     | jewelry_detector.image_processor | Trimmed Object (ảnh gốc): [483, 703, 737, 1079] | AI bbox gốc: [520,648,780,1065]
2026-07-22 11:52:19 | INFO     | jewelry_detector.image_processor | Object refined (OpenCV Trim): [483, 703, 737, 1079]
2026-07-22 11:52:19 | INFO     | jewelry_detector.image_processor | Đã lưu ảnh kết quả: DF27.COMP072_DI_06202026_back_result.jpg
2026-07-22 11:52:19 | INFO     | jewelry_detector.image_processor | Tổng thời gian xử lý: 0.02s
2026-07-22 11:52:19 | INFO     | jewelry_detector.image_processor | Kích thước ảnh: 1734 x 1158 px
2026-07-22 11:52:19 | INFO     | jewelry_detector.image_processor | Panel pixel (AI): [867, 602, 1300, 1135]
2026-07-22 11:52:19 | INFO     | jewelry_detector.image_processor | Object pixel (AI): [954, 648, 1214, 1065]
2026-07-22 11:52:19 | INFO     | jewelry_detector.image_processor | Center pixel: [1084, 857]
2026-07-22 11:52:19 | INFO     | jewelry_detector.image_processor | OpenCV panel refine IoU = 0.858
2026-07-22 11:52:19 | INFO     | jewelry_detector.image_processor | Panel refined: [850, 581, 1318, 1156]
2026-07-22 11:52:19 | INFO     | jewelry_detector.image_processor | Panel refined (OpenCV): [850, 581, 1318, 1156]
2026-07-22 11:52:19 | INFO     | jewelry_detector.image_processor | Clean panel crop: raw_size=468x575 trim_left=23 trim_top=46 trim_right=20 trim_bottom=6 content_retained=86.7% success=True
2026-07-22 11:52:19 | INFO     | jewelry_detector.image_processor | Trimmed Object (ảnh gốc): [1023, 711, 1189, 1022] | AI bbox gốc: [954,648,1214,1065]
2026-07-22 11:52:19 | INFO     | jewelry_detector.image_processor | Object refined (OpenCV Trim): [1023, 711, 1189, 1022]
2026-07-22 11:52:19 | INFO     | jewelry_detector.image_processor | Đã lưu ảnh kết quả: DF27.COMP072_DI_06202026_right_result.jpg
2026-07-22 11:52:19 | INFO     | jewelry_detector.image_processor | Tổng thời gian xử lý: 0.02s
2026-07-22 11:52:19 | INFO     | jewelry_detector.image_processor | Kích thước ảnh: 1734 x 1158 px
2026-07-22 11:52:19 | INFO     | jewelry_detector.image_processor | Panel pixel (AI): [1300, 602, 1734, 1135]
2026-07-22 11:52:19 | INFO     | jewelry_detector.image_processor | Object pixel (AI): [1387, 648, 1647, 1065]
2026-07-22 11:52:19 | INFO     | jewelry_detector.image_processor | Center pixel: [1517, 857]
2026-07-22 11:52:19 | INFO     | jewelry_detector.image_processor | OpenCV panel refine IoU = 0.890
2026-07-22 11:52:19 | INFO     | jewelry_detector.image_processor | Panel refined: [1283, 581, 1734, 1156]
2026-07-22 11:52:19 | INFO     | jewelry_detector.image_processor | Panel refined (OpenCV): [1283, 581, 1734, 1156]
2026-07-22 11:52:19 | INFO     | jewelry_detector.image_processor | Clean panel crop: raw_size=451x575 trim_left=18 trim_top=46 trim_right=7 trim_bottom=6 content_retained=99.6% success=True
2026-07-22 11:52:19 | INFO     | jewelry_detector.image_processor | Trimmed Object (ảnh gốc): [1389, 827, 1605, 992] | AI bbox gốc: [1387,648,1647,1065]
2026-07-22 11:52:19 | INFO     | jewelry_detector.image_processor | Object refined (OpenCV Trim): [1389, 827, 1605, 992]
2026-07-22 11:52:19 | INFO     | jewelry_detector.image_processor | Đã lưu ảnh kết quả: DF27.COMP072_DI_06202026_bottom_result.jpg
2026-07-22 11:52:19 | INFO     | jewelry_detector.image_processor | Tổng thời gian xử lý: 0.02s
2026-07-22 11:52:19 | INFO     | jewelry_detector.image_processor | Kích thước ảnh: 1734 x 1158 px
2026-07-22 11:52:19 | INFO     | jewelry_detector.image_processor | Panel pixel (AI): [0, 868, 434, 1158]
2026-07-22 11:52:19 | INFO     | jewelry_detector.image_processor | Object pixel (AI): [173, 926, 347, 1100]
2026-07-22 11:52:19 | INFO     | jewelry_detector.image_processor | Center pixel: [260, 1013]
2026-07-22 11:52:19 | INFO     | jewelry_detector.image_processor | OpenCV panel refine IoU = 0.924
2026-07-22 11:52:19 | INFO     | jewelry_detector.image_processor | Panel refined: [0, 857, 451, 1158]
2026-07-22 11:52:19 | INFO     | jewelry_detector.image_processor | Panel refined (OpenCV): [0, 857, 451, 1158]
2026-07-22 11:52:19 | INFO     | jewelry_detector.image_processor | Clean panel crop: raw_size=451x301 trim_left=7 trim_top=0 trim_right=9 trim_bottom=8 content_retained=100.0% success=True
2026-07-22 11:52:19 | INFO     | jewelry_detector.image_processor | Trimmed Object (ảnh gốc): [201, 859, 377, 1137] | AI bbox gốc: [173,926,347,1100]
2026-07-22 11:52:19 | INFO     | jewelry_detector.image_processor | Object refined (OpenCV Trim): [201, 859, 377, 1137]
2026-07-22 11:52:19 | INFO     | jewelry_detector.image_processor | Đã lưu ảnh kết quả: DF27.COMP072_DI_06202026_perspective_result.jpg
2026-07-22 11:52:19 | INFO     | jewelry_detector.image_processor | Tổng thời gian xử lý: 0.02s
2026-07-22 11:54:16 | INFO     | jewelry_detector.image_processor | Kích thước ảnh: 1734 x 1158 px
2026-07-22 11:54:16 | INFO     | jewelry_detector.image_processor | Panel pixel (AI): [434, 93, 867, 602]
2026-07-22 11:54:16 | INFO     | jewelry_detector.image_processor | Object pixel (AI): [520, 139, 780, 556]
2026-07-22 11:54:16 | INFO     | jewelry_detector.image_processor | Center pixel: [650, 347]
2026-07-22 11:54:16 | INFO     | jewelry_detector.image_processor | OpenCV panel refine IoU = 0.880
2026-07-22 11:54:16 | INFO     | jewelry_detector.image_processor | Panel refined: [416, 99, 884, 623]
2026-07-22 11:54:16 | INFO     | jewelry_detector.image_processor | Panel refined (OpenCV): [416, 99, 884, 623]
2026-07-22 11:54:16 | INFO     | jewelry_detector.image_processor | Clean panel crop: raw_size=468x524 trim_left=29 trim_top=3 trim_right=14 trim_bottom=0 content_retained=97.0% success=True
2026-07-22 11:54:16 | INFO     | jewelry_detector.image_processor | Trimmed Object (ảnh gốc): [545, 181, 858, 562] | AI bbox gốc: [520,139,780,556]
2026-07-22 11:54:16 | INFO     | jewelry_detector.image_processor | Object refined (OpenCV Trim): [545, 181, 858, 562]
2026-07-22 11:54:16 | INFO     | jewelry_detector.image_processor | Đã lưu ảnh kết quả: DF27.COMP072_DI_06202026_front_result.jpg
2026-07-22 11:54:16 | INFO     | jewelry_detector.image_processor | Tổng thời gian xử lý: 0.04s
2026-07-22 11:54:16 | INFO     | jewelry_detector.image_processor | Kích thước ảnh: 1734 x 1158 px
2026-07-22 11:54:16 | INFO     | jewelry_detector.image_processor | Panel pixel (AI): [867, 93, 1300, 602]
2026-07-22 11:54:16 | INFO     | jewelry_detector.image_processor | Object pixel (AI): [954, 139, 1214, 556]
2026-07-22 11:54:16 | INFO     | jewelry_detector.image_processor | Center pixel: [1084, 347]
2026-07-22 11:54:16 | INFO     | jewelry_detector.image_processor | OpenCV panel refine IoU = 0.880
2026-07-22 11:54:16 | INFO     | jewelry_detector.image_processor | Panel refined: [850, 99, 1318, 623]
2026-07-22 11:54:16 | INFO     | jewelry_detector.image_processor | Panel refined (OpenCV): [850, 99, 1318, 623]
2026-07-22 11:54:16 | INFO     | jewelry_detector.image_processor | Clean panel crop: raw_size=468x524 trim_left=23 trim_top=3 trim_right=20 trim_bottom=0 content_retained=99.6% success=True
2026-07-22 11:54:16 | INFO     | jewelry_detector.image_processor | Trimmed Object (ảnh gốc): [923, 220, 1277, 612] | AI bbox gốc: [954,139,1214,556]
2026-07-22 11:54:16 | INFO     | jewelry_detector.image_processor | Object refined (OpenCV Trim): [923, 220, 1277, 612]
2026-07-22 11:54:16 | INFO     | jewelry_detector.image_processor | Đã lưu ảnh kết quả: DF27.COMP072_DI_06202026_left_result.jpg
2026-07-22 11:54:16 | INFO     | jewelry_detector.image_processor | Tổng thời gian xử lý: 0.02s
2026-07-22 11:54:16 | INFO     | jewelry_detector.image_processor | Kích thước ảnh: 1734 x 1158 px
2026-07-22 11:54:16 | INFO     | jewelry_detector.image_processor | Panel pixel (AI): [1300, 93, 1734, 602]
2026-07-22 11:54:16 | INFO     | jewelry_detector.image_processor | Object pixel (AI): [1387, 139, 1647, 556]
2026-07-22 11:54:16 | INFO     | jewelry_detector.image_processor | Center pixel: [1517, 347]
2026-07-22 11:54:16 | INFO     | jewelry_detector.image_processor | OpenCV panel refine IoU = 0.889
2026-07-22 11:54:16 | INFO     | jewelry_detector.image_processor | Panel refined: [1283, 72, 1734, 623]
2026-07-22 11:54:16 | INFO     | jewelry_detector.image_processor | Panel refined (OpenCV): [1283, 72, 1734, 623]
2026-07-22 11:54:16 | INFO     | jewelry_detector.image_processor | Clean panel crop: raw_size=451x551 trim_left=18 trim_top=30 trim_right=7 trim_bottom=0 content_retained=99.8% success=True
2026-07-22 11:54:16 | INFO     | jewelry_detector.image_processor | Trimmed Object (ảnh gốc): [1371, 269, 1635, 469] | AI bbox gốc: [1387,139,1647,556]
2026-07-22 11:54:16 | INFO     | jewelry_detector.image_processor | Object refined (OpenCV Trim): [1371, 269, 1635, 469]
2026-07-22 11:54:16 | INFO     | jewelry_detector.image_processor | Đã lưu ảnh kết quả: DF27.COMP072_DI_06202026_top_result.jpg
2026-07-22 11:54:16 | INFO     | jewelry_detector.image_processor | Tổng thời gian xử lý: 0.02s
2026-07-22 11:54:16 | INFO     | jewelry_detector.image_processor | Kích thước ảnh: 1734 x 1158 px
2026-07-22 11:54:16 | INFO     | jewelry_detector.image_processor | Panel pixel (AI): [434, 602, 867, 1135]
2026-07-22 11:54:16 | INFO     | jewelry_detector.image_processor | Object pixel (AI): [520, 648, 780, 1065]
2026-07-22 11:54:16 | INFO     | jewelry_detector.image_processor | Center pixel: [650, 857]
2026-07-22 11:54:16 | INFO     | jewelry_detector.image_processor | OpenCV panel refine IoU = 0.858
2026-07-22 11:54:16 | INFO     | jewelry_detector.image_processor | Panel refined: [416, 581, 884, 1156]
2026-07-22 11:54:16 | INFO     | jewelry_detector.image_processor | Panel refined (OpenCV): [416, 581, 884, 1156]
2026-07-22 11:54:16 | INFO     | jewelry_detector.image_processor | Clean panel crop: raw_size=468x575 trim_left=29 trim_top=46 trim_right=14 trim_bottom=6 content_retained=97.8% success=True
2026-07-22 11:54:16 | INFO     | jewelry_detector.image_processor | Trimmed Object (ảnh gốc): [483, 703, 737, 1079] | AI bbox gốc: [520,648,780,1065]
2026-07-22 11:54:16 | INFO     | jewelry_detector.image_processor | Object refined (OpenCV Trim): [483, 703, 737, 1079]
2026-07-22 11:54:16 | INFO     | jewelry_detector.image_processor | Đã lưu ảnh kết quả: DF27.COMP072_DI_06202026_back_result.jpg
2026-07-22 11:54:16 | INFO     | jewelry_detector.image_processor | Tổng thời gian xử lý: 0.02s
2026-07-22 11:54:16 | INFO     | jewelry_detector.image_processor | Kích thước ảnh: 1734 x 1158 px
2026-07-22 11:54:16 | INFO     | jewelry_detector.image_processor | Panel pixel (AI): [867, 602, 1300, 1135]
2026-07-22 11:54:16 | INFO     | jewelry_detector.image_processor | Object pixel (AI): [954, 648, 1214, 1065]
2026-07-22 11:54:16 | INFO     | jewelry_detector.image_processor | Center pixel: [1084, 857]
2026-07-22 11:54:16 | INFO     | jewelry_detector.image_processor | OpenCV panel refine IoU = 0.858
2026-07-22 11:54:16 | INFO     | jewelry_detector.image_processor | Panel refined: [850, 581, 1318, 1156]
2026-07-22 11:54:16 | INFO     | jewelry_detector.image_processor | Panel refined (OpenCV): [850, 581, 1318, 1156]
2026-07-22 11:54:16 | INFO     | jewelry_detector.image_processor | Clean panel crop: raw_size=468x575 trim_left=23 trim_top=46 trim_right=20 trim_bottom=6 content_retained=86.7% success=True
2026-07-22 11:54:16 | INFO     | jewelry_detector.image_processor | Trimmed Object (ảnh gốc): [1023, 711, 1189, 1022] | AI bbox gốc: [954,648,1214,1065]
2026-07-22 11:54:16 | INFO     | jewelry_detector.image_processor | Object refined (OpenCV Trim): [1023, 711, 1189, 1022]
2026-07-22 11:54:16 | INFO     | jewelry_detector.image_processor | Đã lưu ảnh kết quả: DF27.COMP072_DI_06202026_right_result.jpg
2026-07-22 11:54:16 | INFO     | jewelry_detector.image_processor | Tổng thời gian xử lý: 0.02s
2026-07-22 11:54:16 | INFO     | jewelry_detector.image_processor | Kích thước ảnh: 1734 x 1158 px
2026-07-22 11:54:16 | INFO     | jewelry_detector.image_processor | Panel pixel (AI): [1300, 602, 1734, 1135]
2026-07-22 11:54:16 | INFO     | jewelry_detector.image_processor | Object pixel (AI): [1387, 648, 1647, 1065]
2026-07-22 11:54:16 | INFO     | jewelry_detector.image_processor | Center pixel: [1517, 857]
2026-07-22 11:54:16 | INFO     | jewelry_detector.image_processor | OpenCV panel refine IoU = 0.890
2026-07-22 11:54:16 | INFO     | jewelry_detector.image_processor | Panel refined: [1283, 581, 1734, 1156]
2026-07-22 11:54:16 | INFO     | jewelry_detector.image_processor | Panel refined (OpenCV): [1283, 581, 1734, 1156]
2026-07-22 11:54:16 | INFO     | jewelry_detector.image_processor | Clean panel crop: raw_size=451x575 trim_left=18 trim_top=46 trim_right=7 trim_bottom=6 content_retained=99.6% success=True
2026-07-22 11:54:16 | INFO     | jewelry_detector.image_processor | Trimmed Object (ảnh gốc): [1389, 827, 1605, 992] | AI bbox gốc: [1387,648,1647,1065]
2026-07-22 11:54:16 | INFO     | jewelry_detector.image_processor | Object refined (OpenCV Trim): [1389, 827, 1605, 992]
2026-07-22 11:54:16 | INFO     | jewelry_detector.image_processor | Đã lưu ảnh kết quả: DF27.COMP072_DI_06202026_bottom_result.jpg
2026-07-22 11:54:16 | INFO     | jewelry_detector.image_processor | Tổng thời gian xử lý: 0.02s
2026-07-22 11:54:16 | INFO     | jewelry_detector.image_processor | Kích thước ảnh: 1734 x 1158 px
2026-07-22 11:54:16 | INFO     | jewelry_detector.image_processor | Panel pixel (AI): [0, 868, 434, 1158]
2026-07-22 11:54:16 | INFO     | jewelry_detector.image_processor | Object pixel (AI): [173, 926, 347, 1100]
2026-07-22 11:54:16 | INFO     | jewelry_detector.image_processor | Center pixel: [260, 1013]
2026-07-22 11:54:16 | INFO     | jewelry_detector.image_processor | OpenCV panel refine IoU = 0.924
2026-07-22 11:54:16 | INFO     | jewelry_detector.image_processor | Panel refined: [0, 857, 451, 1158]
2026-07-22 11:54:16 | INFO     | jewelry_detector.image_processor | Panel refined (OpenCV): [0, 857, 451, 1158]
2026-07-22 11:54:16 | INFO     | jewelry_detector.image_processor | Clean panel crop: raw_size=451x301 trim_left=7 trim_top=0 trim_right=9 trim_bottom=8 content_retained=100.0% success=True
2026-07-22 11:54:16 | INFO     | jewelry_detector.image_processor | Trimmed Object (ảnh gốc): [201, 859, 377, 1137] | AI bbox gốc: [173,926,347,1100]
2026-07-22 11:54:16 | INFO     | jewelry_detector.image_processor | Object refined (OpenCV Trim): [201, 859, 377, 1137]
2026-07-22 11:54:16 | INFO     | jewelry_detector.image_processor | Đã lưu ảnh kết quả: DF27.COMP072_DI_06202026_perspective_result.jpg
2026-07-22 11:54:16 | INFO     | jewelry_detector.image_processor | Tổng thời gian xử lý: 0.02s
2026-07-22 11:54:57 | INFO     | jewelry_detector.image_processor | Kích thước ảnh: 1734 x 1158 px
2026-07-22 11:54:57 | INFO     | jewelry_detector.image_processor | Panel pixel (AI): [434, 93, 867, 602]
2026-07-22 11:54:57 | INFO     | jewelry_detector.image_processor | Object pixel (AI): [520, 151, 780, 544]
2026-07-22 11:54:57 | INFO     | jewelry_detector.image_processor | Center pixel: [650, 347]
2026-07-22 11:54:57 | INFO     | jewelry_detector.image_processor | OpenCV panel refine IoU = 0.880
2026-07-22 11:54:57 | INFO     | jewelry_detector.image_processor | Panel refined: [416, 99, 884, 623]
2026-07-22 11:54:57 | INFO     | jewelry_detector.image_processor | Panel refined (OpenCV): [416, 99, 884, 623]
2026-07-22 11:54:57 | INFO     | jewelry_detector.image_processor | Clean panel crop: raw_size=468x524 trim_left=29 trim_top=3 trim_right=14 trim_bottom=0 content_retained=97.0% success=True
2026-07-22 11:54:57 | INFO     | jewelry_detector.image_processor | Trimmed Object (ảnh gốc): [545, 181, 858, 562] | AI bbox gốc: [520,151,780,544]
2026-07-22 11:54:57 | INFO     | jewelry_detector.image_processor | Object refined (OpenCV Trim): [545, 181, 858, 562]
2026-07-22 11:54:57 | INFO     | jewelry_detector.image_processor | Đã lưu ảnh kết quả: DF27.COMP072_DI_06202026_front_result.jpg
2026-07-22 11:54:57 | INFO     | jewelry_detector.image_processor | Tổng thời gian xử lý: 0.02s
2026-07-22 11:54:57 | INFO     | jewelry_detector.image_processor | Kích thước ảnh: 1734 x 1158 px
2026-07-22 11:54:57 | INFO     | jewelry_detector.image_processor | Panel pixel (AI): [867, 93, 1300, 602]
2026-07-22 11:54:57 | INFO     | jewelry_detector.image_processor | Object pixel (AI): [954, 151, 1214, 544]
2026-07-22 11:54:57 | INFO     | jewelry_detector.image_processor | Center pixel: [1084, 347]
2026-07-22 11:54:57 | INFO     | jewelry_detector.image_processor | OpenCV panel refine IoU = 0.880
2026-07-22 11:54:57 | INFO     | jewelry_detector.image_processor | Panel refined: [850, 99, 1318, 623]
2026-07-22 11:54:57 | INFO     | jewelry_detector.image_processor | Panel refined (OpenCV): [850, 99, 1318, 623]
2026-07-22 11:54:57 | INFO     | jewelry_detector.image_processor | Clean panel crop: raw_size=468x524 trim_left=23 trim_top=3 trim_right=20 trim_bottom=0 content_retained=99.6% success=True
2026-07-22 11:54:57 | INFO     | jewelry_detector.image_processor | Trimmed Object (ảnh gốc): [923, 220, 1277, 612] | AI bbox gốc: [954,151,1214,544]
2026-07-22 11:54:57 | INFO     | jewelry_detector.image_processor | Object refined (OpenCV Trim): [923, 220, 1277, 612]
2026-07-22 11:54:57 | INFO     | jewelry_detector.image_processor | Đã lưu ảnh kết quả: DF27.COMP072_DI_06202026_left_result.jpg
2026-07-22 11:54:57 | INFO     | jewelry_detector.image_processor | Tổng thời gian xử lý: 0.02s
2026-07-22 11:54:57 | INFO     | jewelry_detector.image_processor | Kích thước ảnh: 1734 x 1158 px
2026-07-22 11:54:57 | INFO     | jewelry_detector.image_processor | Panel pixel (AI): [1300, 93, 1734, 602]
2026-07-22 11:54:57 | INFO     | jewelry_detector.image_processor | Object pixel (AI): [1387, 151, 1647, 544]
2026-07-22 11:54:57 | INFO     | jewelry_detector.image_processor | Center pixel: [1517, 347]
2026-07-22 11:54:57 | INFO     | jewelry_detector.image_processor | OpenCV panel refine IoU = 0.889
2026-07-22 11:54:57 | INFO     | jewelry_detector.image_processor | Panel refined: [1283, 72, 1734, 623]
2026-07-22 11:54:57 | INFO     | jewelry_detector.image_processor | Panel refined (OpenCV): [1283, 72, 1734, 623]
2026-07-22 11:54:57 | INFO     | jewelry_detector.image_processor | Clean panel crop: raw_size=451x551 trim_left=18 trim_top=30 trim_right=7 trim_bottom=0 content_retained=99.8% success=True
2026-07-22 11:54:57 | INFO     | jewelry_detector.image_processor | Trimmed Object (ảnh gốc): [1371, 269, 1635, 469] | AI bbox gốc: [1387,151,1647,544]
2026-07-22 11:54:57 | INFO     | jewelry_detector.image_processor | Object refined (OpenCV Trim): [1371, 269, 1635, 469]
2026-07-22 11:54:57 | INFO     | jewelry_detector.image_processor | Đã lưu ảnh kết quả: DF27.COMP072_DI_06202026_top_result.jpg
2026-07-22 11:54:57 | INFO     | jewelry_detector.image_processor | Tổng thời gian xử lý: 0.02s
2026-07-22 11:54:57 | INFO     | jewelry_detector.image_processor | Kích thước ảnh: 1734 x 1158 px
2026-07-22 11:54:57 | INFO     | jewelry_detector.image_processor | Panel pixel (AI): [434, 602, 867, 1135]
2026-07-22 11:54:57 | INFO     | jewelry_detector.image_processor | Object pixel (AI): [520, 660, 780, 1065]
2026-07-22 11:54:57 | INFO     | jewelry_detector.image_processor | Center pixel: [650, 863]
2026-07-22 11:54:57 | INFO     | jewelry_detector.image_processor | OpenCV panel refine IoU = 0.858
2026-07-22 11:54:57 | INFO     | jewelry_detector.image_processor | Panel refined: [416, 581, 884, 1156]
2026-07-22 11:54:57 | INFO     | jewelry_detector.image_processor | Panel refined (OpenCV): [416, 581, 884, 1156]
2026-07-22 11:54:57 | INFO     | jewelry_detector.image_processor | Clean panel crop: raw_size=468x575 trim_left=29 trim_top=46 trim_right=14 trim_bottom=6 content_retained=97.8% success=True
2026-07-22 11:54:57 | INFO     | jewelry_detector.image_processor | Trimmed Object (ảnh gốc): [483, 703, 737, 1079] | AI bbox gốc: [520,660,780,1065]
2026-07-22 11:54:57 | INFO     | jewelry_detector.image_processor | Object refined (OpenCV Trim): [483, 703, 737, 1079]
2026-07-22 11:54:57 | INFO     | jewelry_detector.image_processor | Đã lưu ảnh kết quả: DF27.COMP072_DI_06202026_back_result.jpg
2026-07-22 11:54:57 | INFO     | jewelry_detector.image_processor | Tổng thời gian xử lý: 0.02s
2026-07-22 11:54:57 | INFO     | jewelry_detector.image_processor | Kích thước ảnh: 1734 x 1158 px
2026-07-22 11:54:57 | INFO     | jewelry_detector.image_processor | Panel pixel (AI): [867, 602, 1300, 1135]
2026-07-22 11:54:57 | INFO     | jewelry_detector.image_processor | Object pixel (AI): [954, 660, 1214, 1065]
2026-07-22 11:54:57 | INFO     | jewelry_detector.image_processor | Center pixel: [1084, 863]
2026-07-22 11:54:57 | INFO     | jewelry_detector.image_processor | OpenCV panel refine IoU = 0.858
2026-07-22 11:54:57 | INFO     | jewelry_detector.image_processor | Panel refined: [850, 581, 1318, 1156]
2026-07-22 11:54:57 | INFO     | jewelry_detector.image_processor | Panel refined (OpenCV): [850, 581, 1318, 1156]
2026-07-22 11:54:57 | INFO     | jewelry_detector.image_processor | Clean panel crop: raw_size=468x575 trim_left=23 trim_top=46 trim_right=20 trim_bottom=6 content_retained=86.7% success=True
2026-07-22 11:54:57 | INFO     | jewelry_detector.image_processor | Trimmed Object (ảnh gốc): [1023, 711, 1189, 1022] | AI bbox gốc: [954,660,1214,1065]
2026-07-22 11:54:57 | INFO     | jewelry_detector.image_processor | Object refined (OpenCV Trim): [1023, 711, 1189, 1022]
2026-07-22 11:54:57 | INFO     | jewelry_detector.image_processor | Đã lưu ảnh kết quả: DF27.COMP072_DI_06202026_right_result.jpg
2026-07-22 11:54:57 | INFO     | jewelry_detector.image_processor | Tổng thời gian xử lý: 0.02s
2026-07-22 11:54:57 | INFO     | jewelry_detector.image_processor | Kích thước ảnh: 1734 x 1158 px
2026-07-22 11:54:57 | INFO     | jewelry_detector.image_processor | Panel pixel (AI): [1300, 602, 1734, 1135]
2026-07-22 11:54:57 | INFO     | jewelry_detector.image_processor | Object pixel (AI): [1387, 660, 1647, 1065]
2026-07-22 11:54:57 | INFO     | jewelry_detector.image_processor | Center pixel: [1517, 863]
2026-07-22 11:54:57 | INFO     | jewelry_detector.image_processor | OpenCV panel refine IoU = 0.890
2026-07-22 11:54:57 | INFO     | jewelry_detector.image_processor | Panel refined: [1283, 581, 1734, 1156]
2026-07-22 11:54:57 | INFO     | jewelry_detector.image_processor | Panel refined (OpenCV): [1283, 581, 1734, 1156]
2026-07-22 11:54:57 | INFO     | jewelry_detector.image_processor | Clean panel crop: raw_size=451x575 trim_left=18 trim_top=46 trim_right=7 trim_bottom=6 content_retained=99.6% success=True
2026-07-22 11:54:57 | INFO     | jewelry_detector.image_processor | Trimmed Object (ảnh gốc): [1389, 827, 1605, 992] | AI bbox gốc: [1387,660,1647,1065]
2026-07-22 11:54:57 | INFO     | jewelry_detector.image_processor | Object refined (OpenCV Trim): [1389, 827, 1605, 992]
2026-07-22 11:54:57 | INFO     | jewelry_detector.image_processor | Đã lưu ảnh kết quả: DF27.COMP072_DI_06202026_bottom_result.jpg
2026-07-22 11:54:57 | INFO     | jewelry_detector.image_processor | Tổng thời gian xử lý: 0.02s
2026-07-22 11:54:57 | INFO     | jewelry_detector.image_processor | Kích thước ảnh: 1734 x 1158 px
2026-07-22 11:54:57 | INFO     | jewelry_detector.image_processor | Panel pixel (AI): [0, 868, 434, 1158]
2026-07-22 11:54:57 | INFO     | jewelry_detector.image_processor | Object pixel (AI): [173, 926, 347, 1100]
2026-07-22 11:54:57 | INFO     | jewelry_detector.image_processor | Center pixel: [260, 1013]
2026-07-22 11:54:57 | INFO     | jewelry_detector.image_processor | OpenCV panel refine IoU = 0.924
2026-07-22 11:54:57 | INFO     | jewelry_detector.image_processor | Panel refined: [0, 857, 451, 1158]
2026-07-22 11:54:57 | INFO     | jewelry_detector.image_processor | Panel refined (OpenCV): [0, 857, 451, 1158]
2026-07-22 11:54:57 | INFO     | jewelry_detector.image_processor | Clean panel crop: raw_size=451x301 trim_left=7 trim_top=0 trim_right=9 trim_bottom=8 content_retained=100.0% success=True
2026-07-22 11:54:57 | INFO     | jewelry_detector.image_processor | Trimmed Object (ảnh gốc): [201, 859, 377, 1137] | AI bbox gốc: [173,926,347,1100]
2026-07-22 11:54:57 | INFO     | jewelry_detector.image_processor | Object refined (OpenCV Trim): [201, 859, 377, 1137]
2026-07-22 11:54:57 | INFO     | jewelry_detector.image_processor | Đã lưu ảnh kết quả: DF27.COMP072_DI_06202026_perspective_result.jpg
2026-07-22 11:54:57 | INFO     | jewelry_detector.image_processor | Tổng thời gian xử lý: 0.02s
2026-07-22 11:55:20 | INFO     | jewelry_detector.image_processor | Kích thước ảnh: 1734 x 1158 px
2026-07-22 11:55:20 | INFO     | jewelry_detector.image_processor | Panel pixel (AI): [434, 93, 867, 602]
2026-07-22 11:55:20 | INFO     | jewelry_detector.image_processor | Object pixel (AI): [520, 139, 780, 556]
2026-07-22 11:55:20 | INFO     | jewelry_detector.image_processor | Center pixel: [650, 347]
2026-07-22 11:55:20 | INFO     | jewelry_detector.image_processor | OpenCV panel refine IoU = 0.880
2026-07-22 11:55:20 | INFO     | jewelry_detector.image_processor | Panel refined: [416, 99, 884, 623]
2026-07-22 11:55:20 | INFO     | jewelry_detector.image_processor | Panel refined (OpenCV): [416, 99, 884, 623]
2026-07-22 11:55:20 | INFO     | jewelry_detector.image_processor | Clean panel crop: raw_size=468x524 trim_left=29 trim_top=3 trim_right=14 trim_bottom=0 content_retained=97.0% success=True
2026-07-22 11:55:20 | INFO     | jewelry_detector.image_processor | Trimmed Object (ảnh gốc): [545, 181, 858, 562] | AI bbox gốc: [520,139,780,556]
2026-07-22 11:55:20 | INFO     | jewelry_detector.image_processor | Object refined (OpenCV Trim): [545, 181, 858, 562]
2026-07-22 11:55:20 | INFO     | jewelry_detector.image_processor | Đã lưu ảnh kết quả: DF27.COMP072_DI_06202026_front_result.jpg
2026-07-22 11:55:20 | INFO     | jewelry_detector.image_processor | Tổng thời gian xử lý: 0.03s
2026-07-22 11:55:20 | INFO     | jewelry_detector.image_processor | Kích thước ảnh: 1734 x 1158 px
2026-07-22 11:55:20 | INFO     | jewelry_detector.image_processor | Panel pixel (AI): [867, 93, 1300, 602]
2026-07-22 11:55:20 | INFO     | jewelry_detector.image_processor | Object pixel (AI): [954, 139, 1214, 556]
2026-07-22 11:55:20 | INFO     | jewelry_detector.image_processor | Center pixel: [1084, 347]
2026-07-22 11:55:20 | INFO     | jewelry_detector.image_processor | OpenCV panel refine IoU = 0.880
2026-07-22 11:55:20 | INFO     | jewelry_detector.image_processor | Panel refined: [850, 99, 1318, 623]
2026-07-22 11:55:20 | INFO     | jewelry_detector.image_processor | Panel refined (OpenCV): [850, 99, 1318, 623]
2026-07-22 11:55:20 | INFO     | jewelry_detector.image_processor | Clean panel crop: raw_size=468x524 trim_left=23 trim_top=3 trim_right=20 trim_bottom=0 content_retained=99.6% success=True
2026-07-22 11:55:20 | INFO     | jewelry_detector.image_processor | Trimmed Object (ảnh gốc): [923, 220, 1277, 612] | AI bbox gốc: [954,139,1214,556]
2026-07-22 11:55:20 | INFO     | jewelry_detector.image_processor | Object refined (OpenCV Trim): [923, 220, 1277, 612]
2026-07-22 11:55:20 | INFO     | jewelry_detector.image_processor | Đã lưu ảnh kết quả: DF27.COMP072_DI_06202026_left_result.jpg
2026-07-22 11:55:20 | INFO     | jewelry_detector.image_processor | Tổng thời gian xử lý: 0.02s
2026-07-22 11:55:20 | INFO     | jewelry_detector.image_processor | Kích thước ảnh: 1734 x 1158 px
2026-07-22 11:55:20 | INFO     | jewelry_detector.image_processor | Panel pixel (AI): [1300, 93, 1734, 602]
2026-07-22 11:55:20 | INFO     | jewelry_detector.image_processor | Object pixel (AI): [1387, 139, 1647, 556]
2026-07-22 11:55:20 | INFO     | jewelry_detector.image_processor | Center pixel: [1517, 347]
2026-07-22 11:55:20 | INFO     | jewelry_detector.image_processor | OpenCV panel refine IoU = 0.889
2026-07-22 11:55:20 | INFO     | jewelry_detector.image_processor | Panel refined: [1283, 72, 1734, 623]
2026-07-22 11:55:20 | INFO     | jewelry_detector.image_processor | Panel refined (OpenCV): [1283, 72, 1734, 623]
2026-07-22 11:55:20 | INFO     | jewelry_detector.image_processor | Clean panel crop: raw_size=451x551 trim_left=18 trim_top=30 trim_right=7 trim_bottom=0 content_retained=99.8% success=True
2026-07-22 11:55:20 | INFO     | jewelry_detector.image_processor | Trimmed Object (ảnh gốc): [1371, 269, 1635, 469] | AI bbox gốc: [1387,139,1647,556]
2026-07-22 11:55:20 | INFO     | jewelry_detector.image_processor | Object refined (OpenCV Trim): [1371, 269, 1635, 469]
2026-07-22 11:55:20 | INFO     | jewelry_detector.image_processor | Đã lưu ảnh kết quả: DF27.COMP072_DI_06202026_top_result.jpg
2026-07-22 11:55:20 | INFO     | jewelry_detector.image_processor | Tổng thời gian xử lý: 0.02s
2026-07-22 11:55:20 | INFO     | jewelry_detector.image_processor | Kích thước ảnh: 1734 x 1158 px
2026-07-22 11:55:20 | INFO     | jewelry_detector.image_processor | Panel pixel (AI): [434, 602, 867, 1135]
2026-07-22 11:55:20 | INFO     | jewelry_detector.image_processor | Object pixel (AI): [520, 648, 780, 1065]
2026-07-22 11:55:20 | INFO     | jewelry_detector.image_processor | Center pixel: [650, 857]
2026-07-22 11:55:20 | INFO     | jewelry_detector.image_processor | OpenCV panel refine IoU = 0.858
2026-07-22 11:55:20 | INFO     | jewelry_detector.image_processor | Panel refined: [416, 581, 884, 1156]
2026-07-22 11:55:20 | INFO     | jewelry_detector.image_processor | Panel refined (OpenCV): [416, 581, 884, 1156]
2026-07-22 11:55:20 | INFO     | jewelry_detector.image_processor | Clean panel crop: raw_size=468x575 trim_left=29 trim_top=46 trim_right=14 trim_bottom=6 content_retained=97.8% success=True
2026-07-22 11:55:20 | INFO     | jewelry_detector.image_processor | Trimmed Object (ảnh gốc): [483, 703, 737, 1079] | AI bbox gốc: [520,648,780,1065]
2026-07-22 11:55:20 | INFO     | jewelry_detector.image_processor | Object refined (OpenCV Trim): [483, 703, 737, 1079]
2026-07-22 11:55:20 | INFO     | jewelry_detector.image_processor | Đã lưu ảnh kết quả: DF27.COMP072_DI_06202026_back_result.jpg
2026-07-22 11:55:20 | INFO     | jewelry_detector.image_processor | Tổng thời gian xử lý: 0.02s
2026-07-22 11:55:20 | INFO     | jewelry_detector.image_processor | Kích thước ảnh: 1734 x 1158 px
2026-07-22 11:55:20 | INFO     | jewelry_detector.image_processor | Panel pixel (AI): [867, 602, 1300, 1135]
2026-07-22 11:55:20 | INFO     | jewelry_detector.image_processor | Object pixel (AI): [954, 648, 1214, 1065]
2026-07-22 11:55:20 | INFO     | jewelry_detector.image_processor | Center pixel: [1084, 857]
2026-07-22 11:55:20 | INFO     | jewelry_detector.image_processor | OpenCV panel refine IoU = 0.858
2026-07-22 11:55:20 | INFO     | jewelry_detector.image_processor | Panel refined: [850, 581, 1318, 1156]
2026-07-22 11:55:20 | INFO     | jewelry_detector.image_processor | Panel refined (OpenCV): [850, 581, 1318, 1156]
2026-07-22 11:55:20 | INFO     | jewelry_detector.image_processor | Clean panel crop: raw_size=468x575 trim_left=23 trim_top=46 trim_right=20 trim_bottom=6 content_retained=86.7% success=True
2026-07-22 11:55:20 | INFO     | jewelry_detector.image_processor | Trimmed Object (ảnh gốc): [1023, 711, 1189, 1022] | AI bbox gốc: [954,648,1214,1065]
2026-07-22 11:55:20 | INFO     | jewelry_detector.image_processor | Object refined (OpenCV Trim): [1023, 711, 1189, 1022]
2026-07-22 11:55:20 | INFO     | jewelry_detector.image_processor | Đã lưu ảnh kết quả: DF27.COMP072_DI_06202026_right_result.jpg
2026-07-22 11:55:20 | INFO     | jewelry_detector.image_processor | Tổng thời gian xử lý: 0.02s
2026-07-22 11:55:20 | INFO     | jewelry_detector.image_processor | Kích thước ảnh: 1734 x 1158 px
2026-07-22 11:55:20 | INFO     | jewelry_detector.image_processor | Panel pixel (AI): [1300, 602, 1734, 1135]
2026-07-22 11:55:20 | INFO     | jewelry_detector.image_processor | Object pixel (AI): [1387, 648, 1647, 1065]
2026-07-22 11:55:20 | INFO     | jewelry_detector.image_processor | Center pixel: [1517, 857]
2026-07-22 11:55:20 | INFO     | jewelry_detector.image_processor | OpenCV panel refine IoU = 0.890
2026-07-22 11:55:20 | INFO     | jewelry_detector.image_processor | Panel refined: [1283, 581, 1734, 1156]
2026-07-22 11:55:20 | INFO     | jewelry_detector.image_processor | Panel refined (OpenCV): [1283, 581, 1734, 1156]
2026-07-22 11:55:20 | INFO     | jewelry_detector.image_processor | Clean panel crop: raw_size=451x575 trim_left=18 trim_top=46 trim_right=7 trim_bottom=6 content_retained=99.6% success=True
2026-07-22 11:55:20 | INFO     | jewelry_detector.image_processor | Trimmed Object (ảnh gốc): [1389, 827, 1605, 992] | AI bbox gốc: [1387,648,1647,1065]
2026-07-22 11:55:20 | INFO     | jewelry_detector.image_processor | Object refined (OpenCV Trim): [1389, 827, 1605, 992]
2026-07-22 11:55:20 | INFO     | jewelry_detector.image_processor | Đã lưu ảnh kết quả: DF27.COMP072_DI_06202026_bottom_result.jpg
2026-07-22 11:55:20 | INFO     | jewelry_detector.image_processor | Tổng thời gian xử lý: 0.02s
2026-07-22 11:55:20 | INFO     | jewelry_detector.image_processor | Kích thước ảnh: 1734 x 1158 px
2026-07-22 11:55:20 | INFO     | jewelry_detector.image_processor | Panel pixel (AI): [0, 868, 434, 1158]
2026-07-22 11:55:20 | INFO     | jewelry_detector.image_processor | Object pixel (AI): [173, 926, 347, 1100]
2026-07-22 11:55:20 | INFO     | jewelry_detector.image_processor | Center pixel: [260, 1013]
2026-07-22 11:55:20 | INFO     | jewelry_detector.image_processor | OpenCV panel refine IoU = 0.924
2026-07-22 11:55:20 | INFO     | jewelry_detector.image_processor | Panel refined: [0, 857, 451, 1158]
2026-07-22 11:55:20 | INFO     | jewelry_detector.image_processor | Panel refined (OpenCV): [0, 857, 451, 1158]
2026-07-22 11:55:20 | INFO     | jewelry_detector.image_processor | Clean panel crop: raw_size=451x301 trim_left=7 trim_top=0 trim_right=9 trim_bottom=8 content_retained=100.0% success=True
2026-07-22 11:55:20 | INFO     | jewelry_detector.image_processor | Trimmed Object (ảnh gốc): [201, 859, 377, 1137] | AI bbox gốc: [173,926,347,1100]
2026-07-22 11:55:20 | INFO     | jewelry_detector.image_processor | Object refined (OpenCV Trim): [201, 859, 377, 1137]
2026-07-22 11:55:20 | INFO     | jewelry_detector.image_processor | Đã lưu ảnh kết quả: DF27.COMP072_DI_06202026_perspective_result.jpg
2026-07-22 11:55:20 | INFO     | jewelry_detector.image_processor | Tổng thời gian xử lý: 0.02s
2026-07-22 11:55:51 | INFO     | jewelry_detector.image_processor | Kích thước ảnh: 1734 x 1158 px
2026-07-22 11:55:51 | INFO     | jewelry_detector.image_processor | Panel pixel (AI): [434, 93, 867, 602]
2026-07-22 11:55:51 | INFO     | jewelry_detector.image_processor | Object pixel (AI): [520, 139, 780, 556]
2026-07-22 11:55:51 | INFO     | jewelry_detector.image_processor | Center pixel: [650, 347]
2026-07-22 11:55:51 | INFO     | jewelry_detector.image_processor | OpenCV panel refine IoU = 0.880
2026-07-22 11:55:51 | INFO     | jewelry_detector.image_processor | Panel refined: [416, 99, 884, 623]
2026-07-22 11:55:51 | INFO     | jewelry_detector.image_processor | Panel refined (OpenCV): [416, 99, 884, 623]
2026-07-22 11:55:51 | INFO     | jewelry_detector.image_processor | Clean panel crop: raw_size=468x524 trim_left=29 trim_top=3 trim_right=14 trim_bottom=0 content_retained=97.0% success=True
2026-07-22 11:55:51 | INFO     | jewelry_detector.image_processor | Trimmed Object (ảnh gốc): [545, 181, 858, 562] | AI bbox gốc: [520,139,780,556]
2026-07-22 11:55:51 | INFO     | jewelry_detector.image_processor | Object refined (OpenCV Trim): [545, 181, 858, 562]
2026-07-22 11:55:51 | INFO     | jewelry_detector.image_processor | Đã lưu ảnh kết quả: DF27.COMP072_DI_06202026_front_result.jpg
2026-07-22 11:55:51 | INFO     | jewelry_detector.image_processor | Tổng thời gian xử lý: 0.02s
2026-07-22 11:55:51 | INFO     | jewelry_detector.image_processor | Kích thước ảnh: 1734 x 1158 px
2026-07-22 11:55:51 | INFO     | jewelry_detector.image_processor | Panel pixel (AI): [867, 93, 1300, 602]
2026-07-22 11:55:51 | INFO     | jewelry_detector.image_processor | Object pixel (AI): [954, 139, 1214, 556]
2026-07-22 11:55:51 | INFO     | jewelry_detector.image_processor | Center pixel: [1084, 347]
2026-07-22 11:55:51 | INFO     | jewelry_detector.image_processor | OpenCV panel refine IoU = 0.880
2026-07-22 11:55:51 | INFO     | jewelry_detector.image_processor | Panel refined: [850, 99, 1318, 623]
2026-07-22 11:55:51 | INFO     | jewelry_detector.image_processor | Panel refined (OpenCV): [850, 99, 1318, 623]
2026-07-22 11:55:51 | INFO     | jewelry_detector.image_processor | Clean panel crop: raw_size=468x524 trim_left=23 trim_top=3 trim_right=20 trim_bottom=0 content_retained=99.6% success=True
2026-07-22 11:55:51 | INFO     | jewelry_detector.image_processor | Trimmed Object (ảnh gốc): [923, 220, 1277, 612] | AI bbox gốc: [954,139,1214,556]
2026-07-22 11:55:51 | INFO     | jewelry_detector.image_processor | Object refined (OpenCV Trim): [923, 220, 1277, 612]
2026-07-22 11:55:51 | INFO     | jewelry_detector.image_processor | Đã lưu ảnh kết quả: DF27.COMP072_DI_06202026_left_result.jpg
2026-07-22 11:55:51 | INFO     | jewelry_detector.image_processor | Tổng thời gian xử lý: 0.02s
2026-07-22 11:55:51 | INFO     | jewelry_detector.image_processor | Kích thước ảnh: 1734 x 1158 px
2026-07-22 11:55:51 | INFO     | jewelry_detector.image_processor | Panel pixel (AI): [1300, 93, 1734, 602]
2026-07-22 11:55:51 | INFO     | jewelry_detector.image_processor | Object pixel (AI): [1387, 139, 1647, 556]
2026-07-22 11:55:51 | INFO     | jewelry_detector.image_processor | Center pixel: [1517, 347]
2026-07-22 11:55:51 | INFO     | jewelry_detector.image_processor | OpenCV panel refine IoU = 0.889
2026-07-22 11:55:51 | INFO     | jewelry_detector.image_processor | Panel refined: [1283, 72, 1734, 623]
2026-07-22 11:55:51 | INFO     | jewelry_detector.image_processor | Panel refined (OpenCV): [1283, 72, 1734, 623]
2026-07-22 11:55:51 | INFO     | jewelry_detector.image_processor | Clean panel crop: raw_size=451x551 trim_left=18 trim_top=30 trim_right=7 trim_bottom=0 content_retained=99.8% success=True
2026-07-22 11:55:51 | INFO     | jewelry_detector.image_processor | Trimmed Object (ảnh gốc): [1371, 269, 1635, 469] | AI bbox gốc: [1387,139,1647,556]
2026-07-22 11:55:51 | INFO     | jewelry_detector.image_processor | Object refined (OpenCV Trim): [1371, 269, 1635, 469]
2026-07-22 11:55:51 | INFO     | jewelry_detector.image_processor | Đã lưu ảnh kết quả: DF27.COMP072_DI_06202026_top_result.jpg
2026-07-22 11:55:51 | INFO     | jewelry_detector.image_processor | Tổng thời gian xử lý: 0.02s
2026-07-22 11:55:51 | INFO     | jewelry_detector.image_processor | Kích thước ảnh: 1734 x 1158 px
2026-07-22 11:55:51 | INFO     | jewelry_detector.image_processor | Panel pixel (AI): [434, 602, 867, 1135]
2026-07-22 11:55:51 | INFO     | jewelry_detector.image_processor | Object pixel (AI): [520, 648, 780, 1065]
2026-07-22 11:55:51 | INFO     | jewelry_detector.image_processor | Center pixel: [650, 857]
2026-07-22 11:55:51 | INFO     | jewelry_detector.image_processor | OpenCV panel refine IoU = 0.858
2026-07-22 11:55:51 | INFO     | jewelry_detector.image_processor | Panel refined: [416, 581, 884, 1156]
2026-07-22 11:55:51 | INFO     | jewelry_detector.image_processor | Panel refined (OpenCV): [416, 581, 884, 1156]
2026-07-22 11:55:51 | INFO     | jewelry_detector.image_processor | Clean panel crop: raw_size=468x575 trim_left=29 trim_top=46 trim_right=14 trim_bottom=6 content_retained=97.8% success=True
2026-07-22 11:55:51 | INFO     | jewelry_detector.image_processor | Trimmed Object (ảnh gốc): [483, 703, 737, 1079] | AI bbox gốc: [520,648,780,1065]
2026-07-22 11:55:51 | INFO     | jewelry_detector.image_processor | Object refined (OpenCV Trim): [483, 703, 737, 1079]
2026-07-22 11:55:51 | INFO     | jewelry_detector.image_processor | Đã lưu ảnh kết quả: DF27.COMP072_DI_06202026_back_result.jpg
2026-07-22 11:55:51 | INFO     | jewelry_detector.image_processor | Tổng thời gian xử lý: 0.02s
2026-07-22 11:55:51 | INFO     | jewelry_detector.image_processor | Kích thước ảnh: 1734 x 1158 px
2026-07-22 11:55:51 | INFO     | jewelry_detector.image_processor | Panel pixel (AI): [867, 602, 1300, 1135]
2026-07-22 11:55:51 | INFO     | jewelry_detector.image_processor | Object pixel (AI): [954, 648, 1214, 1065]
2026-07-22 11:55:51 | INFO     | jewelry_detector.image_processor | Center pixel: [1084, 857]
2026-07-22 11:55:51 | INFO     | jewelry_detector.image_processor | OpenCV panel refine IoU = 0.858
2026-07-22 11:55:51 | INFO     | jewelry_detector.image_processor | Panel refined: [850, 581, 1318, 1156]
2026-07-22 11:55:51 | INFO     | jewelry_detector.image_processor | Panel refined (OpenCV): [850, 581, 1318, 1156]
2026-07-22 11:55:51 | INFO     | jewelry_detector.image_processor | Clean panel crop: raw_size=468x575 trim_left=23 trim_top=46 trim_right=20 trim_bottom=6 content_retained=86.7% success=True
2026-07-22 11:55:51 | INFO     | jewelry_detector.image_processor | Trimmed Object (ảnh gốc): [1023, 711, 1189, 1022] | AI bbox gốc: [954,648,1214,1065]
2026-07-22 11:55:51 | INFO     | jewelry_detector.image_processor | Object refined (OpenCV Trim): [1023, 711, 1189, 1022]
2026-07-22 11:55:51 | INFO     | jewelry_detector.image_processor | Đã lưu ảnh kết quả: DF27.COMP072_DI_06202026_right_result.jpg
2026-07-22 11:55:51 | INFO     | jewelry_detector.image_processor | Tổng thời gian xử lý: 0.02s
2026-07-22 11:55:51 | INFO     | jewelry_detector.image_processor | Kích thước ảnh: 1734 x 1158 px
2026-07-22 11:55:51 | INFO     | jewelry_detector.image_processor | Panel pixel (AI): [1300, 602, 1734, 1135]
2026-07-22 11:55:51 | INFO     | jewelry_detector.image_processor | Object pixel (AI): [1387, 648, 1647, 1065]
2026-07-22 11:55:51 | INFO     | jewelry_detector.image_processor | Center pixel: [1517, 857]
2026-07-22 11:55:51 | INFO     | jewelry_detector.image_processor | OpenCV panel refine IoU = 0.890
2026-07-22 11:55:51 | INFO     | jewelry_detector.image_processor | Panel refined: [1283, 581, 1734, 1156]
2026-07-22 11:55:51 | INFO     | jewelry_detector.image_processor | Panel refined (OpenCV): [1283, 581, 1734, 1156]
2026-07-22 11:55:51 | INFO     | jewelry_detector.image_processor | Clean panel crop: raw_size=451x575 trim_left=18 trim_top=46 trim_right=7 trim_bottom=6 content_retained=99.6% success=True
2026-07-22 11:55:51 | INFO     | jewelry_detector.image_processor | Trimmed Object (ảnh gốc): [1389, 827, 1605, 992] | AI bbox gốc: [1387,648,1647,1065]
2026-07-22 11:55:51 | INFO     | jewelry_detector.image_processor | Object refined (OpenCV Trim): [1389, 827, 1605, 992]
2026-07-22 11:55:51 | INFO     | jewelry_detector.image_processor | Đã lưu ảnh kết quả: DF27.COMP072_DI_06202026_bottom_result.jpg
2026-07-22 11:55:51 | INFO     | jewelry_detector.image_processor | Tổng thời gian xử lý: 0.02s
2026-07-22 11:55:51 | INFO     | jewelry_detector.image_processor | Kích thước ảnh: 1734 x 1158 px
2026-07-22 11:55:51 | INFO     | jewelry_detector.image_processor | Panel pixel (AI): [0, 868, 434, 1158]
2026-07-22 11:55:51 | INFO     | jewelry_detector.image_processor | Object pixel (AI): [173, 926, 347, 1100]
2026-07-22 11:55:51 | INFO     | jewelry_detector.image_processor | Center pixel: [260, 1013]
2026-07-22 11:55:51 | INFO     | jewelry_detector.image_processor | OpenCV panel refine IoU = 0.924
2026-07-22 11:55:51 | INFO     | jewelry_detector.image_processor | Panel refined: [0, 857, 451, 1158]
2026-07-22 11:55:51 | INFO     | jewelry_detector.image_processor | Panel refined (OpenCV): [0, 857, 451, 1158]
2026-07-22 11:55:51 | INFO     | jewelry_detector.image_processor | Clean panel crop: raw_size=451x301 trim_left=7 trim_top=0 trim_right=9 trim_bottom=8 content_retained=100.0% success=True
2026-07-22 11:55:51 | INFO     | jewelry_detector.image_processor | Trimmed Object (ảnh gốc): [201, 859, 377, 1137] | AI bbox gốc: [173,926,347,1100]
2026-07-22 11:55:51 | INFO     | jewelry_detector.image_processor | Object refined (OpenCV Trim): [201, 859, 377, 1137]
2026-07-22 11:55:51 | INFO     | jewelry_detector.image_processor | Đã lưu ảnh kết quả: DF27.COMP072_DI_06202026_perspective_result.jpg
2026-07-22 11:55:51 | INFO     | jewelry_detector.image_processor | Tổng thời gian xử lý: 0.02s
2026-07-22 11:56:25 | INFO     | jewelry_detector.image_processor | Kích thước ảnh: 1734 x 1158 px
2026-07-22 11:56:25 | INFO     | jewelry_detector.image_processor | Panel pixel (AI): [434, 93, 867, 602]
2026-07-22 11:56:25 | INFO     | jewelry_detector.image_processor | Object pixel (AI): [520, 139, 780, 556]
2026-07-22 11:56:25 | INFO     | jewelry_detector.image_processor | Center pixel: [650, 347]
2026-07-22 11:56:25 | INFO     | jewelry_detector.image_processor | OpenCV panel refine IoU = 0.880
2026-07-22 11:56:25 | INFO     | jewelry_detector.image_processor | Panel refined: [416, 99, 884, 623]
2026-07-22 11:56:25 | INFO     | jewelry_detector.image_processor | Panel refined (OpenCV): [416, 99, 884, 623]
2026-07-22 11:56:25 | INFO     | jewelry_detector.image_processor | Clean panel crop: raw_size=468x524 trim_left=29 trim_top=3 trim_right=14 trim_bottom=0 content_retained=97.0% success=True
2026-07-22 11:56:25 | INFO     | jewelry_detector.image_processor | Trimmed Object (ảnh gốc): [545, 181, 858, 562] | AI bbox gốc: [520,139,780,556]
2026-07-22 11:56:25 | INFO     | jewelry_detector.image_processor | Object refined (OpenCV Trim): [545, 181, 858, 562]
2026-07-22 11:56:25 | INFO     | jewelry_detector.image_processor | Đã lưu ảnh kết quả: DF27.COMP072_DI_06202026_front_result.jpg
2026-07-22 11:56:25 | INFO     | jewelry_detector.image_processor | Tổng thời gian xử lý: 0.02s
2026-07-22 11:56:25 | INFO     | jewelry_detector.image_processor | Kích thước ảnh: 1734 x 1158 px
2026-07-22 11:56:25 | INFO     | jewelry_detector.image_processor | Panel pixel (AI): [867, 93, 1300, 602]
2026-07-22 11:56:25 | INFO     | jewelry_detector.image_processor | Object pixel (AI): [954, 139, 1214, 556]
2026-07-22 11:56:25 | INFO     | jewelry_detector.image_processor | Center pixel: [1084, 347]
2026-07-22 11:56:25 | INFO     | jewelry_detector.image_processor | OpenCV panel refine IoU = 0.880
2026-07-22 11:56:25 | INFO     | jewelry_detector.image_processor | Panel refined: [850, 99, 1318, 623]
2026-07-22 11:56:25 | INFO     | jewelry_detector.image_processor | Panel refined (OpenCV): [850, 99, 1318, 623]
2026-07-22 11:56:25 | INFO     | jewelry_detector.image_processor | Clean panel crop: raw_size=468x524 trim_left=23 trim_top=3 trim_right=20 trim_bottom=0 content_retained=99.6% success=True
2026-07-22 11:56:25 | INFO     | jewelry_detector.image_processor | Trimmed Object (ảnh gốc): [923, 220, 1277, 612] | AI bbox gốc: [954,139,1214,556]
2026-07-22 11:56:25 | INFO     | jewelry_detector.image_processor | Object refined (OpenCV Trim): [923, 220, 1277, 612]
2026-07-22 11:56:25 | INFO     | jewelry_detector.image_processor | Đã lưu ảnh kết quả: DF27.COMP072_DI_06202026_left_result.jpg
2026-07-22 11:56:25 | INFO     | jewelry_detector.image_processor | Tổng thời gian xử lý: 0.02s
2026-07-22 11:56:25 | INFO     | jewelry_detector.image_processor | Kích thước ảnh: 1734 x 1158 px
2026-07-22 11:56:25 | INFO     | jewelry_detector.image_processor | Panel pixel (AI): [1300, 93, 1734, 602]
2026-07-22 11:56:25 | INFO     | jewelry_detector.image_processor | Object pixel (AI): [1387, 139, 1647, 556]
2026-07-22 11:56:25 | INFO     | jewelry_detector.image_processor | Center pixel: [1517, 347]
2026-07-22 11:56:25 | INFO     | jewelry_detector.image_processor | OpenCV panel refine IoU = 0.889
2026-07-22 11:56:25 | INFO     | jewelry_detector.image_processor | Panel refined: [1283, 72, 1734, 623]
2026-07-22 11:56:25 | INFO     | jewelry_detector.image_processor | Panel refined (OpenCV): [1283, 72, 1734, 623]
2026-07-22 11:56:25 | INFO     | jewelry_detector.image_processor | Clean panel crop: raw_size=451x551 trim_left=18 trim_top=30 trim_right=7 trim_bottom=0 content_retained=99.8% success=True
2026-07-22 11:56:25 | INFO     | jewelry_detector.image_processor | Trimmed Object (ảnh gốc): [1371, 269, 1635, 469] | AI bbox gốc: [1387,139,1647,556]
2026-07-22 11:56:25 | INFO     | jewelry_detector.image_processor | Object refined (OpenCV Trim): [1371, 269, 1635, 469]
2026-07-22 11:56:25 | INFO     | jewelry_detector.image_processor | Đã lưu ảnh kết quả: DF27.COMP072_DI_06202026_top_result.jpg
2026-07-22 11:56:25 | INFO     | jewelry_detector.image_processor | Tổng thời gian xử lý: 0.02s
2026-07-22 11:56:25 | INFO     | jewelry_detector.image_processor | Kích thước ảnh: 1734 x 1158 px
2026-07-22 11:56:25 | INFO     | jewelry_detector.image_processor | Panel pixel (AI): [434, 602, 867, 1135]
2026-07-22 11:56:25 | INFO     | jewelry_detector.image_processor | Object pixel (AI): [520, 648, 780, 1065]
2026-07-22 11:56:25 | INFO     | jewelry_detector.image_processor | Center pixel: [650, 857]
2026-07-22 11:56:25 | INFO     | jewelry_detector.image_processor | OpenCV panel refine IoU = 0.858
2026-07-22 11:56:25 | INFO     | jewelry_detector.image_processor | Panel refined: [416, 581, 884, 1156]
2026-07-22 11:56:25 | INFO     | jewelry_detector.image_processor | Panel refined (OpenCV): [416, 581, 884, 1156]
2026-07-22 11:56:25 | INFO     | jewelry_detector.image_processor | Clean panel crop: raw_size=468x575 trim_left=29 trim_top=46 trim_right=14 trim_bottom=6 content_retained=97.8% success=True
2026-07-22 11:56:25 | INFO     | jewelry_detector.image_processor | Trimmed Object (ảnh gốc): [483, 703, 737, 1079] | AI bbox gốc: [520,648,780,1065]
2026-07-22 11:56:25 | INFO     | jewelry_detector.image_processor | Object refined (OpenCV Trim): [483, 703, 737, 1079]
2026-07-22 11:56:25 | INFO     | jewelry_detector.image_processor | Đã lưu ảnh kết quả: DF27.COMP072_DI_06202026_back_result.jpg
2026-07-22 11:56:25 | INFO     | jewelry_detector.image_processor | Tổng thời gian xử lý: 0.02s
2026-07-22 11:56:25 | INFO     | jewelry_detector.image_processor | Kích thước ảnh: 1734 x 1158 px
2026-07-22 11:56:25 | INFO     | jewelry_detector.image_processor | Panel pixel (AI): [867, 602, 1300, 1135]
2026-07-22 11:56:25 | INFO     | jewelry_detector.image_processor | Object pixel (AI): [954, 648, 1214, 1065]
2026-07-22 11:56:25 | INFO     | jewelry_detector.image_processor | Center pixel: [1084, 857]
2026-07-22 11:56:25 | INFO     | jewelry_detector.image_processor | OpenCV panel refine IoU = 0.858
2026-07-22 11:56:25 | INFO     | jewelry_detector.image_processor | Panel refined: [850, 581, 1318, 1156]
2026-07-22 11:56:25 | INFO     | jewelry_detector.image_processor | Panel refined (OpenCV): [850, 581, 1318, 1156]
2026-07-22 11:56:25 | INFO     | jewelry_detector.image_processor | Clean panel crop: raw_size=468x575 trim_left=23 trim_top=46 trim_right=20 trim_bottom=6 content_retained=86.7% success=True
2026-07-22 11:56:25 | INFO     | jewelry_detector.image_processor | Trimmed Object (ảnh gốc): [1023, 711, 1189, 1022] | AI bbox gốc: [954,648,1214,1065]
2026-07-22 11:56:25 | INFO     | jewelry_detector.image_processor | Object refined (OpenCV Trim): [1023, 711, 1189, 1022]
2026-07-22 11:56:25 | INFO     | jewelry_detector.image_processor | Đã lưu ảnh kết quả: DF27.COMP072_DI_06202026_right_result.jpg
2026-07-22 11:56:25 | INFO     | jewelry_detector.image_processor | Tổng thời gian xử lý: 0.02s
2026-07-22 11:56:25 | INFO     | jewelry_detector.image_processor | Kích thước ảnh: 1734 x 1158 px
2026-07-22 11:56:25 | INFO     | jewelry_detector.image_processor | Panel pixel (AI): [1300, 602, 1734, 1135]
2026-07-22 11:56:25 | INFO     | jewelry_detector.image_processor | Object pixel (AI): [1387, 648, 1647, 1065]
2026-07-22 11:56:25 | INFO     | jewelry_detector.image_processor | Center pixel: [1517, 857]
2026-07-22 11:56:25 | INFO     | jewelry_detector.image_processor | OpenCV panel refine IoU = 0.890
2026-07-22 11:56:25 | INFO     | jewelry_detector.image_processor | Panel refined: [1283, 581, 1734, 1156]
2026-07-22 11:56:25 | INFO     | jewelry_detector.image_processor | Panel refined (OpenCV): [1283, 581, 1734, 1156]
2026-07-22 11:56:25 | INFO     | jewelry_detector.image_processor | Clean panel crop: raw_size=451x575 trim_left=18 trim_top=46 trim_right=7 trim_bottom=6 content_retained=99.6% success=True
2026-07-22 11:56:25 | INFO     | jewelry_detector.image_processor | Trimmed Object (ảnh gốc): [1389, 827, 1605, 992] | AI bbox gốc: [1387,648,1647,1065]
2026-07-22 11:56:25 | INFO     | jewelry_detector.image_processor | Object refined (OpenCV Trim): [1389, 827, 1605, 992]
2026-07-22 11:56:25 | INFO     | jewelry_detector.image_processor | Đã lưu ảnh kết quả: DF27.COMP072_DI_06202026_bottom_result.jpg
2026-07-22 11:56:25 | INFO     | jewelry_detector.image_processor | Tổng thời gian xử lý: 0.02s
2026-07-22 11:56:25 | INFO     | jewelry_detector.image_processor | Kích thước ảnh: 1734 x 1158 px
2026-07-22 11:56:25 | INFO     | jewelry_detector.image_processor | Panel pixel (AI): [0, 868, 434, 1158]
2026-07-22 11:56:25 | INFO     | jewelry_detector.image_processor | Object pixel (AI): [173, 926, 347, 1100]
2026-07-22 11:56:25 | INFO     | jewelry_detector.image_processor | Center pixel: [260, 1013]
2026-07-22 11:56:25 | INFO     | jewelry_detector.image_processor | OpenCV panel refine IoU = 0.924
2026-07-22 11:56:25 | INFO     | jewelry_detector.image_processor | Panel refined: [0, 857, 451, 1158]
2026-07-22 11:56:25 | INFO     | jewelry_detector.image_processor | Panel refined (OpenCV): [0, 857, 451, 1158]
2026-07-22 11:56:25 | INFO     | jewelry_detector.image_processor | Clean panel crop: raw_size=451x301 trim_left=7 trim_top=0 trim_right=9 trim_bottom=8 content_retained=100.0% success=True
2026-07-22 11:56:25 | INFO     | jewelry_detector.image_processor | Trimmed Object (ảnh gốc): [201, 859, 377, 1137] | AI bbox gốc: [173,926,347,1100]
2026-07-22 11:56:25 | INFO     | jewelry_detector.image_processor | Object refined (OpenCV Trim): [201, 859, 377, 1137]
2026-07-22 11:56:25 | INFO     | jewelry_detector.image_processor | Đã lưu ảnh kết quả: DF27.COMP072_DI_06202026_perspective_result.jpg
2026-07-22 11:56:25 | INFO     | jewelry_detector.image_processor | Tổng thời gian xử lý: 0.01s
2026-07-22 11:57:26 | INFO     | jewelry_detector.image_processor | Kích thước ảnh: 1734 x 1158 px
2026-07-22 11:57:26 | INFO     | jewelry_detector.image_processor | Panel pixel (AI): [434, 93, 867, 602]
2026-07-22 11:57:26 | INFO     | jewelry_detector.image_processor | Object pixel (AI): [520, 139, 780, 556]
2026-07-22 11:57:26 | INFO     | jewelry_detector.image_processor | Center pixel: [650, 347]
2026-07-22 11:57:26 | INFO     | jewelry_detector.image_processor | OpenCV panel refine IoU = 0.880
2026-07-22 11:57:26 | INFO     | jewelry_detector.image_processor | Panel refined: [416, 99, 884, 623]
2026-07-22 11:57:26 | INFO     | jewelry_detector.image_processor | Panel refined (OpenCV): [416, 99, 884, 623]
2026-07-22 11:57:26 | INFO     | jewelry_detector.image_processor | Clean panel crop: raw_size=468x524 trim_left=29 trim_top=3 trim_right=14 trim_bottom=0 content_retained=97.0% success=True
2026-07-22 11:57:26 | INFO     | jewelry_detector.image_processor | Trimmed Object (ảnh gốc): [545, 181, 858, 562] | AI bbox gốc: [520,139,780,556]
2026-07-22 11:57:26 | INFO     | jewelry_detector.image_processor | Object refined (OpenCV Trim): [545, 181, 858, 562]
2026-07-22 11:57:26 | INFO     | jewelry_detector.image_processor | Đã lưu ảnh kết quả: DF27.COMP072_DI_06202026_front_result.jpg
2026-07-22 11:57:26 | INFO     | jewelry_detector.image_processor | Tổng thời gian xử lý: 0.08s
2026-07-22 11:57:26 | INFO     | jewelry_detector.image_processor | Kích thước ảnh: 1734 x 1158 px
2026-07-22 11:57:26 | INFO     | jewelry_detector.image_processor | Panel pixel (AI): [867, 93, 1300, 602]
2026-07-22 11:57:26 | INFO     | jewelry_detector.image_processor | Object pixel (AI): [954, 139, 1214, 556]
2026-07-22 11:57:26 | INFO     | jewelry_detector.image_processor | Center pixel: [1084, 347]
2026-07-22 11:57:26 | INFO     | jewelry_detector.image_processor | OpenCV panel refine IoU = 0.880
2026-07-22 11:57:26 | INFO     | jewelry_detector.image_processor | Panel refined: [850, 99, 1318, 623]
2026-07-22 11:57:26 | INFO     | jewelry_detector.image_processor | Panel refined (OpenCV): [850, 99, 1318, 623]
2026-07-22 11:57:26 | INFO     | jewelry_detector.image_processor | Clean panel crop: raw_size=468x524 trim_left=23 trim_top=3 trim_right=20 trim_bottom=0 content_retained=99.6% success=True
2026-07-22 11:57:26 | INFO     | jewelry_detector.image_processor | Trimmed Object (ảnh gốc): [923, 220, 1277, 612] | AI bbox gốc: [954,139,1214,556]
2026-07-22 11:57:26 | INFO     | jewelry_detector.image_processor | Object refined (OpenCV Trim): [923, 220, 1277, 612]
2026-07-22 11:57:26 | INFO     | jewelry_detector.image_processor | Đã lưu ảnh kết quả: DF27.COMP072_DI_06202026_left_result.jpg
2026-07-22 11:57:26 | INFO     | jewelry_detector.image_processor | Tổng thời gian xử lý: 0.02s
2026-07-22 11:57:26 | INFO     | jewelry_detector.image_processor | Kích thước ảnh: 1734 x 1158 px
2026-07-22 11:57:26 | INFO     | jewelry_detector.image_processor | Panel pixel (AI): [1300, 93, 1734, 602]
2026-07-22 11:57:26 | INFO     | jewelry_detector.image_processor | Object pixel (AI): [1387, 139, 1647, 556]
2026-07-22 11:57:26 | INFO     | jewelry_detector.image_processor | Center pixel: [1517, 347]
2026-07-22 11:57:26 | INFO     | jewelry_detector.image_processor | OpenCV panel refine IoU = 0.889
2026-07-22 11:57:26 | INFO     | jewelry_detector.image_processor | Panel refined: [1283, 72, 1734, 623]
2026-07-22 11:57:26 | INFO     | jewelry_detector.image_processor | Panel refined (OpenCV): [1283, 72, 1734, 623]
2026-07-22 11:57:26 | INFO     | jewelry_detector.image_processor | Clean panel crop: raw_size=451x551 trim_left=18 trim_top=30 trim_right=7 trim_bottom=0 content_retained=99.8% success=True
2026-07-22 11:57:26 | INFO     | jewelry_detector.image_processor | Trimmed Object (ảnh gốc): [1371, 269, 1635, 469] | AI bbox gốc: [1387,139,1647,556]
2026-07-22 11:57:26 | INFO     | jewelry_detector.image_processor | Object refined (OpenCV Trim): [1371, 269, 1635, 469]
2026-07-22 11:57:26 | INFO     | jewelry_detector.image_processor | Đã lưu ảnh kết quả: DF27.COMP072_DI_06202026_top_result.jpg
2026-07-22 11:57:26 | INFO     | jewelry_detector.image_processor | Tổng thời gian xử lý: 0.02s
2026-07-22 11:57:26 | INFO     | jewelry_detector.image_processor | Kích thước ảnh: 1734 x 1158 px
2026-07-22 11:57:26 | INFO     | jewelry_detector.image_processor | Panel pixel (AI): [434, 602, 867, 1135]
2026-07-22 11:57:26 | INFO     | jewelry_detector.image_processor | Object pixel (AI): [520, 648, 780, 1065]
2026-07-22 11:57:26 | INFO     | jewelry_detector.image_processor | Center pixel: [650, 857]
2026-07-22 11:57:26 | INFO     | jewelry_detector.image_processor | OpenCV panel refine IoU = 0.858
2026-07-22 11:57:26 | INFO     | jewelry_detector.image_processor | Panel refined: [416, 581, 884, 1156]
2026-07-22 11:57:26 | INFO     | jewelry_detector.image_processor | Panel refined (OpenCV): [416, 581, 884, 1156]
2026-07-22 11:57:26 | INFO     | jewelry_detector.image_processor | Clean panel crop: raw_size=468x575 trim_left=29 trim_top=46 trim_right=14 trim_bottom=6 content_retained=97.8% success=True
2026-07-22 11:57:26 | INFO     | jewelry_detector.image_processor | Trimmed Object (ảnh gốc): [483, 703, 737, 1079] | AI bbox gốc: [520,648,780,1065]
2026-07-22 11:57:26 | INFO     | jewelry_detector.image_processor | Object refined (OpenCV Trim): [483, 703, 737, 1079]
2026-07-22 11:57:26 | INFO     | jewelry_detector.image_processor | Đã lưu ảnh kết quả: DF27.COMP072_DI_06202026_back_result.jpg
2026-07-22 11:57:26 | INFO     | jewelry_detector.image_processor | Tổng thời gian xử lý: 0.02s
2026-07-22 11:57:26 | INFO     | jewelry_detector.image_processor | Kích thước ảnh: 1734 x 1158 px
2026-07-22 11:57:26 | INFO     | jewelry_detector.image_processor | Panel pixel (AI): [867, 602, 1300, 1135]
2026-07-22 11:57:26 | INFO     | jewelry_detector.image_processor | Object pixel (AI): [954, 648, 1214, 1065]
2026-07-22 11:57:26 | INFO     | jewelry_detector.image_processor | Center pixel: [1084, 857]
2026-07-22 11:57:26 | INFO     | jewelry_detector.image_processor | OpenCV panel refine IoU = 0.858
2026-07-22 11:57:26 | INFO     | jewelry_detector.image_processor | Panel refined: [850, 581, 1318, 1156]
2026-07-22 11:57:26 | INFO     | jewelry_detector.image_processor | Panel refined (OpenCV): [850, 581, 1318, 1156]
2026-07-22 11:57:26 | INFO     | jewelry_detector.image_processor | Clean panel crop: raw_size=468x575 trim_left=23 trim_top=46 trim_right=20 trim_bottom=6 content_retained=86.7% success=True
2026-07-22 11:57:26 | INFO     | jewelry_detector.image_processor | Trimmed Object (ảnh gốc): [1023, 711, 1189, 1022] | AI bbox gốc: [954,648,1214,1065]
2026-07-22 11:57:26 | INFO     | jewelry_detector.image_processor | Object refined (OpenCV Trim): [1023, 711, 1189, 1022]
2026-07-22 11:57:26 | INFO     | jewelry_detector.image_processor | Đã lưu ảnh kết quả: DF27.COMP072_DI_06202026_right_result.jpg
2026-07-22 11:57:26 | INFO     | jewelry_detector.image_processor | Tổng thời gian xử lý: 0.02s
2026-07-22 11:57:26 | INFO     | jewelry_detector.image_processor | Kích thước ảnh: 1734 x 1158 px
2026-07-22 11:57:26 | INFO     | jewelry_detector.image_processor | Panel pixel (AI): [1300, 602, 1734, 1135]
2026-07-22 11:57:26 | INFO     | jewelry_detector.image_processor | Object pixel (AI): [1387, 648, 1647, 1065]
2026-07-22 11:57:26 | INFO     | jewelry_detector.image_processor | Center pixel: [1517, 857]
2026-07-22 11:57:26 | INFO     | jewelry_detector.image_processor | OpenCV panel refine IoU = 0.890
2026-07-22 11:57:26 | INFO     | jewelry_detector.image_processor | Panel refined: [1283, 581, 1734, 1156]
2026-07-22 11:57:26 | INFO     | jewelry_detector.image_processor | Panel refined (OpenCV): [1283, 581, 1734, 1156]
2026-07-22 11:57:26 | INFO     | jewelry_detector.image_processor | Clean panel crop: raw_size=451x575 trim_left=18 trim_top=46 trim_right=7 trim_bottom=6 content_retained=99.6% success=True
2026-07-22 11:57:26 | INFO     | jewelry_detector.image_processor | Trimmed Object (ảnh gốc): [1389, 827, 1605, 992] | AI bbox gốc: [1387,648,1647,1065]
2026-07-22 11:57:26 | INFO     | jewelry_detector.image_processor | Object refined (OpenCV Trim): [1389, 827, 1605, 992]
2026-07-22 11:57:26 | INFO     | jewelry_detector.image_processor | Đã lưu ảnh kết quả: DF27.COMP072_DI_06202026_bottom_result.jpg
2026-07-22 11:57:26 | INFO     | jewelry_detector.image_processor | Tổng thời gian xử lý: 0.02s
2026-07-22 11:57:26 | INFO     | jewelry_detector.image_processor | Kích thước ảnh: 1734 x 1158 px
2026-07-22 11:57:26 | INFO     | jewelry_detector.image_processor | Panel pixel (AI): [0, 868, 434, 1158]
2026-07-22 11:57:26 | INFO     | jewelry_detector.image_processor | Object pixel (AI): [173, 926, 347, 1100]
2026-07-22 11:57:26 | INFO     | jewelry_detector.image_processor | Center pixel: [260, 1013]
2026-07-22 11:57:27 | INFO     | jewelry_detector.image_processor | OpenCV panel refine IoU = 0.924
2026-07-22 11:57:27 | INFO     | jewelry_detector.image_processor | Panel refined: [0, 857, 451, 1158]
2026-07-22 11:57:27 | INFO     | jewelry_detector.image_processor | Panel refined (OpenCV): [0, 857, 451, 1158]
2026-07-22 11:57:27 | INFO     | jewelry_detector.image_processor | Clean panel crop: raw_size=451x301 trim_left=7 trim_top=0 trim_right=9 trim_bottom=8 content_retained=100.0% success=True
2026-07-22 11:57:27 | INFO     | jewelry_detector.image_processor | Trimmed Object (ảnh gốc): [201, 859, 377, 1137] | AI bbox gốc: [173,926,347,1100]
2026-07-22 11:57:27 | INFO     | jewelry_detector.image_processor | Object refined (OpenCV Trim): [201, 859, 377, 1137]
2026-07-22 11:57:27 | INFO     | jewelry_detector.image_processor | Đã lưu ảnh kết quả: DF27.COMP072_DI_06202026_perspective_result.jpg
2026-07-22 11:57:27 | INFO     | jewelry_detector.image_processor | Tổng thời gian xử lý: 0.02s
2026-07-22 11:58:27 | INFO     | jewelry_detector.image_processor | Kích thước ảnh: 1734 x 1158 px
2026-07-22 11:58:27 | INFO     | jewelry_detector.image_processor | Panel pixel (AI): [434, 93, 867, 602]
2026-07-22 11:58:27 | INFO     | jewelry_detector.image_processor | Object pixel (AI): [520, 139, 780, 556]
2026-07-22 11:58:27 | INFO     | jewelry_detector.image_processor | Center pixel: [650, 347]
2026-07-22 11:58:27 | INFO     | jewelry_detector.image_processor | OpenCV panel refine IoU = 0.880
2026-07-22 11:58:27 | INFO     | jewelry_detector.image_processor | Panel refined: [416, 99, 884, 623]
2026-07-22 11:58:27 | INFO     | jewelry_detector.image_processor | Panel refined (OpenCV): [416, 99, 884, 623]
2026-07-22 11:58:27 | INFO     | jewelry_detector.image_processor | Clean panel crop: raw_size=468x524 trim_left=29 trim_top=3 trim_right=14 trim_bottom=0 content_retained=97.0% success=True
2026-07-22 11:58:27 | INFO     | jewelry_detector.image_processor | Trimmed Object (ảnh gốc): [545, 181, 858, 562] | AI bbox gốc: [520,139,780,556]
2026-07-22 11:58:27 | INFO     | jewelry_detector.image_processor | Object refined (OpenCV Trim): [545, 181, 858, 562]
2026-07-22 11:58:27 | INFO     | jewelry_detector.image_processor | Đã lưu ảnh kết quả: DF27.COMP072_DI_06202026_front_result.jpg
2026-07-22 11:58:27 | INFO     | jewelry_detector.image_processor | Tổng thời gian xử lý: 0.02s
2026-07-22 11:58:27 | INFO     | jewelry_detector.image_processor | Kích thước ảnh: 1734 x 1158 px
2026-07-22 11:58:27 | INFO     | jewelry_detector.image_processor | Panel pixel (AI): [867, 93, 1300, 602]
2026-07-22 11:58:27 | INFO     | jewelry_detector.image_processor | Object pixel (AI): [954, 139, 1214, 556]
2026-07-22 11:58:27 | INFO     | jewelry_detector.image_processor | Center pixel: [1084, 347]
2026-07-22 11:58:27 | INFO     | jewelry_detector.image_processor | OpenCV panel refine IoU = 0.880
2026-07-22 11:58:27 | INFO     | jewelry_detector.image_processor | Panel refined: [850, 99, 1318, 623]
2026-07-22 11:58:27 | INFO     | jewelry_detector.image_processor | Panel refined (OpenCV): [850, 99, 1318, 623]
2026-07-22 11:58:27 | INFO     | jewelry_detector.image_processor | Clean panel crop: raw_size=468x524 trim_left=23 trim_top=3 trim_right=20 trim_bottom=0 content_retained=99.6% success=True
2026-07-22 11:58:27 | INFO     | jewelry_detector.image_processor | Trimmed Object (ảnh gốc): [923, 220, 1277, 612] | AI bbox gốc: [954,139,1214,556]
2026-07-22 11:58:27 | INFO     | jewelry_detector.image_processor | Object refined (OpenCV Trim): [923, 220, 1277, 612]
2026-07-22 11:58:27 | INFO     | jewelry_detector.image_processor | Đã lưu ảnh kết quả: DF27.COMP072_DI_06202026_left_result.jpg
2026-07-22 11:58:27 | INFO     | jewelry_detector.image_processor | Tổng thời gian xử lý: 0.02s
2026-07-22 11:58:27 | INFO     | jewelry_detector.image_processor | Kích thước ảnh: 1734 x 1158 px
2026-07-22 11:58:27 | INFO     | jewelry_detector.image_processor | Panel pixel (AI): [1300, 93, 1734, 602]
2026-07-22 11:58:27 | INFO     | jewelry_detector.image_processor | Object pixel (AI): [1387, 139, 1647, 556]
2026-07-22 11:58:27 | INFO     | jewelry_detector.image_processor | Center pixel: [1517, 347]
2026-07-22 11:58:27 | INFO     | jewelry_detector.image_processor | OpenCV panel refine IoU = 0.889
2026-07-22 11:58:27 | INFO     | jewelry_detector.image_processor | Panel refined: [1283, 72, 1734, 623]
2026-07-22 11:58:27 | INFO     | jewelry_detector.image_processor | Panel refined (OpenCV): [1283, 72, 1734, 623]
2026-07-22 11:58:27 | INFO     | jewelry_detector.image_processor | Clean panel crop: raw_size=451x551 trim_left=18 trim_top=30 trim_right=7 trim_bottom=0 content_retained=99.8% success=True
2026-07-22 11:58:27 | INFO     | jewelry_detector.image_processor | Trimmed Object (ảnh gốc): [1371, 269, 1635, 469] | AI bbox gốc: [1387,139,1647,556]
2026-07-22 11:58:27 | INFO     | jewelry_detector.image_processor | Object refined (OpenCV Trim): [1371, 269, 1635, 469]
2026-07-22 11:58:27 | INFO     | jewelry_detector.image_processor | Đã lưu ảnh kết quả: DF27.COMP072_DI_06202026_top_result.jpg
2026-07-22 11:58:27 | INFO     | jewelry_detector.image_processor | Tổng thời gian xử lý: 0.02s
2026-07-22 11:58:27 | INFO     | jewelry_detector.image_processor | Kích thước ảnh: 1734 x 1158 px
2026-07-22 11:58:27 | INFO     | jewelry_detector.image_processor | Panel pixel (AI): [434, 602, 867, 1135]
2026-07-22 11:58:27 | INFO     | jewelry_detector.image_processor | Object pixel (AI): [520, 648, 780, 1065]
2026-07-22 11:58:27 | INFO     | jewelry_detector.image_processor | Center pixel: [650, 857]
2026-07-22 11:58:27 | INFO     | jewelry_detector.image_processor | OpenCV panel refine IoU = 0.858
2026-07-22 11:58:27 | INFO     | jewelry_detector.image_processor | Panel refined: [416, 581, 884, 1156]
2026-07-22 11:58:27 | INFO     | jewelry_detector.image_processor | Panel refined (OpenCV): [416, 581, 884, 1156]
2026-07-22 11:58:27 | INFO     | jewelry_detector.image_processor | Clean panel crop: raw_size=468x575 trim_left=29 trim_top=46 trim_right=14 trim_bottom=6 content_retained=97.8% success=True
2026-07-22 11:58:27 | INFO     | jewelry_detector.image_processor | Trimmed Object (ảnh gốc): [483, 703, 737, 1079] | AI bbox gốc: [520,648,780,1065]
2026-07-22 11:58:27 | INFO     | jewelry_detector.image_processor | Object refined (OpenCV Trim): [483, 703, 737, 1079]
2026-07-22 11:58:27 | INFO     | jewelry_detector.image_processor | Đã lưu ảnh kết quả: DF27.COMP072_DI_06202026_back_result.jpg
2026-07-22 11:58:27 | INFO     | jewelry_detector.image_processor | Tổng thời gian xử lý: 0.02s
2026-07-22 11:58:27 | INFO     | jewelry_detector.image_processor | Kích thước ảnh: 1734 x 1158 px
2026-07-22 11:58:27 | INFO     | jewelry_detector.image_processor | Panel pixel (AI): [867, 602, 1300, 1135]
2026-07-22 11:58:27 | INFO     | jewelry_detector.image_processor | Object pixel (AI): [954, 648, 1214, 1065]
2026-07-22 11:58:27 | INFO     | jewelry_detector.image_processor | Center pixel: [1084, 857]
2026-07-22 11:58:27 | INFO     | jewelry_detector.image_processor | OpenCV panel refine IoU = 0.858
2026-07-22 11:58:27 | INFO     | jewelry_detector.image_processor | Panel refined: [850, 581, 1318, 1156]
2026-07-22 11:58:27 | INFO     | jewelry_detector.image_processor | Panel refined (OpenCV): [850, 581, 1318, 1156]
2026-07-22 11:58:27 | INFO     | jewelry_detector.image_processor | Clean panel crop: raw_size=468x575 trim_left=23 trim_top=46 trim_right=20 trim_bottom=6 content_retained=86.7% success=True
2026-07-22 11:58:27 | INFO     | jewelry_detector.image_processor | Trimmed Object (ảnh gốc): [1023, 711, 1189, 1022] | AI bbox gốc: [954,648,1214,1065]
2026-07-22 11:58:27 | INFO     | jewelry_detector.image_processor | Object refined (OpenCV Trim): [1023, 711, 1189, 1022]
2026-07-22 11:58:27 | INFO     | jewelry_detector.image_processor | Đã lưu ảnh kết quả: DF27.COMP072_DI_06202026_right_result.jpg
2026-07-22 11:58:27 | INFO     | jewelry_detector.image_processor | Tổng thời gian xử lý: 0.02s
2026-07-22 11:58:27 | INFO     | jewelry_detector.image_processor | Kích thước ảnh: 1734 x 1158 px
2026-07-22 11:58:27 | INFO     | jewelry_detector.image_processor | Panel pixel (AI): [1300, 602, 1734, 1135]
2026-07-22 11:58:27 | INFO     | jewelry_detector.image_processor | Object pixel (AI): [1387, 648, 1647, 1065]
2026-07-22 11:58:27 | INFO     | jewelry_detector.image_processor | Center pixel: [1517, 857]
2026-07-22 11:58:27 | INFO     | jewelry_detector.image_processor | OpenCV panel refine IoU = 0.890
2026-07-22 11:58:27 | INFO     | jewelry_detector.image_processor | Panel refined: [1283, 581, 1734, 1156]
2026-07-22 11:58:27 | INFO     | jewelry_detector.image_processor | Panel refined (OpenCV): [1283, 581, 1734, 1156]
2026-07-22 11:58:27 | INFO     | jewelry_detector.image_processor | Clean panel crop: raw_size=451x575 trim_left=18 trim_top=46 trim_right=7 trim_bottom=6 content_retained=99.6% success=True
2026-07-22 11:58:27 | INFO     | jewelry_detector.image_processor | Trimmed Object (ảnh gốc): [1389, 827, 1605, 992] | AI bbox gốc: [1387,648,1647,1065]
2026-07-22 11:58:27 | INFO     | jewelry_detector.image_processor | Object refined (OpenCV Trim): [1389, 827, 1605, 992]
2026-07-22 11:58:27 | INFO     | jewelry_detector.image_processor | Đã lưu ảnh kết quả: DF27.COMP072_DI_06202026_bottom_result.jpg
2026-07-22 11:58:27 | INFO     | jewelry_detector.image_processor | Tổng thời gian xử lý: 0.02s
2026-07-22 11:58:27 | INFO     | jewelry_detector.image_processor | Kích thước ảnh: 1734 x 1158 px
2026-07-22 11:58:27 | INFO     | jewelry_detector.image_processor | Panel pixel (AI): [0, 868, 434, 1158]
2026-07-22 11:58:27 | INFO     | jewelry_detector.image_processor | Object pixel (AI): [173, 926, 347, 1100]
2026-07-22 11:58:27 | INFO     | jewelry_detector.image_processor | Center pixel: [260, 1013]
2026-07-22 11:58:27 | INFO     | jewelry_detector.image_processor | OpenCV panel refine IoU = 0.924
2026-07-22 11:58:27 | INFO     | jewelry_detector.image_processor | Panel refined: [0, 857, 451, 1158]
2026-07-22 11:58:27 | INFO     | jewelry_detector.image_processor | Panel refined (OpenCV): [0, 857, 451, 1158]
2026-07-22 11:58:27 | INFO     | jewelry_detector.image_processor | Clean panel crop: raw_size=451x301 trim_left=7 trim_top=0 trim_right=9 trim_bottom=8 content_retained=100.0% success=True
2026-07-22 11:58:27 | INFO     | jewelry_detector.image_processor | Trimmed Object (ảnh gốc): [201, 859, 377, 1137] | AI bbox gốc: [173,926,347,1100]
2026-07-22 11:58:27 | INFO     | jewelry_detector.image_processor | Object refined (OpenCV Trim): [201, 859, 377, 1137]
2026-07-22 11:58:27 | INFO     | jewelry_detector.image_processor | Đã lưu ảnh kết quả: DF27.COMP072_DI_06202026_perspective_result.jpg
2026-07-22 11:58:27 | INFO     | jewelry_detector.image_processor | Tổng thời gian xử lý: 0.02s
2026-07-22 11:59:14 | INFO     | jewelry_detector.image_processor | Kích thước ảnh: 1734 x 1158 px
2026-07-22 11:59:14 | INFO     | jewelry_detector.image_processor | Panel pixel (AI): [434, 93, 867, 602]
2026-07-22 11:59:14 | INFO     | jewelry_detector.image_processor | Object pixel (AI): [520, 139, 780, 556]
2026-07-22 11:59:14 | INFO     | jewelry_detector.image_processor | Center pixel: [650, 347]
2026-07-22 11:59:14 | INFO     | jewelry_detector.image_processor | OpenCV panel refine IoU = 0.880
2026-07-22 11:59:14 | INFO     | jewelry_detector.image_processor | Panel refined: [416, 99, 884, 623]
2026-07-22 11:59:14 | INFO     | jewelry_detector.image_processor | Panel refined (OpenCV): [416, 99, 884, 623]
2026-07-22 11:59:14 | INFO     | jewelry_detector.image_processor | Clean panel crop: raw_size=468x524 trim_left=29 trim_top=3 trim_right=14 trim_bottom=0 content_retained=97.0% success=True
2026-07-22 11:59:14 | INFO     | jewelry_detector.image_processor | Trimmed Object (ảnh gốc): [545, 181, 858, 562] | AI bbox gốc: [520,139,780,556]
2026-07-22 11:59:14 | INFO     | jewelry_detector.image_processor | Object refined (OpenCV Trim): [545, 181, 858, 562]
2026-07-22 11:59:14 | INFO     | jewelry_detector.image_processor | Đã lưu ảnh kết quả: DF27.COMP072_DI_06202026_front_result.jpg
2026-07-22 11:59:14 | INFO     | jewelry_detector.image_processor | Tổng thời gian xử lý: 0.08s
2026-07-22 11:59:14 | INFO     | jewelry_detector.image_processor | Kích thước ảnh: 1734 x 1158 px
2026-07-22 11:59:14 | INFO     | jewelry_detector.image_processor | Panel pixel (AI): [867, 93, 1300, 602]
2026-07-22 11:59:14 | INFO     | jewelry_detector.image_processor | Object pixel (AI): [954, 139, 1214, 556]
2026-07-22 11:59:14 | INFO     | jewelry_detector.image_processor | Center pixel: [1084, 347]
2026-07-22 11:59:14 | INFO     | jewelry_detector.image_processor | OpenCV panel refine IoU = 0.880
2026-07-22 11:59:14 | INFO     | jewelry_detector.image_processor | Panel refined: [850, 99, 1318, 623]
2026-07-22 11:59:14 | INFO     | jewelry_detector.image_processor | Panel refined (OpenCV): [850, 99, 1318, 623]
2026-07-22 11:59:14 | INFO     | jewelry_detector.image_processor | Clean panel crop: raw_size=468x524 trim_left=23 trim_top=3 trim_right=20 trim_bottom=0 content_retained=99.6% success=True
2026-07-22 11:59:14 | INFO     | jewelry_detector.image_processor | Trimmed Object (ảnh gốc): [923, 220, 1277, 612] | AI bbox gốc: [954,139,1214,556]
2026-07-22 11:59:14 | INFO     | jewelry_detector.image_processor | Object refined (OpenCV Trim): [923, 220, 1277, 612]
2026-07-22 11:59:14 | INFO     | jewelry_detector.image_processor | Đã lưu ảnh kết quả: DF27.COMP072_DI_06202026_left_result.jpg
2026-07-22 11:59:14 | INFO     | jewelry_detector.image_processor | Tổng thời gian xử lý: 0.02s
2026-07-22 11:59:14 | INFO     | jewelry_detector.image_processor | Kích thước ảnh: 1734 x 1158 px
2026-07-22 11:59:14 | INFO     | jewelry_detector.image_processor | Panel pixel (AI): [1300, 93, 1734, 602]
2026-07-22 11:59:14 | INFO     | jewelry_detector.image_processor | Object pixel (AI): [1387, 139, 1647, 556]
2026-07-22 11:59:14 | INFO     | jewelry_detector.image_processor | Center pixel: [1517, 347]
2026-07-22 11:59:14 | INFO     | jewelry_detector.image_processor | OpenCV panel refine IoU = 0.889
2026-07-22 11:59:14 | INFO     | jewelry_detector.image_processor | Panel refined: [1283, 72, 1734, 623]
2026-07-22 11:59:14 | INFO     | jewelry_detector.image_processor | Panel refined (OpenCV): [1283, 72, 1734, 623]
2026-07-22 11:59:14 | INFO     | jewelry_detector.image_processor | Clean panel crop: raw_size=451x551 trim_left=18 trim_top=30 trim_right=7 trim_bottom=0 content_retained=99.8% success=True
2026-07-22 11:59:14 | INFO     | jewelry_detector.image_processor | Trimmed Object (ảnh gốc): [1371, 269, 1635, 469] | AI bbox gốc: [1387,139,1647,556]
2026-07-22 11:59:14 | INFO     | jewelry_detector.image_processor | Object refined (OpenCV Trim): [1371, 269, 1635, 469]
2026-07-22 11:59:14 | INFO     | jewelry_detector.image_processor | Đã lưu ảnh kết quả: DF27.COMP072_DI_06202026_top_result.jpg
2026-07-22 11:59:14 | INFO     | jewelry_detector.image_processor | Tổng thời gian xử lý: 0.02s
2026-07-22 11:59:14 | INFO     | jewelry_detector.image_processor | Kích thước ảnh: 1734 x 1158 px
2026-07-22 11:59:14 | INFO     | jewelry_detector.image_processor | Panel pixel (AI): [434, 602, 867, 1135]
2026-07-22 11:59:14 | INFO     | jewelry_detector.image_processor | Object pixel (AI): [520, 648, 780, 1065]
2026-07-22 11:59:14 | INFO     | jewelry_detector.image_processor | Center pixel: [650, 857]
2026-07-22 11:59:14 | INFO     | jewelry_detector.image_processor | OpenCV panel refine IoU = 0.858
2026-07-22 11:59:14 | INFO     | jewelry_detector.image_processor | Panel refined: [416, 581, 884, 1156]
2026-07-22 11:59:14 | INFO     | jewelry_detector.image_processor | Panel refined (OpenCV): [416, 581, 884, 1156]
2026-07-22 11:59:14 | INFO     | jewelry_detector.image_processor | Clean panel crop: raw_size=468x575 trim_left=29 trim_top=46 trim_right=14 trim_bottom=6 content_retained=97.8% success=True
2026-07-22 11:59:14 | INFO     | jewelry_detector.image_processor | Trimmed Object (ảnh gốc): [483, 703, 737, 1079] | AI bbox gốc: [520,648,780,1065]
2026-07-22 11:59:14 | INFO     | jewelry_detector.image_processor | Object refined (OpenCV Trim): [483, 703, 737, 1079]
2026-07-22 11:59:14 | INFO     | jewelry_detector.image_processor | Đã lưu ảnh kết quả: DF27.COMP072_DI_06202026_back_result.jpg
2026-07-22 11:59:14 | INFO     | jewelry_detector.image_processor | Tổng thời gian xử lý: 0.02s
2026-07-22 11:59:14 | INFO     | jewelry_detector.image_processor | Kích thước ảnh: 1734 x 1158 px
2026-07-22 11:59:14 | INFO     | jewelry_detector.image_processor | Panel pixel (AI): [867, 602, 1300, 1135]
2026-07-22 11:59:14 | INFO     | jewelry_detector.image_processor | Object pixel (AI): [954, 648, 1214, 1065]
2026-07-22 11:59:14 | INFO     | jewelry_detector.image_processor | Center pixel: [1084, 857]
2026-07-22 11:59:14 | INFO     | jewelry_detector.image_processor | OpenCV panel refine IoU = 0.858
2026-07-22 11:59:14 | INFO     | jewelry_detector.image_processor | Panel refined: [850, 581, 1318, 1156]
2026-07-22 11:59:14 | INFO     | jewelry_detector.image_processor | Panel refined (OpenCV): [850, 581, 1318, 1156]
2026-07-22 11:59:14 | INFO     | jewelry_detector.image_processor | Clean panel crop: raw_size=468x575 trim_left=23 trim_top=46 trim_right=20 trim_bottom=6 content_retained=86.7% success=True
2026-07-22 11:59:14 | INFO     | jewelry_detector.image_processor | Trimmed Object (ảnh gốc): [1023, 711, 1189, 1022] | AI bbox gốc: [954,648,1214,1065]
2026-07-22 11:59:14 | INFO     | jewelry_detector.image_processor | Object refined (OpenCV Trim): [1023, 711, 1189, 1022]
2026-07-22 11:59:14 | INFO     | jewelry_detector.image_processor | Đã lưu ảnh kết quả: DF27.COMP072_DI_06202026_right_result.jpg
2026-07-22 11:59:14 | INFO     | jewelry_detector.image_processor | Tổng thời gian xử lý: 0.02s
2026-07-22 11:59:14 | INFO     | jewelry_detector.image_processor | Kích thước ảnh: 1734 x 1158 px
2026-07-22 11:59:14 | INFO     | jewelry_detector.image_processor | Panel pixel (AI): [1300, 602, 1734, 1135]
2026-07-22 11:59:14 | INFO     | jewelry_detector.image_processor | Object pixel (AI): [1387, 648, 1647, 1065]
2026-07-22 11:59:14 | INFO     | jewelry_detector.image_processor | Center pixel: [1517, 857]
2026-07-22 11:59:14 | INFO     | jewelry_detector.image_processor | OpenCV panel refine IoU = 0.890
2026-07-22 11:59:14 | INFO     | jewelry_detector.image_processor | Panel refined: [1283, 581, 1734, 1156]
2026-07-22 11:59:14 | INFO     | jewelry_detector.image_processor | Panel refined (OpenCV): [1283, 581, 1734, 1156]
2026-07-22 11:59:14 | INFO     | jewelry_detector.image_processor | Clean panel crop: raw_size=451x575 trim_left=18 trim_top=46 trim_right=7 trim_bottom=6 content_retained=99.6% success=True
2026-07-22 11:59:14 | INFO     | jewelry_detector.image_processor | Trimmed Object (ảnh gốc): [1389, 827, 1605, 992] | AI bbox gốc: [1387,648,1647,1065]
2026-07-22 11:59:14 | INFO     | jewelry_detector.image_processor | Object refined (OpenCV Trim): [1389, 827, 1605, 992]
2026-07-22 11:59:14 | INFO     | jewelry_detector.image_processor | Đã lưu ảnh kết quả: DF27.COMP072_DI_06202026_bottom_result.jpg
2026-07-22 11:59:14 | INFO     | jewelry_detector.image_processor | Tổng thời gian xử lý: 0.02s
2026-07-22 11:59:14 | INFO     | jewelry_detector.image_processor | Kích thước ảnh: 1734 x 1158 px
2026-07-22 11:59:14 | INFO     | jewelry_detector.image_processor | Panel pixel (AI): [0, 868, 434, 1158]
2026-07-22 11:59:14 | INFO     | jewelry_detector.image_processor | Object pixel (AI): [173, 926, 347, 1100]
2026-07-22 11:59:14 | INFO     | jewelry_detector.image_processor | Center pixel: [260, 1013]
2026-07-22 11:59:14 | INFO     | jewelry_detector.image_processor | OpenCV panel refine IoU = 0.924
2026-07-22 11:59:14 | INFO     | jewelry_detector.image_processor | Panel refined: [0, 857, 451, 1158]
2026-07-22 11:59:14 | INFO     | jewelry_detector.image_processor | Panel refined (OpenCV): [0, 857, 451, 1158]
2026-07-22 11:59:14 | INFO     | jewelry_detector.image_processor | Clean panel crop: raw_size=451x301 trim_left=7 trim_top=0 trim_right=9 trim_bottom=8 content_retained=100.0% success=True
2026-07-22 11:59:14 | INFO     | jewelry_detector.image_processor | Trimmed Object (ảnh gốc): [201, 859, 377, 1137] | AI bbox gốc: [173,926,347,1100]
2026-07-22 11:59:14 | INFO     | jewelry_detector.image_processor | Object refined (OpenCV Trim): [201, 859, 377, 1137]
2026-07-22 11:59:14 | INFO     | jewelry_detector.image_processor | Đã lưu ảnh kết quả: DF27.COMP072_DI_06202026_perspective_result.jpg
2026-07-22 11:59:14 | INFO     | jewelry_detector.image_processor | Tổng thời gian xử lý: 0.02s
2026-07-22 11:59:48 | INFO     | jewelry_detector.image_processor | Kích thước ảnh: 1734 x 1158 px
2026-07-22 11:59:48 | INFO     | jewelry_detector.image_processor | Panel pixel (AI): [434, 93, 867, 602]
2026-07-22 11:59:48 | INFO     | jewelry_detector.image_processor | Object pixel (AI): [520, 139, 780, 556]
2026-07-22 11:59:48 | INFO     | jewelry_detector.image_processor | Center pixel: [650, 347]
2026-07-22 11:59:48 | INFO     | jewelry_detector.image_processor | OpenCV panel refine IoU = 0.880
2026-07-22 11:59:48 | INFO     | jewelry_detector.image_processor | Panel refined: [416, 99, 884, 623]
2026-07-22 11:59:48 | INFO     | jewelry_detector.image_processor | Panel refined (OpenCV): [416, 99, 884, 623]
2026-07-22 11:59:48 | INFO     | jewelry_detector.image_processor | Clean panel crop: raw_size=468x524 trim_left=29 trim_top=3 trim_right=14 trim_bottom=0 content_retained=97.0% success=True
2026-07-22 11:59:48 | INFO     | jewelry_detector.image_processor | Trimmed Object (ảnh gốc): [545, 181, 858, 562] | AI bbox gốc: [520,139,780,556]
2026-07-22 11:59:48 | INFO     | jewelry_detector.image_processor | Object refined (OpenCV Trim): [545, 181, 858, 562]
2026-07-22 11:59:48 | INFO     | jewelry_detector.image_processor | Đã lưu ảnh kết quả: DF27.COMP072_DI_06202026_front_result.jpg
2026-07-22 11:59:48 | INFO     | jewelry_detector.image_processor | Tổng thời gian xử lý: 0.02s
2026-07-22 11:59:48 | INFO     | jewelry_detector.image_processor | Kích thước ảnh: 1734 x 1158 px
2026-07-22 11:59:48 | INFO     | jewelry_detector.image_processor | Panel pixel (AI): [867, 93, 1300, 602]
2026-07-22 11:59:48 | INFO     | jewelry_detector.image_processor | Object pixel (AI): [954, 139, 1214, 556]
2026-07-22 11:59:48 | INFO     | jewelry_detector.image_processor | Center pixel: [1084, 347]
2026-07-22 11:59:48 | INFO     | jewelry_detector.image_processor | OpenCV panel refine IoU = 0.880
2026-07-22 11:59:48 | INFO     | jewelry_detector.image_processor | Panel refined: [850, 99, 1318, 623]
2026-07-22 11:59:48 | INFO     | jewelry_detector.image_processor | Panel refined (OpenCV): [850, 99, 1318, 623]
2026-07-22 11:59:48 | INFO     | jewelry_detector.image_processor | Clean panel crop: raw_size=468x524 trim_left=23 trim_top=3 trim_right=20 trim_bottom=0 content_retained=99.6% success=True
2026-07-22 11:59:48 | INFO     | jewelry_detector.image_processor | Trimmed Object (ảnh gốc): [923, 220, 1277, 612] | AI bbox gốc: [954,139,1214,556]
2026-07-22 11:59:48 | INFO     | jewelry_detector.image_processor | Object refined (OpenCV Trim): [923, 220, 1277, 612]
2026-07-22 11:59:48 | INFO     | jewelry_detector.image_processor | Đã lưu ảnh kết quả: DF27.COMP072_DI_06202026_left_result.jpg
2026-07-22 11:59:48 | INFO     | jewelry_detector.image_processor | Tổng thời gian xử lý: 0.02s
2026-07-22 11:59:48 | INFO     | jewelry_detector.image_processor | Kích thước ảnh: 1734 x 1158 px
2026-07-22 11:59:48 | INFO     | jewelry_detector.image_processor | Panel pixel (AI): [1300, 93, 1734, 602]
2026-07-22 11:59:48 | INFO     | jewelry_detector.image_processor | Object pixel (AI): [1387, 139, 1647, 556]
2026-07-22 11:59:48 | INFO     | jewelry_detector.image_processor | Center pixel: [1517, 347]
2026-07-22 11:59:48 | INFO     | jewelry_detector.image_processor | OpenCV panel refine IoU = 0.889
2026-07-22 11:59:48 | INFO     | jewelry_detector.image_processor | Panel refined: [1283, 72, 1734, 623]
2026-07-22 11:59:48 | INFO     | jewelry_detector.image_processor | Panel refined (OpenCV): [1283, 72, 1734, 623]
2026-07-22 11:59:48 | INFO     | jewelry_detector.image_processor | Clean panel crop: raw_size=451x551 trim_left=18 trim_top=30 trim_right=7 trim_bottom=0 content_retained=99.8% success=True
2026-07-22 11:59:48 | INFO     | jewelry_detector.image_processor | Trimmed Object (ảnh gốc): [1371, 269, 1635, 469] | AI bbox gốc: [1387,139,1647,556]
2026-07-22 11:59:48 | INFO     | jewelry_detector.image_processor | Object refined (OpenCV Trim): [1371, 269, 1635, 469]
2026-07-22 11:59:48 | INFO     | jewelry_detector.image_processor | Đã lưu ảnh kết quả: DF27.COMP072_DI_06202026_top_result.jpg
2026-07-22 11:59:48 | INFO     | jewelry_detector.image_processor | Tổng thời gian xử lý: 0.02s
2026-07-22 11:59:48 | INFO     | jewelry_detector.image_processor | Kích thước ảnh: 1734 x 1158 px
2026-07-22 11:59:48 | INFO     | jewelry_detector.image_processor | Panel pixel (AI): [434, 602, 867, 1135]
2026-07-22 11:59:48 | INFO     | jewelry_detector.image_processor | Object pixel (AI): [520, 648, 780, 1065]
2026-07-22 11:59:48 | INFO     | jewelry_detector.image_processor | Center pixel: [650, 857]
2026-07-22 11:59:48 | INFO     | jewelry_detector.image_processor | OpenCV panel refine IoU = 0.858
2026-07-22 11:59:48 | INFO     | jewelry_detector.image_processor | Panel refined: [416, 581, 884, 1156]
2026-07-22 11:59:48 | INFO     | jewelry_detector.image_processor | Panel refined (OpenCV): [416, 581, 884, 1156]
2026-07-22 11:59:48 | INFO     | jewelry_detector.image_processor | Clean panel crop: raw_size=468x575 trim_left=29 trim_top=46 trim_right=14 trim_bottom=6 content_retained=97.8% success=True
2026-07-22 11:59:48 | INFO     | jewelry_detector.image_processor | Trimmed Object (ảnh gốc): [483, 703, 737, 1079] | AI bbox gốc: [520,648,780,1065]
2026-07-22 11:59:48 | INFO     | jewelry_detector.image_processor | Object refined (OpenCV Trim): [483, 703, 737, 1079]
2026-07-22 11:59:48 | INFO     | jewelry_detector.image_processor | Đã lưu ảnh kết quả: DF27.COMP072_DI_06202026_back_result.jpg
2026-07-22 11:59:48 | INFO     | jewelry_detector.image_processor | Tổng thời gian xử lý: 0.02s
2026-07-22 11:59:48 | INFO     | jewelry_detector.image_processor | Kích thước ảnh: 1734 x 1158 px
2026-07-22 11:59:48 | INFO     | jewelry_detector.image_processor | Panel pixel (AI): [867, 602, 1300, 1135]
2026-07-22 11:59:48 | INFO     | jewelry_detector.image_processor | Object pixel (AI): [954, 648, 1214, 1065]
2026-07-22 11:59:48 | INFO     | jewelry_detector.image_processor | Center pixel: [1084, 857]
2026-07-22 11:59:48 | INFO     | jewelry_detector.image_processor | OpenCV panel refine IoU = 0.858
2026-07-22 11:59:48 | INFO     | jewelry_detector.image_processor | Panel refined: [850, 581, 1318, 1156]
2026-07-22 11:59:48 | INFO     | jewelry_detector.image_processor | Panel refined (OpenCV): [850, 581, 1318, 1156]
2026-07-22 11:59:48 | INFO     | jewelry_detector.image_processor | Clean panel crop: raw_size=468x575 trim_left=23 trim_top=46 trim_right=20 trim_bottom=6 content_retained=86.7% success=True
2026-07-22 11:59:48 | INFO     | jewelry_detector.image_processor | Trimmed Object (ảnh gốc): [1023, 711, 1189, 1022] | AI bbox gốc: [954,648,1214,1065]
2026-07-22 11:59:48 | INFO     | jewelry_detector.image_processor | Object refined (OpenCV Trim): [1023, 711, 1189, 1022]
2026-07-22 11:59:48 | INFO     | jewelry_detector.image_processor | Đã lưu ảnh kết quả: DF27.COMP072_DI_06202026_right_result.jpg
2026-07-22 11:59:48 | INFO     | jewelry_detector.image_processor | Tổng thời gian xử lý: 0.02s
2026-07-22 11:59:48 | INFO     | jewelry_detector.image_processor | Kích thước ảnh: 1734 x 1158 px
2026-07-22 11:59:48 | INFO     | jewelry_detector.image_processor | Panel pixel (AI): [1300, 602, 1734, 1135]
2026-07-22 11:59:48 | INFO     | jewelry_detector.image_processor | Object pixel (AI): [1387, 648, 1647, 1065]
2026-07-22 11:59:48 | INFO     | jewelry_detector.image_processor | Center pixel: [1517, 857]
2026-07-22 11:59:48 | INFO     | jewelry_detector.image_processor | OpenCV panel refine IoU = 0.890
2026-07-22 11:59:48 | INFO     | jewelry_detector.image_processor | Panel refined: [1283, 581, 1734, 1156]
2026-07-22 11:59:48 | INFO     | jewelry_detector.image_processor | Panel refined (OpenCV): [1283, 581, 1734, 1156]
2026-07-22 11:59:48 | INFO     | jewelry_detector.image_processor | Clean panel crop: raw_size=451x575 trim_left=18 trim_top=46 trim_right=7 trim_bottom=6 content_retained=99.6% success=True
2026-07-22 11:59:48 | INFO     | jewelry_detector.image_processor | Trimmed Object (ảnh gốc): [1389, 827, 1605, 992] | AI bbox gốc: [1387,648,1647,1065]
2026-07-22 11:59:48 | INFO     | jewelry_detector.image_processor | Object refined (OpenCV Trim): [1389, 827, 1605, 992]
2026-07-22 11:59:48 | INFO     | jewelry_detector.image_processor | Đã lưu ảnh kết quả: DF27.COMP072_DI_06202026_bottom_result.jpg
2026-07-22 11:59:48 | INFO     | jewelry_detector.image_processor | Tổng thời gian xử lý: 0.02s
2026-07-22 11:59:48 | INFO     | jewelry_detector.image_processor | Kích thước ảnh: 1734 x 1158 px
2026-07-22 11:59:48 | INFO     | jewelry_detector.image_processor | Panel pixel (AI): [0, 868, 434, 1158]
2026-07-22 11:59:48 | INFO     | jewelry_detector.image_processor | Object pixel (AI): [173, 926, 347, 1100]
2026-07-22 11:59:48 | INFO     | jewelry_detector.image_processor | Center pixel: [260, 1013]
2026-07-22 11:59:48 | INFO     | jewelry_detector.image_processor | OpenCV panel refine IoU = 0.924
2026-07-22 11:59:48 | INFO     | jewelry_detector.image_processor | Panel refined: [0, 857, 451, 1158]
2026-07-22 11:59:48 | INFO     | jewelry_detector.image_processor | Panel refined (OpenCV): [0, 857, 451, 1158]
2026-07-22 11:59:48 | INFO     | jewelry_detector.image_processor | Clean panel crop: raw_size=451x301 trim_left=7 trim_top=0 trim_right=9 trim_bottom=8 content_retained=100.0% success=True
2026-07-22 11:59:48 | INFO     | jewelry_detector.image_processor | Trimmed Object (ảnh gốc): [201, 859, 377, 1137] | AI bbox gốc: [173,926,347,1100]
2026-07-22 11:59:48 | INFO     | jewelry_detector.image_processor | Object refined (OpenCV Trim): [201, 859, 377, 1137]
2026-07-22 11:59:48 | INFO     | jewelry_detector.image_processor | Đã lưu ảnh kết quả: DF27.COMP072_DI_06202026_perspective_result.jpg
2026-07-22 11:59:48 | INFO     | jewelry_detector.image_processor | Tổng thời gian xử lý: 0.02s
2026-07-22 12:47:56 | INFO     | jewelry_detector.image_processor | Kích thước ảnh: 1765 x 1176 px
2026-07-22 12:47:56 | INFO     | jewelry_detector.image_processor | Panel pixel (AI): [441, 94, 882, 612]
2026-07-22 12:47:56 | INFO     | jewelry_detector.image_processor | Object pixel (AI): [530, 153, 794, 553]
2026-07-22 12:47:56 | INFO     | jewelry_detector.image_processor | Center pixel: [662, 353]
2026-07-22 12:47:56 | INFO     | jewelry_detector.image_processor | OpenCV panel refine IoU = 0.884
2026-07-22 12:47:56 | INFO     | jewelry_detector.image_processor | Panel refined: [424, 99, 900, 632]
2026-07-22 12:47:56 | INFO     | jewelry_detector.image_processor | Panel refined (OpenCV): [424, 99, 900, 632]
2026-07-22 12:47:56 | INFO     | jewelry_detector.image_processor | Clean panel crop: raw_size=476x533 trim_left=30 trim_top=4 trim_right=15 trim_bottom=0 content_retained=98.8% success=True
2026-07-22 12:47:56 | INFO     | jewelry_detector.image_processor | Trimmed Object (ảnh gốc): [502, 201, 865, 570] | AI bbox gốc: [530,153,794,553]
2026-07-22 12:47:56 | INFO     | jewelry_detector.image_processor | Object refined (OpenCV Trim): [502, 201, 865, 570]
2026-07-22 12:47:56 | INFO     | jewelry_detector.image_processor | Đã lưu ảnh kết quả: 889060 A_front_result.jpg
2026-07-22 12:47:56 | INFO     | jewelry_detector.image_processor | Tổng thời gian xử lý: 0.02s
2026-07-22 12:47:56 | INFO     | jewelry_detector.image_processor | Kích thước ảnh: 1765 x 1176 px
2026-07-22 12:47:56 | INFO     | jewelry_detector.image_processor | Panel pixel (AI): [882, 94, 1324, 612]
2026-07-22 12:47:56 | INFO     | jewelry_detector.image_processor | Object pixel (AI): [971, 153, 1236, 553]
2026-07-22 12:47:56 | INFO     | jewelry_detector.image_processor | Center pixel: [1103, 353]
2026-07-22 12:47:56 | INFO     | jewelry_detector.image_processor | OpenCV panel refine IoU = 0.884
2026-07-22 12:47:56 | INFO     | jewelry_detector.image_processor | Panel refined: [865, 99, 1341, 632]
2026-07-22 12:47:56 | INFO     | jewelry_detector.image_processor | Panel refined (OpenCV): [865, 99, 1341, 632]
2026-07-22 12:47:56 | INFO     | jewelry_detector.image_processor | Clean panel crop: raw_size=476x533 trim_left=23 trim_top=4 trim_right=22 trim_bottom=0 content_retained=99.5% success=True
2026-07-22 12:47:56 | INFO     | jewelry_detector.image_processor | Trimmed Object (ảnh gốc): [970, 158, 1243, 564] | AI bbox gốc: [971,153,1236,553]
2026-07-22 12:47:56 | INFO     | jewelry_detector.image_processor | Object refined (OpenCV Trim): [970, 158, 1243, 564]
2026-07-22 12:47:56 | INFO     | jewelry_detector.image_processor | Đã lưu ảnh kết quả: 889060 A_left_result.jpg
2026-07-22 12:47:56 | INFO     | jewelry_detector.image_processor | Tổng thời gian xử lý: 0.02s
2026-07-22 12:47:56 | INFO     | jewelry_detector.image_processor | Kích thước ảnh: 1765 x 1176 px
2026-07-22 12:47:56 | INFO     | jewelry_detector.image_processor | Panel pixel (AI): [1324, 94, 1765, 612]
2026-07-22 12:47:56 | INFO     | jewelry_detector.image_processor | Object pixel (AI): [1412, 153, 1677, 553]
2026-07-22 12:47:56 | INFO     | jewelry_detector.image_processor | Center pixel: [1544, 353]
2026-07-22 12:47:56 | INFO     | jewelry_detector.image_processor | OpenCV panel refine IoU = 0.890
2026-07-22 12:47:56 | INFO     | jewelry_detector.image_processor | Panel refined: [1306, 73, 1765, 632]
2026-07-22 12:47:56 | INFO     | jewelry_detector.image_processor | Panel refined (OpenCV): [1306, 73, 1765, 632]
2026-07-22 12:47:56 | INFO     | jewelry_detector.image_processor | Clean panel crop: raw_size=459x559 trim_left=16 trim_top=30 trim_right=10 trim_bottom=0 content_retained=99.8% success=True
2026-07-22 12:47:56 | INFO     | jewelry_detector.image_processor | Trimmed Object (ảnh gốc): [1462, 312, 1712, 540] | AI bbox gốc: [1412,153,1677,553]
2026-07-22 12:47:56 | INFO     | jewelry_detector.image_processor | Object refined (OpenCV Trim): [1462, 312, 1712, 540]
2026-07-22 12:47:56 | INFO     | jewelry_detector.image_processor | Đã lưu ảnh kết quả: 889060 A_top_result.jpg
2026-07-22 12:47:56 | INFO     | jewelry_detector.image_processor | Tổng thời gian xử lý: 0.02s
2026-07-22 12:47:56 | INFO     | jewelry_detector.image_processor | Kích thước ảnh: 1765 x 1176 px
2026-07-22 12:47:56 | INFO     | jewelry_detector.image_processor | Panel pixel (AI): [441, 612, 882, 1152]
2026-07-22 12:47:56 | INFO     | jewelry_detector.image_processor | Object pixel (AI): [530, 670, 794, 1082]
2026-07-22 12:47:56 | INFO     | jewelry_detector.image_processor | Center pixel: [662, 876]
2026-07-22 12:47:56 | INFO     | jewelry_detector.image_processor | OpenCV panel refine IoU = 0.859
2026-07-22 12:47:56 | INFO     | jewelry_detector.image_processor | Panel refined: [424, 590, 900, 1174]
2026-07-22 12:47:56 | INFO     | jewelry_detector.image_processor | Panel refined (OpenCV): [424, 590, 900, 1174]
2026-07-22 12:47:56 | INFO     | jewelry_detector.image_processor | Clean panel crop: raw_size=476x584 trim_left=30 trim_top=45 trim_right=15 trim_bottom=8 content_retained=99.3% success=True
2026-07-22 12:47:56 | INFO     | jewelry_detector.image_processor | Trimmed Object (ảnh gốc): [485, 728, 830, 1105] | AI bbox gốc: [530,670,794,1082]
2026-07-22 12:47:56 | INFO     | jewelry_detector.image_processor | Object refined (OpenCV Trim): [485, 728, 830, 1105]
2026-07-22 12:47:56 | INFO     | jewelry_detector.image_processor | Đã lưu ảnh kết quả: 889060 A_back_result.jpg
2026-07-22 12:47:56 | INFO     | jewelry_detector.image_processor | Tổng thời gian xử lý: 0.02s
2026-07-22 12:47:56 | INFO     | jewelry_detector.image_processor | Kích thước ảnh: 1765 x 1176 px
2026-07-22 12:47:56 | INFO     | jewelry_detector.image_processor | Panel pixel (AI): [882, 612, 1324, 1152]
2026-07-22 12:47:56 | INFO     | jewelry_detector.image_processor | Object pixel (AI): [971, 670, 1236, 1082]
2026-07-22 12:47:56 | INFO     | jewelry_detector.image_processor | Center pixel: [1103, 876]
2026-07-22 12:47:56 | INFO     | jewelry_detector.image_processor | OpenCV panel refine IoU = 0.859
2026-07-22 12:47:56 | INFO     | jewelry_detector.image_processor | Panel refined: [865, 590, 1341, 1174]
2026-07-22 12:47:56 | INFO     | jewelry_detector.image_processor | Panel refined (OpenCV): [865, 590, 1341, 1174]
2026-07-22 12:47:56 | INFO     | jewelry_detector.image_processor | Clean panel crop: raw_size=476x584 trim_left=23 trim_top=45 trim_right=22 trim_bottom=8 content_retained=98.9% success=True
2026-07-22 12:47:57 | INFO     | jewelry_detector.image_processor | Trimmed Object (ảnh gốc): [972, 674, 1256, 1091] | AI bbox gốc: [971,670,1236,1082]
2026-07-22 12:47:57 | INFO     | jewelry_detector.image_processor | Object refined (OpenCV Trim): [972, 674, 1256, 1091]
2026-07-22 12:47:57 | INFO     | jewelry_detector.image_processor | Đã lưu ảnh kết quả: 889060 A_right_result.jpg
2026-07-22 12:47:57 | INFO     | jewelry_detector.image_processor | Tổng thời gian xử lý: 0.02s
2026-07-22 12:47:57 | INFO     | jewelry_detector.image_processor | Kích thước ảnh: 1765 x 1176 px
2026-07-22 12:47:57 | INFO     | jewelry_detector.image_processor | Panel pixel (AI): [1324, 612, 1765, 1152]
2026-07-22 12:47:57 | INFO     | jewelry_detector.image_processor | Object pixel (AI): [1412, 670, 1677, 1082]
2026-07-22 12:47:57 | INFO     | jewelry_detector.image_processor | Center pixel: [1544, 876]
2026-07-22 12:47:57 | INFO     | jewelry_detector.image_processor | OpenCV panel refine IoU = 0.890
2026-07-22 12:47:57 | INFO     | jewelry_detector.image_processor | Panel refined: [1306, 590, 1765, 1174]
2026-07-22 12:47:57 | INFO     | jewelry_detector.image_processor | Panel refined (OpenCV): [1306, 590, 1765, 1174]
2026-07-22 12:47:57 | INFO     | jewelry_detector.image_processor | Clean panel crop: raw_size=459x584 trim_left=16 trim_top=45 trim_right=10 trim_bottom=8 content_retained=99.7% success=True
2026-07-22 12:47:57 | INFO     | jewelry_detector.image_processor | Trimmed Object (ảnh gốc): [1465, 750, 1698, 965] | AI bbox gốc: [1412,670,1677,1082]
2026-07-22 12:47:57 | INFO     | jewelry_detector.image_processor | Object refined (OpenCV Trim): [1465, 750, 1698, 965]
2026-07-22 12:47:57 | INFO     | jewelry_detector.image_processor | Đã lưu ảnh kết quả: 889060 A_bottom_result.jpg
2026-07-22 12:47:57 | INFO     | jewelry_detector.image_processor | Tổng thời gian xử lý: 0.02s
2026-07-22 12:47:57 | INFO     | jewelry_detector.image_processor | Kích thước ảnh: 1765 x 1176 px
2026-07-22 12:47:57 | INFO     | jewelry_detector.image_processor | Panel pixel (AI): [0, 612, 441, 1152]
2026-07-22 12:47:57 | INFO     | jewelry_detector.image_processor | Object pixel (AI): [88, 670, 353, 1082]
2026-07-22 12:47:57 | INFO     | jewelry_detector.image_processor | Center pixel: [221, 876]
2026-07-22 12:47:57 | INFO     | jewelry_detector.image_processor | OpenCV panel refine IoU = 0.890
2026-07-22 12:47:57 | INFO     | jewelry_detector.image_processor | Panel refined: [0, 590, 459, 1174]
2026-07-22 12:47:57 | INFO     | jewelry_detector.image_processor | Panel refined (OpenCV): [0, 590, 459, 1174]
2026-07-22 12:47:57 | INFO     | jewelry_detector.image_processor | Clean panel crop: raw_size=459x584 trim_left=9 trim_top=98 trim_right=8 trim_bottom=8 content_retained=94.8% success=True
2026-07-22 12:47:57 | INFO     | jewelry_detector.image_processor | Trimmed Object (ảnh gốc): [23, 688, 447, 1156] | AI bbox gốc: [88,688,353,1082]
2026-07-22 12:47:57 | INFO     | jewelry_detector.image_processor | Object refined (OpenCV Trim): [23, 688, 447, 1156]
2026-07-22 12:47:57 | INFO     | jewelry_detector.image_processor | Đã lưu ảnh kết quả: 889060 A_perspective_result.jpg
2026-07-22 12:47:57 | INFO     | jewelry_detector.image_processor | Tổng thời gian xử lý: 0.02s
2026-07-22 12:49:03 | INFO     | jewelry_detector.image_processor | Kích thước ảnh: 1765 x 1176 px
2026-07-22 12:49:03 | INFO     | jewelry_detector.image_processor | Panel pixel (AI): [441, 106, 882, 600]
2026-07-22 12:49:03 | INFO     | jewelry_detector.image_processor | Object pixel (AI): [530, 153, 794, 553]
2026-07-22 12:49:03 | INFO     | jewelry_detector.image_processor | Center pixel: [662, 353]
2026-07-22 12:49:03 | INFO     | jewelry_detector.image_processor | OpenCV panel refine IoU = 0.857
2026-07-22 12:49:03 | INFO     | jewelry_detector.image_processor | Panel refined: [424, 86, 900, 620]
2026-07-22 12:49:03 | INFO     | jewelry_detector.image_processor | Panel refined (OpenCV): [424, 86, 900, 620]
2026-07-22 12:49:03 | INFO     | jewelry_detector.image_processor | Clean panel crop: raw_size=476x534 trim_left=30 trim_top=17 trim_right=15 trim_bottom=0 content_retained=98.9% success=True
2026-07-22 12:49:03 | INFO     | jewelry_detector.image_processor | Trimmed Object (ảnh gốc): [502, 201, 865, 570] | AI bbox gốc: [530,153,794,553]
2026-07-22 12:49:03 | INFO     | jewelry_detector.image_processor | Object refined (OpenCV Trim): [502, 201, 865, 570]
2026-07-22 12:49:03 | INFO     | jewelry_detector.image_processor | Đã lưu ảnh kết quả: 889060 A_front_result.jpg
2026-07-22 12:49:03 | INFO     | jewelry_detector.image_processor | Tổng thời gian xử lý: 0.02s
2026-07-22 12:49:03 | INFO     | jewelry_detector.image_processor | Kích thước ảnh: 1765 x 1176 px
2026-07-22 12:49:03 | INFO     | jewelry_detector.image_processor | Panel pixel (AI): [882, 106, 1324, 600]
2026-07-22 12:49:03 | INFO     | jewelry_detector.image_processor | Object pixel (AI): [971, 153, 1236, 553]
2026-07-22 12:49:03 | INFO     | jewelry_detector.image_processor | Center pixel: [1103, 353]
2026-07-22 12:49:03 | INFO     | jewelry_detector.image_processor | OpenCV panel refine IoU = 0.857
2026-07-22 12:49:03 | INFO     | jewelry_detector.image_processor | Panel refined: [865, 86, 1341, 620]
2026-07-22 12:49:03 | INFO     | jewelry_detector.image_processor | Panel refined (OpenCV): [865, 86, 1341, 620]
2026-07-22 12:49:03 | INFO     | jewelry_detector.image_processor | Clean panel crop: raw_size=476x534 trim_left=23 trim_top=17 trim_right=22 trim_bottom=0 content_retained=99.5% success=True
2026-07-22 12:49:03 | INFO     | jewelry_detector.image_processor | Trimmed Object (ảnh gốc): [970, 158, 1243, 564] | AI bbox gốc: [971,153,1236,553]
2026-07-22 12:49:03 | INFO     | jewelry_detector.image_processor | Object refined (OpenCV Trim): [970, 158, 1243, 564]
2026-07-22 12:49:03 | INFO     | jewelry_detector.image_processor | Đã lưu ảnh kết quả: 889060 A_left_result.jpg
2026-07-22 12:49:03 | INFO     | jewelry_detector.image_processor | Tổng thời gian xử lý: 0.02s
2026-07-22 12:49:03 | INFO     | jewelry_detector.image_processor | Kích thước ảnh: 1765 x 1176 px
2026-07-22 12:49:03 | INFO     | jewelry_detector.image_processor | Panel pixel (AI): [1324, 106, 1765, 600]
2026-07-22 12:49:03 | INFO     | jewelry_detector.image_processor | Object pixel (AI): [1412, 153, 1677, 553]
2026-07-22 12:49:03 | INFO     | jewelry_detector.image_processor | Center pixel: [1544, 353]
2026-07-22 12:49:03 | INFO     | jewelry_detector.image_processor | OpenCV panel refine IoU = 0.889
2026-07-22 12:49:03 | INFO     | jewelry_detector.image_processor | Panel refined: [1306, 86, 1765, 620]
2026-07-22 12:49:03 | INFO     | jewelry_detector.image_processor | Panel refined (OpenCV): [1306, 86, 1765, 620]
2026-07-22 12:49:03 | INFO     | jewelry_detector.image_processor | Clean panel crop: raw_size=459x534 trim_left=16 trim_top=17 trim_right=10 trim_bottom=0 content_retained=99.9% success=True
2026-07-22 12:49:03 | INFO     | jewelry_detector.image_processor | Trimmed Object (ảnh gốc): [1462, 312, 1712, 540] | AI bbox gốc: [1412,153,1677,553]
2026-07-22 12:49:03 | INFO     | jewelry_detector.image_processor | Object refined (OpenCV Trim): [1462, 312, 1712, 540]
2026-07-22 12:49:03 | INFO     | jewelry_detector.image_processor | Đã lưu ảnh kết quả: 889060 A_top_result.jpg
2026-07-22 12:49:03 | INFO     | jewelry_detector.image_processor | Tổng thời gian xử lý: 0.01s
2026-07-22 12:49:03 | INFO     | jewelry_detector.image_processor | Kích thước ảnh: 1765 x 1176 px
2026-07-22 12:49:03 | INFO     | jewelry_detector.image_processor | Panel pixel (AI): [441, 600, 882, 1164]
2026-07-22 12:49:03 | INFO     | jewelry_detector.image_processor | Object pixel (AI): [530, 647, 794, 1117]
2026-07-22 12:49:03 | INFO     | jewelry_detector.image_processor | Center pixel: [662, 882]
2026-07-22 12:49:03 | INFO     | jewelry_detector.image_processor | OpenCV panel refine IoU = 0.874
2026-07-22 12:49:03 | INFO     | jewelry_detector.image_processor | Panel refined: [424, 577, 900, 1176]
2026-07-22 12:49:03 | INFO     | jewelry_detector.image_processor | Panel refined (OpenCV): [424, 577, 900, 1176]
2026-07-22 12:49:03 | INFO     | jewelry_detector.image_processor | Clean panel crop: raw_size=476x599 trim_left=30 trim_top=58 trim_right=15 trim_bottom=10 content_retained=99.3% success=True
2026-07-22 12:49:03 | INFO     | jewelry_detector.image_processor | Trimmed Object (ảnh gốc): [485, 728, 830, 1105] | AI bbox gốc: [530,647,794,1117]
2026-07-22 12:49:03 | INFO     | jewelry_detector.image_processor | Object refined (OpenCV Trim): [485, 728, 830, 1105]
2026-07-22 12:49:03 | INFO     | jewelry_detector.image_processor | Đã lưu ảnh kết quả: 889060 A_back_result.jpg
2026-07-22 12:49:03 | INFO     | jewelry_detector.image_processor | Tổng thời gian xử lý: 0.02s
2026-07-22 12:49:03 | INFO     | jewelry_detector.image_processor | Kích thước ảnh: 1765 x 1176 px
2026-07-22 12:49:03 | INFO     | jewelry_detector.image_processor | Panel pixel (AI): [882, 600, 1324, 1164]
2026-07-22 12:49:03 | INFO     | jewelry_detector.image_processor | Object pixel (AI): [971, 647, 1236, 1117]
2026-07-22 12:49:03 | INFO     | jewelry_detector.image_processor | Center pixel: [1103, 882]
2026-07-22 12:49:03 | INFO     | jewelry_detector.image_processor | OpenCV panel refine IoU = 0.874
2026-07-22 12:49:03 | INFO     | jewelry_detector.image_processor | Panel refined: [865, 577, 1341, 1176]
2026-07-22 12:49:03 | INFO     | jewelry_detector.image_processor | Panel refined (OpenCV): [865, 577, 1341, 1176]
2026-07-22 12:49:03 | INFO     | jewelry_detector.image_processor | Clean panel crop: raw_size=476x599 trim_left=23 trim_top=58 trim_right=22 trim_bottom=10 content_retained=98.9% success=True
2026-07-22 12:49:03 | INFO     | jewelry_detector.image_processor | Trimmed Object (ảnh gốc): [972, 674, 1256, 1091] | AI bbox gốc: [971,647,1236,1117]
2026-07-22 12:49:03 | INFO     | jewelry_detector.image_processor | Object refined (OpenCV Trim): [972, 674, 1256, 1091]
2026-07-22 12:49:03 | INFO     | jewelry_detector.image_processor | Đã lưu ảnh kết quả: 889060 A_right_result.jpg
2026-07-22 12:49:03 | INFO     | jewelry_detector.image_processor | Tổng thời gian xử lý: 0.02s
2026-07-22 12:49:03 | INFO     | jewelry_detector.image_processor | Kích thước ảnh: 1765 x 1176 px
2026-07-22 12:49:03 | INFO     | jewelry_detector.image_processor | Panel pixel (AI): [1324, 600, 1765, 1164]
2026-07-22 12:49:03 | INFO     | jewelry_detector.image_processor | Object pixel (AI): [1412, 647, 1677, 1117]
2026-07-22 12:49:03 | INFO     | jewelry_detector.image_processor | Center pixel: [1544, 882]
2026-07-22 12:49:03 | INFO     | jewelry_detector.image_processor | OpenCV panel refine IoU = 0.906
2026-07-22 12:49:03 | INFO     | jewelry_detector.image_processor | Panel refined: [1306, 577, 1765, 1176]
2026-07-22 12:49:03 | INFO     | jewelry_detector.image_processor | Panel refined (OpenCV): [1306, 577, 1765, 1176]
2026-07-22 12:49:03 | INFO     | jewelry_detector.image_processor | Clean panel crop: raw_size=459x599 trim_left=16 trim_top=58 trim_right=10 trim_bottom=10 content_retained=99.6% success=True
2026-07-22 12:49:03 | INFO     | jewelry_detector.image_processor | Trimmed Object (ảnh gốc): [1465, 750, 1698, 965] | AI bbox gốc: [1412,647,1677,1117]
2026-07-22 12:49:03 | INFO     | jewelry_detector.image_processor | Object refined (OpenCV Trim): [1465, 750, 1698, 965]
2026-07-22 12:49:03 | INFO     | jewelry_detector.image_processor | Đã lưu ảnh kết quả: 889060 A_bottom_result.jpg
2026-07-22 12:49:03 | INFO     | jewelry_detector.image_processor | Tổng thời gian xử lý: 0.02s
2026-07-22 12:49:03 | INFO     | jewelry_detector.image_processor | Kích thước ảnh: 1765 x 1176 px
2026-07-22 12:49:03 | INFO     | jewelry_detector.image_processor | Panel pixel (AI): [0, 600, 441, 1164]
2026-07-22 12:49:03 | INFO     | jewelry_detector.image_processor | Object pixel (AI): [88, 647, 353, 1117]
2026-07-22 12:49:03 | INFO     | jewelry_detector.image_processor | Center pixel: [221, 882]
2026-07-22 12:49:03 | INFO     | jewelry_detector.image_processor | OpenCV panel refine IoU = 0.906
2026-07-22 12:49:03 | INFO     | jewelry_detector.image_processor | Panel refined: [0, 577, 459, 1176]
2026-07-22 12:49:03 | INFO     | jewelry_detector.image_processor | Panel refined (OpenCV): [0, 577, 459, 1176]
2026-07-22 12:49:03 | INFO     | jewelry_detector.image_processor | Clean panel crop: raw_size=459x599 trim_left=9 trim_top=45 trim_right=8 trim_bottom=10 content_retained=98.9% success=True
2026-07-22 12:49:03 | INFO     | jewelry_detector.image_processor | Trimmed Object (ảnh gốc): [23, 676, 447, 1156] | AI bbox gốc: [88,647,353,1117]
2026-07-22 12:49:03 | INFO     | jewelry_detector.image_processor | Object refined (OpenCV Trim): [23, 676, 447, 1156]
2026-07-22 12:49:03 | INFO     | jewelry_detector.image_processor | Đã lưu ảnh kết quả: 889060 A_perspective_result.jpg
2026-07-22 12:49:03 | INFO     | jewelry_detector.image_processor | Tổng thời gian xử lý: 0.02s
2026-07-22 12:49:37 | INFO     | jewelry_detector.image_processor | Kích thước ảnh: 1765 x 1176 px
2026-07-22 12:49:37 | INFO     | jewelry_detector.image_processor | Panel pixel (AI): [441, 94, 882, 612]
2026-07-22 12:49:37 | INFO     | jewelry_detector.image_processor | Object pixel (AI): [530, 153, 794, 553]
2026-07-22 12:49:37 | INFO     | jewelry_detector.image_processor | Center pixel: [662, 353]
2026-07-22 12:49:37 | INFO     | jewelry_detector.image_processor | OpenCV panel refine IoU = 0.884
2026-07-22 12:49:37 | INFO     | jewelry_detector.image_processor | Panel refined: [424, 99, 900, 632]
2026-07-22 12:49:37 | INFO     | jewelry_detector.image_processor | Panel refined (OpenCV): [424, 99, 900, 632]
2026-07-22 12:49:37 | INFO     | jewelry_detector.image_processor | Clean panel crop: raw_size=476x533 trim_left=30 trim_top=4 trim_right=15 trim_bottom=0 content_retained=98.8% success=True
2026-07-22 12:49:37 | INFO     | jewelry_detector.image_processor | Trimmed Object (ảnh gốc): [502, 201, 865, 570] | AI bbox gốc: [530,153,794,553]
2026-07-22 12:49:37 | INFO     | jewelry_detector.image_processor | Object refined (OpenCV Trim): [502, 201, 865, 570]
2026-07-22 12:49:37 | INFO     | jewelry_detector.image_processor | Đã lưu ảnh kết quả: 889060 A_front_result.jpg
2026-07-22 12:49:37 | INFO     | jewelry_detector.image_processor | Tổng thời gian xử lý: 0.02s
2026-07-22 12:49:37 | INFO     | jewelry_detector.image_processor | Kích thước ảnh: 1765 x 1176 px
2026-07-22 12:49:37 | INFO     | jewelry_detector.image_processor | Panel pixel (AI): [882, 94, 1324, 612]
2026-07-22 12:49:37 | INFO     | jewelry_detector.image_processor | Object pixel (AI): [971, 153, 1236, 553]
2026-07-22 12:49:37 | INFO     | jewelry_detector.image_processor | Center pixel: [1103, 353]
2026-07-22 12:49:37 | INFO     | jewelry_detector.image_processor | OpenCV panel refine IoU = 0.884
2026-07-22 12:49:37 | INFO     | jewelry_detector.image_processor | Panel refined: [865, 99, 1341, 632]
2026-07-22 12:49:37 | INFO     | jewelry_detector.image_processor | Panel refined (OpenCV): [865, 99, 1341, 632]
2026-07-22 12:49:37 | INFO     | jewelry_detector.image_processor | Clean panel crop: raw_size=476x533 trim_left=23 trim_top=4 trim_right=22 trim_bottom=0 content_retained=99.5% success=True
2026-07-22 12:49:37 | INFO     | jewelry_detector.image_processor | Trimmed Object (ảnh gốc): [970, 158, 1243, 564] | AI bbox gốc: [971,153,1236,553]
2026-07-22 12:49:37 | INFO     | jewelry_detector.image_processor | Object refined (OpenCV Trim): [970, 158, 1243, 564]
2026-07-22 12:49:37 | INFO     | jewelry_detector.image_processor | Đã lưu ảnh kết quả: 889060 A_left_result.jpg
2026-07-22 12:49:37 | INFO     | jewelry_detector.image_processor | Tổng thời gian xử lý: 0.02s
2026-07-22 12:49:37 | INFO     | jewelry_detector.image_processor | Kích thước ảnh: 1765 x 1176 px
2026-07-22 12:49:37 | INFO     | jewelry_detector.image_processor | Panel pixel (AI): [1324, 94, 1765, 612]
2026-07-22 12:49:37 | INFO     | jewelry_detector.image_processor | Object pixel (AI): [1412, 153, 1677, 553]
2026-07-22 12:49:37 | INFO     | jewelry_detector.image_processor | Center pixel: [1544, 353]
2026-07-22 12:49:37 | INFO     | jewelry_detector.image_processor | OpenCV panel refine IoU = 0.890
2026-07-22 12:49:37 | INFO     | jewelry_detector.image_processor | Panel refined: [1306, 73, 1765, 632]
2026-07-22 12:49:37 | INFO     | jewelry_detector.image_processor | Panel refined (OpenCV): [1306, 73, 1765, 632]
2026-07-22 12:49:37 | INFO     | jewelry_detector.image_processor | Clean panel crop: raw_size=459x559 trim_left=16 trim_top=30 trim_right=10 trim_bottom=0 content_retained=99.8% success=True
2026-07-22 12:49:37 | INFO     | jewelry_detector.image_processor | Trimmed Object (ảnh gốc): [1462, 312, 1712, 540] | AI bbox gốc: [1412,153,1677,553]
2026-07-22 12:49:37 | INFO     | jewelry_detector.image_processor | Object refined (OpenCV Trim): [1462, 312, 1712, 540]
2026-07-22 12:49:37 | INFO     | jewelry_detector.image_processor | Đã lưu ảnh kết quả: 889060 A_top_result.jpg
2026-07-22 12:49:37 | INFO     | jewelry_detector.image_processor | Tổng thời gian xử lý: 0.02s
2026-07-22 12:49:37 | INFO     | jewelry_detector.image_processor | Kích thước ảnh: 1765 x 1176 px
2026-07-22 12:49:37 | INFO     | jewelry_detector.image_processor | Panel pixel (AI): [441, 612, 882, 1152]
2026-07-22 12:49:37 | INFO     | jewelry_detector.image_processor | Object pixel (AI): [530, 670, 794, 1082]
2026-07-22 12:49:37 | INFO     | jewelry_detector.image_processor | Center pixel: [662, 876]
2026-07-22 12:49:37 | INFO     | jewelry_detector.image_processor | OpenCV panel refine IoU = 0.859
2026-07-22 12:49:37 | INFO     | jewelry_detector.image_processor | Panel refined: [424, 590, 900, 1174]
2026-07-22 12:49:37 | INFO     | jewelry_detector.image_processor | Panel refined (OpenCV): [424, 590, 900, 1174]
2026-07-22 12:49:37 | INFO     | jewelry_detector.image_processor | Clean panel crop: raw_size=476x584 trim_left=30 trim_top=45 trim_right=15 trim_bottom=8 content_retained=99.3% success=True
2026-07-22 12:49:37 | INFO     | jewelry_detector.image_processor | Trimmed Object (ảnh gốc): [485, 728, 830, 1105] | AI bbox gốc: [530,670,794,1082]
2026-07-22 12:49:37 | INFO     | jewelry_detector.image_processor | Object refined (OpenCV Trim): [485, 728, 830, 1105]
2026-07-22 12:49:37 | INFO     | jewelry_detector.image_processor | Đã lưu ảnh kết quả: 889060 A_back_result.jpg
2026-07-22 12:49:37 | INFO     | jewelry_detector.image_processor | Tổng thời gian xử lý: 0.02s
2026-07-22 12:49:37 | INFO     | jewelry_detector.image_processor | Kích thước ảnh: 1765 x 1176 px
2026-07-22 12:49:37 | INFO     | jewelry_detector.image_processor | Panel pixel (AI): [882, 612, 1324, 1152]
2026-07-22 12:49:37 | INFO     | jewelry_detector.image_processor | Object pixel (AI): [971, 670, 1236, 1082]
2026-07-22 12:49:37 | INFO     | jewelry_detector.image_processor | Center pixel: [1103, 876]
2026-07-22 12:49:37 | INFO     | jewelry_detector.image_processor | OpenCV panel refine IoU = 0.859
2026-07-22 12:49:37 | INFO     | jewelry_detector.image_processor | Panel refined: [865, 590, 1341, 1174]
2026-07-22 12:49:37 | INFO     | jewelry_detector.image_processor | Panel refined (OpenCV): [865, 590, 1341, 1174]
2026-07-22 12:49:37 | INFO     | jewelry_detector.image_processor | Clean panel crop: raw_size=476x584 trim_left=23 trim_top=45 trim_right=22 trim_bottom=8 content_retained=98.9% success=True
2026-07-22 12:49:37 | INFO     | jewelry_detector.image_processor | Trimmed Object (ảnh gốc): [972, 674, 1256, 1091] | AI bbox gốc: [971,670,1236,1082]
2026-07-22 12:49:37 | INFO     | jewelry_detector.image_processor | Object refined (OpenCV Trim): [972, 674, 1256, 1091]
2026-07-22 12:49:37 | INFO     | jewelry_detector.image_processor | Đã lưu ảnh kết quả: 889060 A_right_result.jpg
2026-07-22 12:49:37 | INFO     | jewelry_detector.image_processor | Tổng thời gian xử lý: 0.02s
2026-07-22 12:49:37 | INFO     | jewelry_detector.image_processor | Kích thước ảnh: 1765 x 1176 px
2026-07-22 12:49:37 | INFO     | jewelry_detector.image_processor | Panel pixel (AI): [1324, 612, 1765, 1152]
2026-07-22 12:49:37 | INFO     | jewelry_detector.image_processor | Object pixel (AI): [1412, 670, 1677, 1082]
2026-07-22 12:49:37 | INFO     | jewelry_detector.image_processor | Center pixel: [1544, 876]
2026-07-22 12:49:37 | INFO     | jewelry_detector.image_processor | OpenCV panel refine IoU = 0.890
2026-07-22 12:49:37 | INFO     | jewelry_detector.image_processor | Panel refined: [1306, 590, 1765, 1174]
2026-07-22 12:49:37 | INFO     | jewelry_detector.image_processor | Panel refined (OpenCV): [1306, 590, 1765, 1174]
2026-07-22 12:49:37 | INFO     | jewelry_detector.image_processor | Clean panel crop: raw_size=459x584 trim_left=16 trim_top=45 trim_right=10 trim_bottom=8 content_retained=99.7% success=True
2026-07-22 12:49:37 | INFO     | jewelry_detector.image_processor | Trimmed Object (ảnh gốc): [1465, 750, 1698, 965] | AI bbox gốc: [1412,670,1677,1082]
2026-07-22 12:49:37 | INFO     | jewelry_detector.image_processor | Object refined (OpenCV Trim): [1465, 750, 1698, 965]
2026-07-22 12:49:37 | INFO     | jewelry_detector.image_processor | Đã lưu ảnh kết quả: 889060 A_bottom_result.jpg
2026-07-22 12:49:37 | INFO     | jewelry_detector.image_processor | Tổng thời gian xử lý: 0.02s
2026-07-22 12:49:37 | INFO     | jewelry_detector.image_processor | Kích thước ảnh: 1765 x 1176 px
2026-07-22 12:49:37 | INFO     | jewelry_detector.image_processor | Panel pixel (AI): [0, 612, 441, 1152]
2026-07-22 12:49:37 | INFO     | jewelry_detector.image_processor | Object pixel (AI): [88, 670, 353, 1082]
2026-07-22 12:49:37 | INFO     | jewelry_detector.image_processor | Center pixel: [221, 876]
2026-07-22 12:49:37 | INFO     | jewelry_detector.image_processor | OpenCV panel refine IoU = 0.890
2026-07-22 12:49:37 | INFO     | jewelry_detector.image_processor | Panel refined: [0, 590, 459, 1174]
2026-07-22 12:49:37 | INFO     | jewelry_detector.image_processor | Panel refined (OpenCV): [0, 590, 459, 1174]
2026-07-22 12:49:37 | INFO     | jewelry_detector.image_processor | Clean panel crop: raw_size=459x584 trim_left=9 trim_top=98 trim_right=8 trim_bottom=8 content_retained=94.8% success=True
2026-07-22 12:49:37 | INFO     | jewelry_detector.image_processor | Trimmed Object (ảnh gốc): [23, 688, 447, 1156] | AI bbox gốc: [88,688,353,1082]
2026-07-22 12:49:37 | INFO     | jewelry_detector.image_processor | Object refined (OpenCV Trim): [23, 688, 447, 1156]
2026-07-22 12:49:37 | INFO     | jewelry_detector.image_processor | Đã lưu ảnh kết quả: 889060 A_perspective_result.jpg
2026-07-22 12:49:37 | INFO     | jewelry_detector.image_processor | Tổng thời gian xử lý: 0.02s
2026-07-22 12:50:39 | INFO     | jewelry_detector.image_processor | Kích thước ảnh: 1765 x 1176 px
2026-07-22 12:50:39 | INFO     | jewelry_detector.image_processor | Panel pixel (AI): [441, 94, 882, 612]
2026-07-22 12:50:39 | INFO     | jewelry_detector.image_processor | Object pixel (AI): [530, 153, 794, 553]
2026-07-22 12:50:39 | INFO     | jewelry_detector.image_processor | Center pixel: [662, 353]
2026-07-22 12:50:39 | INFO     | jewelry_detector.image_processor | OpenCV panel refine IoU = 0.884
2026-07-22 12:50:39 | INFO     | jewelry_detector.image_processor | Panel refined: [424, 99, 900, 632]
2026-07-22 12:50:39 | INFO     | jewelry_detector.image_processor | Panel refined (OpenCV): [424, 99, 900, 632]
2026-07-22 12:50:39 | INFO     | jewelry_detector.image_processor | Clean panel crop: raw_size=476x533 trim_left=30 trim_top=4 trim_right=15 trim_bottom=0 content_retained=98.8% success=True
2026-07-22 12:50:39 | INFO     | jewelry_detector.image_processor | Trimmed Object (ảnh gốc): [502, 201, 865, 570] | AI bbox gốc: [530,153,794,553]
2026-07-22 12:50:39 | INFO     | jewelry_detector.image_processor | Object refined (OpenCV Trim): [502, 201, 865, 570]
2026-07-22 12:50:39 | INFO     | jewelry_detector.image_processor | Đã lưu ảnh kết quả: 889060 A_front_result.jpg
2026-07-22 12:50:39 | INFO     | jewelry_detector.image_processor | Tổng thời gian xử lý: 0.02s
2026-07-22 12:50:39 | INFO     | jewelry_detector.image_processor | Kích thước ảnh: 1765 x 1176 px
2026-07-22 12:50:39 | INFO     | jewelry_detector.image_processor | Panel pixel (AI): [882, 94, 1324, 612]
2026-07-22 12:50:39 | INFO     | jewelry_detector.image_processor | Object pixel (AI): [971, 153, 1236, 553]
2026-07-22 12:50:39 | INFO     | jewelry_detector.image_processor | Center pixel: [1103, 353]
2026-07-22 12:50:39 | INFO     | jewelry_detector.image_processor | OpenCV panel refine IoU = 0.884
2026-07-22 12:50:39 | INFO     | jewelry_detector.image_processor | Panel refined: [865, 99, 1341, 632]
2026-07-22 12:50:39 | INFO     | jewelry_detector.image_processor | Panel refined (OpenCV): [865, 99, 1341, 632]
2026-07-22 12:50:39 | INFO     | jewelry_detector.image_processor | Clean panel crop: raw_size=476x533 trim_left=23 trim_top=4 trim_right=22 trim_bottom=0 content_retained=99.5% success=True
2026-07-22 12:50:39 | INFO     | jewelry_detector.image_processor | Trimmed Object (ảnh gốc): [970, 158, 1243, 564] | AI bbox gốc: [971,153,1236,553]
2026-07-22 12:50:39 | INFO     | jewelry_detector.image_processor | Object refined (OpenCV Trim): [970, 158, 1243, 564]
2026-07-22 12:50:39 | INFO     | jewelry_detector.image_processor | Đã lưu ảnh kết quả: 889060 A_left_result.jpg
2026-07-22 12:50:39 | INFO     | jewelry_detector.image_processor | Tổng thời gian xử lý: 0.02s
2026-07-22 12:50:39 | INFO     | jewelry_detector.image_processor | Kích thước ảnh: 1765 x 1176 px
2026-07-22 12:50:39 | INFO     | jewelry_detector.image_processor | Panel pixel (AI): [1324, 94, 1765, 612]
2026-07-22 12:50:39 | INFO     | jewelry_detector.image_processor | Object pixel (AI): [1412, 153, 1677, 553]
2026-07-22 12:50:39 | INFO     | jewelry_detector.image_processor | Center pixel: [1544, 353]
2026-07-22 12:50:39 | INFO     | jewelry_detector.image_processor | OpenCV panel refine IoU = 0.890
2026-07-22 12:50:39 | INFO     | jewelry_detector.image_processor | Panel refined: [1306, 73, 1765, 632]
2026-07-22 12:50:39 | INFO     | jewelry_detector.image_processor | Panel refined (OpenCV): [1306, 73, 1765, 632]
2026-07-22 12:50:39 | INFO     | jewelry_detector.image_processor | Clean panel crop: raw_size=459x559 trim_left=16 trim_top=30 trim_right=10 trim_bottom=0 content_retained=99.8% success=True
2026-07-22 12:50:39 | INFO     | jewelry_detector.image_processor | Trimmed Object (ảnh gốc): [1462, 312, 1712, 540] | AI bbox gốc: [1412,153,1677,553]
2026-07-22 12:50:39 | INFO     | jewelry_detector.image_processor | Object refined (OpenCV Trim): [1462, 312, 1712, 540]
2026-07-22 12:50:39 | INFO     | jewelry_detector.image_processor | Đã lưu ảnh kết quả: 889060 A_top_result.jpg
2026-07-22 12:50:39 | INFO     | jewelry_detector.image_processor | Tổng thời gian xử lý: 0.02s
2026-07-22 12:50:39 | INFO     | jewelry_detector.image_processor | Kích thước ảnh: 1765 x 1176 px
2026-07-22 12:50:39 | INFO     | jewelry_detector.image_processor | Panel pixel (AI): [441, 612, 882, 1152]
2026-07-22 12:50:39 | INFO     | jewelry_detector.image_processor | Object pixel (AI): [530, 670, 794, 1082]
2026-07-22 12:50:39 | INFO     | jewelry_detector.image_processor | Center pixel: [662, 876]
2026-07-22 12:50:39 | INFO     | jewelry_detector.image_processor | OpenCV panel refine IoU = 0.859
2026-07-22 12:50:39 | INFO     | jewelry_detector.image_processor | Panel refined: [424, 590, 900, 1174]
2026-07-22 12:50:39 | INFO     | jewelry_detector.image_processor | Panel refined (OpenCV): [424, 590, 900, 1174]
2026-07-22 12:50:39 | INFO     | jewelry_detector.image_processor | Clean panel crop: raw_size=476x584 trim_left=30 trim_top=45 trim_right=15 trim_bottom=8 content_retained=99.3% success=True
2026-07-22 12:50:39 | INFO     | jewelry_detector.image_processor | Trimmed Object (ảnh gốc): [485, 728, 830, 1105] | AI bbox gốc: [530,670,794,1082]
2026-07-22 12:50:39 | INFO     | jewelry_detector.image_processor | Object refined (OpenCV Trim): [485, 728, 830, 1105]
2026-07-22 12:50:39 | INFO     | jewelry_detector.image_processor | Đã lưu ảnh kết quả: 889060 A_back_result.jpg
2026-07-22 12:50:39 | INFO     | jewelry_detector.image_processor | Tổng thời gian xử lý: 0.02s
2026-07-22 12:50:39 | INFO     | jewelry_detector.image_processor | Kích thước ảnh: 1765 x 1176 px
2026-07-22 12:50:39 | INFO     | jewelry_detector.image_processor | Panel pixel (AI): [882, 612, 1324, 1152]
2026-07-22 12:50:39 | INFO     | jewelry_detector.image_processor | Object pixel (AI): [971, 670, 1236, 1082]
2026-07-22 12:50:39 | INFO     | jewelry_detector.image_processor | Center pixel: [1103, 876]
2026-07-22 12:50:39 | INFO     | jewelry_detector.image_processor | OpenCV panel refine IoU = 0.859
2026-07-22 12:50:39 | INFO     | jewelry_detector.image_processor | Panel refined: [865, 590, 1341, 1174]
2026-07-22 12:50:39 | INFO     | jewelry_detector.image_processor | Panel refined (OpenCV): [865, 590, 1341, 1174]
2026-07-22 12:50:39 | INFO     | jewelry_detector.image_processor | Clean panel crop: raw_size=476x584 trim_left=23 trim_top=45 trim_right=22 trim_bottom=8 content_retained=98.9% success=True
2026-07-22 12:50:39 | INFO     | jewelry_detector.image_processor | Trimmed Object (ảnh gốc): [972, 674, 1256, 1091] | AI bbox gốc: [971,670,1236,1082]
2026-07-22 12:50:39 | INFO     | jewelry_detector.image_processor | Object refined (OpenCV Trim): [972, 674, 1256, 1091]
2026-07-22 12:50:39 | INFO     | jewelry_detector.image_processor | Đã lưu ảnh kết quả: 889060 A_right_result.jpg
2026-07-22 12:50:39 | INFO     | jewelry_detector.image_processor | Tổng thời gian xử lý: 0.02s
2026-07-22 12:50:39 | INFO     | jewelry_detector.image_processor | Kích thước ảnh: 1765 x 1176 px
2026-07-22 12:50:39 | INFO     | jewelry_detector.image_processor | Panel pixel (AI): [1324, 612, 1765, 1152]
2026-07-22 12:50:39 | INFO     | jewelry_detector.image_processor | Object pixel (AI): [1412, 670, 1677, 1082]
2026-07-22 12:50:39 | INFO     | jewelry_detector.image_processor | Center pixel: [1544, 876]
2026-07-22 12:50:39 | INFO     | jewelry_detector.image_processor | OpenCV panel refine IoU = 0.890
2026-07-22 12:50:39 | INFO     | jewelry_detector.image_processor | Panel refined: [1306, 590, 1765, 1174]
2026-07-22 12:50:39 | INFO     | jewelry_detector.image_processor | Panel refined (OpenCV): [1306, 590, 1765, 1174]
2026-07-22 12:50:39 | INFO     | jewelry_detector.image_processor | Clean panel crop: raw_size=459x584 trim_left=16 trim_top=45 trim_right=10 trim_bottom=8 content_retained=99.7% success=True
2026-07-22 12:50:39 | INFO     | jewelry_detector.image_processor | Trimmed Object (ảnh gốc): [1465, 750, 1698, 965] | AI bbox gốc: [1412,670,1677,1082]
2026-07-22 12:50:39 | INFO     | jewelry_detector.image_processor | Object refined (OpenCV Trim): [1465, 750, 1698, 965]
2026-07-22 12:50:39 | INFO     | jewelry_detector.image_processor | Đã lưu ảnh kết quả: 889060 A_bottom_result.jpg
2026-07-22 12:50:39 | INFO     | jewelry_detector.image_processor | Tổng thời gian xử lý: 0.02s
2026-07-22 12:50:39 | INFO     | jewelry_detector.image_processor | Kích thước ảnh: 1765 x 1176 px
2026-07-22 12:50:39 | INFO     | jewelry_detector.image_processor | Panel pixel (AI): [0, 612, 441, 1152]
2026-07-22 12:50:39 | INFO     | jewelry_detector.image_processor | Object pixel (AI): [88, 670, 353, 1082]
2026-07-22 12:50:39 | INFO     | jewelry_detector.image_processor | Center pixel: [221, 876]
2026-07-22 12:50:39 | INFO     | jewelry_detector.image_processor | OpenCV panel refine IoU = 0.890
2026-07-22 12:50:39 | INFO     | jewelry_detector.image_processor | Panel refined: [0, 590, 459, 1174]
2026-07-22 12:50:39 | INFO     | jewelry_detector.image_processor | Panel refined (OpenCV): [0, 590, 459, 1174]
2026-07-22 12:50:39 | INFO     | jewelry_detector.image_processor | Clean panel crop: raw_size=459x584 trim_left=9 trim_top=98 trim_right=8 trim_bottom=8 content_retained=94.8% success=True
2026-07-22 12:50:39 | INFO     | jewelry_detector.image_processor | Trimmed Object (ảnh gốc): [23, 688, 447, 1156] | AI bbox gốc: [88,688,353,1082]
2026-07-22 12:50:39 | INFO     | jewelry_detector.image_processor | Object refined (OpenCV Trim): [23, 688, 447, 1156]
2026-07-22 12:50:39 | INFO     | jewelry_detector.image_processor | Đã lưu ảnh kết quả: 889060 A_perspective_result.jpg
2026-07-22 12:50:39 | INFO     | jewelry_detector.image_processor | Tổng thời gian xử lý: 0.02s
2026-07-22 12:53:42 | INFO     | jewelry_detector.image_processor | Kích thước ảnh: 1365 x 907 px
2026-07-22 12:53:42 | INFO     | jewelry_detector.image_processor | Panel pixel (AI): [366, 79, 681, 472]
2026-07-22 12:53:42 | INFO     | jewelry_detector.image_processor | Object pixel (AI): [382, 91, 665, 452]
2026-07-22 12:53:42 | INFO     | jewelry_detector.image_processor | Center pixel: [523, 271]
2026-07-22 12:53:42 | INFO     | jewelry_detector.image_processor | OpenCV panel refine IoU = 0.856
2026-07-22 12:53:42 | INFO     | jewelry_detector.image_processor | Panel refined: [353, 63, 694, 487]
2026-07-22 12:53:42 | INFO     | jewelry_detector.image_processor | Panel refined (OpenCV): [353, 63, 694, 487]
2026-07-22 12:53:42 | INFO     | jewelry_detector.image_processor | Clean panel crop: raw_size=341x424 trim_left=0 trim_top=19 trim_right=7 trim_bottom=0 content_retained=100.0% success=True
2026-07-22 12:53:42 | INFO     | jewelry_detector.image_processor | Trimmed Object (ảnh gốc): [367, 95, 635, 437] | AI bbox gốc: [382,91,665,452]
2026-07-22 12:53:42 | INFO     | jewelry_detector.image_processor | Object refined (OpenCV Trim): [367, 95, 635, 437]
2026-07-22 12:53:42 | INFO     | jewelry_detector.image_processor | Đã lưu ảnh kết quả: DF27.COMP017.12_DI_07072026_front_result.jpg
2026-07-22 12:53:42 | INFO     | jewelry_detector.image_processor | Tổng thời gian xử lý: 0.02s
2026-07-22 12:53:42 | INFO     | jewelry_detector.image_processor | Kích thước ảnh: 1365 x 907 px
2026-07-22 12:53:42 | INFO     | jewelry_detector.image_processor | Panel pixel (AI): [682, 79, 995, 472]
2026-07-22 12:53:42 | INFO     | jewelry_detector.image_processor | Object pixel (AI): [699, 91, 983, 452]
2026-07-22 12:53:42 | INFO     | jewelry_detector.image_processor | Center pixel: [841, 271]
2026-07-22 12:53:42 | INFO     | jewelry_detector.image_processor | OpenCV panel refine IoU = 0.857
2026-07-22 12:53:42 | INFO     | jewelry_detector.image_processor | Panel refined: [670, 63, 1008, 487]
2026-07-22 12:53:42 | INFO     | jewelry_detector.image_processor | Panel refined (OpenCV): [670, 63, 1008, 487]
2026-07-22 12:53:42 | INFO     | jewelry_detector.image_processor | Clean panel crop: raw_size=338x424 trim_left=22 trim_top=19 trim_right=0 trim_bottom=0 content_retained=100.0% success=True
2026-07-22 12:53:42 | INFO     | jewelry_detector.image_processor | Trimmed Object (ảnh gốc): [723, 113, 952, 439] | AI bbox gốc: [699,91,983,452]
2026-07-22 12:53:42 | INFO     | jewelry_detector.image_processor | Object refined (OpenCV Trim): [723, 113, 952, 439]
2026-07-22 12:53:42 | INFO     | jewelry_detector.image_processor | Đã lưu ảnh kết quả: DF27.COMP017.12_DI_07072026_left_result.jpg
2026-07-22 12:53:42 | INFO     | jewelry_detector.image_processor | Tổng thời gian xử lý: 0.01s
2026-07-22 13:00:55 | INFO     | jewelry_detector.image_processor | Kích thước ảnh: 1365 x 907 px
2026-07-22 13:00:55 | INFO     | jewelry_detector.image_processor | Panel pixel (AI): [364, 80, 682, 472]
2026-07-22 13:00:55 | INFO     | jewelry_detector.image_processor | Object pixel (AI): [382, 91, 655, 454]
2026-07-22 13:00:55 | INFO     | jewelry_detector.image_processor | Center pixel: [519, 272]
2026-07-22 13:00:55 | INFO     | jewelry_detector.image_processor | OpenCV panel refine IoU = 0.859
2026-07-22 13:00:55 | INFO     | jewelry_detector.image_processor | Panel refined: [352, 64, 695, 487]
2026-07-22 13:00:55 | INFO     | jewelry_detector.image_processor | Panel refined (OpenCV): [352, 64, 695, 487]
2026-07-22 13:00:55 | INFO     | jewelry_detector.image_processor | Clean panel crop: raw_size=343x423 trim_left=2 trim_top=18 trim_right=8 trim_bottom=0 content_retained=100.0% success=True
2026-07-22 13:00:55 | INFO     | jewelry_detector.image_processor | Trimmed Object (ảnh gốc): [367, 95, 635, 437] | AI bbox gốc: [382,91,655,454]
2026-07-22 13:00:55 | INFO     | jewelry_detector.image_processor | Object refined (OpenCV Trim): [367, 95, 635, 437]
2026-07-22 13:00:55 | INFO     | jewelry_detector.image_processor | Đã lưu ảnh kết quả: DF27.COMP017.12_DI_07072026_front_result.jpg
2026-07-22 13:00:55 | INFO     | jewelry_detector.image_processor | Tổng thời gian xử lý: 0.02s
2026-07-22 13:00:55 | INFO     | jewelry_detector.image_processor | Kích thước ảnh: 1365 x 907 px
2026-07-22 13:00:55 | INFO     | jewelry_detector.image_processor | Panel pixel (AI): [682, 80, 1001, 472]
2026-07-22 13:00:55 | INFO     | jewelry_detector.image_processor | Object pixel (AI): [696, 91, 983, 454]
2026-07-22 13:00:55 | INFO     | jewelry_detector.image_processor | Center pixel: [839, 272]
2026-07-22 13:00:55 | INFO     | jewelry_detector.image_processor | OpenCV panel refine IoU = 0.859
2026-07-22 13:00:55 | INFO     | jewelry_detector.image_processor | Panel refined: [670, 64, 1013, 487]
2026-07-22 13:00:55 | INFO     | jewelry_detector.image_processor | Panel refined (OpenCV): [670, 64, 1013, 487]
2026-07-22 13:00:55 | INFO     | jewelry_detector.image_processor | Clean panel crop: raw_size=343x423 trim_left=22 trim_top=18 trim_right=0 trim_bottom=0 content_retained=100.0% success=True
2026-07-22 13:00:55 | INFO     | jewelry_detector.image_processor | Trimmed Object (ảnh gốc): [723, 113, 952, 439] | AI bbox gốc: [696,91,983,454]
2026-07-22 13:00:55 | INFO     | jewelry_detector.image_processor | Object refined (OpenCV Trim): [723, 113, 952, 439]
2026-07-22 13:00:55 | INFO     | jewelry_detector.image_processor | Đã lưu ảnh kết quả: DF27.COMP017.12_DI_07072026_left_result.jpg
2026-07-22 13:00:55 | INFO     | jewelry_detector.image_processor | Tổng thời gian xử lý: 0.01s
2026-07-22 13:01:19 | INFO     | jewelry_detector.image_processor | Kích thước ảnh: 1365 x 907 px
2026-07-22 13:01:19 | INFO     | jewelry_detector.image_processor | Panel pixel (AI): [369, 77, 669, 467]
2026-07-22 13:01:19 | INFO     | jewelry_detector.image_processor | Object pixel (AI): [389, 91, 648, 449]
2026-07-22 13:01:19 | INFO     | jewelry_detector.image_processor | Center pixel: [519, 269]
2026-07-22 13:01:19 | INFO     | jewelry_detector.image_processor | OpenCV panel refine IoU = 0.809
2026-07-22 13:01:19 | INFO     | jewelry_detector.image_processor | Panel refined: [357, 61, 681, 429]
2026-07-22 13:01:19 | INFO     | jewelry_detector.image_processor | Panel refined (OpenCV): [357, 61, 681, 429]
2026-07-22 13:01:19 | INFO     | jewelry_detector.image_processor | Clean panel crop: raw_size=324x368 trim_left=0 trim_top=21 trim_right=57 trim_bottom=0 content_retained=99.5% success=True
2026-07-22 13:01:19 | INFO     | jewelry_detector.image_processor | Trimmed Object (ảnh gốc): [367, 95, 624, 429] | AI bbox gốc: [389,91,624,429]
2026-07-22 13:01:19 | INFO     | jewelry_detector.image_processor | Object refined (OpenCV Trim): [367, 95, 624, 429]
2026-07-22 13:01:19 | INFO     | jewelry_detector.image_processor | Đã lưu ảnh kết quả: DF27.COMP017.12_DI_07072026_front_result.jpg
2026-07-22 13:01:19 | INFO     | jewelry_detector.image_processor | Tổng thời gian xử lý: 0.01s
2026-07-22 13:01:19 | INFO     | jewelry_detector.image_processor | Kích thước ảnh: 1365 x 907 px
2026-07-22 13:01:19 | INFO     | jewelry_detector.image_processor | Panel pixel (AI): [682, 77, 983, 467]
2026-07-22 13:01:19 | INFO     | jewelry_detector.image_processor | Object pixel (AI): [703, 91, 962, 449]
2026-07-22 13:01:19 | INFO     | jewelry_detector.image_processor | Center pixel: [833, 269]
2026-07-22 13:01:19 | INFO     | jewelry_detector.image_processor | OpenCV panel refine IoU = 0.854
2026-07-22 13:01:19 | INFO     | jewelry_detector.image_processor | Panel refined: [670, 61, 995, 483]
2026-07-22 13:01:19 | INFO     | jewelry_detector.image_processor | Panel refined (OpenCV): [670, 61, 995, 483]
2026-07-22 13:01:19 | INFO     | jewelry_detector.image_processor | Clean panel crop: raw_size=325x422 trim_left=22 trim_top=21 trim_right=0 trim_bottom=0 content_retained=100.0% success=True
2026-07-22 13:01:19 | INFO     | jewelry_detector.image_processor | Trimmed Object (ảnh gốc): [723, 113, 952, 439] | AI bbox gốc: [703,91,962,449]
2026-07-22 13:01:19 | INFO     | jewelry_detector.image_processor | Object refined (OpenCV Trim): [723, 113, 952, 439]
2026-07-22 13:01:19 | INFO     | jewelry_detector.image_processor | Đã lưu ảnh kết quả: DF27.COMP017.12_DI_07072026_left_result.jpg
2026-07-22 13:01:19 | INFO     | jewelry_detector.image_processor | Tổng thời gian xử lý: 0.01s
2026-07-22 13:01:51 | INFO     | jewelry_detector.image_processor | Kích thước ảnh: 1365 x 907 px
2026-07-22 13:01:51 | INFO     | jewelry_detector.image_processor | Panel pixel (AI): [366, 79, 681, 472]
2026-07-22 13:01:51 | INFO     | jewelry_detector.image_processor | Object pixel (AI): [392, 97, 654, 435]
2026-07-22 13:01:51 | INFO     | jewelry_detector.image_processor | Center pixel: [523, 266]
2026-07-22 13:01:51 | INFO     | jewelry_detector.image_processor | OpenCV panel refine IoU = 0.856
2026-07-22 13:01:51 | INFO     | jewelry_detector.image_processor | Panel refined: [353, 63, 694, 487]
2026-07-22 13:01:51 | INFO     | jewelry_detector.image_processor | Panel refined (OpenCV): [353, 63, 694, 487]
2026-07-22 13:01:51 | INFO     | jewelry_detector.image_processor | Clean panel crop: raw_size=341x424 trim_left=0 trim_top=19 trim_right=7 trim_bottom=0 content_retained=100.0% success=True
2026-07-22 13:01:51 | INFO     | jewelry_detector.image_processor | Trimmed Object (ảnh gốc): [367, 95, 635, 437] | AI bbox gốc: [392,97,654,435]
2026-07-22 13:01:51 | INFO     | jewelry_detector.image_processor | Object refined (OpenCV Trim): [367, 95, 635, 437]
2026-07-22 13:01:51 | INFO     | jewelry_detector.image_processor | Đã lưu ảnh kết quả: DF27.COMP017.12_DI_07072026_front_result.jpg
2026-07-22 13:01:51 | INFO     | jewelry_detector.image_processor | Tổng thời gian xử lý: 0.02s
2026-07-22 13:01:51 | INFO     | jewelry_detector.image_processor | Kích thước ảnh: 1365 x 907 px
2026-07-22 13:01:51 | INFO     | jewelry_detector.image_processor | Panel pixel (AI): [682, 79, 995, 472]
2026-07-22 13:01:51 | INFO     | jewelry_detector.image_processor | Object pixel (AI): [710, 97, 971, 435]
2026-07-22 13:01:51 | INFO     | jewelry_detector.image_processor | Center pixel: [839, 266]
2026-07-22 13:01:51 | INFO     | jewelry_detector.image_processor | OpenCV panel refine IoU = 0.857
2026-07-22 13:01:51 | INFO     | jewelry_detector.image_processor | Panel refined: [670, 63, 1008, 487]
2026-07-22 13:01:51 | INFO     | jewelry_detector.image_processor | Panel refined (OpenCV): [670, 63, 1008, 487]
2026-07-22 13:01:51 | INFO     | jewelry_detector.image_processor | Clean panel crop: raw_size=338x424 trim_left=22 trim_top=19 trim_right=0 trim_bottom=0 content_retained=100.0% success=True
2026-07-22 13:01:51 | INFO     | jewelry_detector.image_processor | Trimmed Object (ảnh gốc): [723, 113, 952, 439] | AI bbox gốc: [710,97,971,435]
2026-07-22 13:01:51 | INFO     | jewelry_detector.image_processor | Object refined (OpenCV Trim): [723, 113, 952, 439]
2026-07-22 13:01:51 | INFO     | jewelry_detector.image_processor | Đã lưu ảnh kết quả: DF27.COMP017.12_DI_07072026_left_result.jpg
2026-07-22 13:01:51 | INFO     | jewelry_detector.image_processor | Tổng thời gian xử lý: 0.01s
2026-07-22 13:02:35 | INFO     | jewelry_detector.image_processor | Kích thước ảnh: 1365 x 907 px
2026-07-22 13:02:35 | INFO     | jewelry_detector.image_processor | Panel pixel (AI): [369, 79, 669, 472]
2026-07-22 13:02:35 | INFO     | jewelry_detector.image_processor | Object pixel (AI): [382, 91, 655, 454]
2026-07-22 13:02:35 | INFO     | jewelry_detector.image_processor | Center pixel: [519, 272]
2026-07-22 13:02:35 | INFO     | jewelry_detector.image_processor | OpenCV panel refine IoU = 0.800
2026-07-22 13:02:35 | INFO     | jewelry_detector.image_processor | Panel refined: [357, 63, 681, 429]
2026-07-22 13:02:35 | INFO     | jewelry_detector.image_processor | Panel refined (OpenCV): [357, 63, 681, 429]
2026-07-22 13:02:35 | INFO     | jewelry_detector.image_processor | Clean panel crop: raw_size=324x366 trim_left=0 trim_top=19 trim_right=57 trim_bottom=0 content_retained=99.5% success=True
2026-07-22 13:02:35 | INFO     | jewelry_detector.image_processor | Trimmed Object (ảnh gốc): [367, 95, 624, 429] | AI bbox gốc: [382,91,624,429]
2026-07-22 13:02:35 | INFO     | jewelry_detector.image_processor | Object refined (OpenCV Trim): [367, 95, 624, 429]
2026-07-22 13:02:35 | INFO     | jewelry_detector.image_processor | Đã lưu ảnh kết quả: DF27.COMP017.12_DI_07072026_front_result.jpg
2026-07-22 13:02:35 | INFO     | jewelry_detector.image_processor | Tổng thời gian xử lý: 0.01s
2026-07-22 13:02:35 | INFO     | jewelry_detector.image_processor | Kích thước ảnh: 1365 x 907 px
2026-07-22 13:02:35 | INFO     | jewelry_detector.image_processor | Panel pixel (AI): [682, 79, 983, 472]
2026-07-22 13:02:35 | INFO     | jewelry_detector.image_processor | Object pixel (AI): [696, 91, 969, 454]
2026-07-22 13:02:35 | INFO     | jewelry_detector.image_processor | Center pixel: [833, 272]
2026-07-22 13:02:35 | INFO     | jewelry_detector.image_processor | OpenCV panel refine IoU = 0.856
2026-07-22 13:02:35 | INFO     | jewelry_detector.image_processor | Panel refined: [670, 63, 995, 487]
2026-07-22 13:02:35 | INFO     | jewelry_detector.image_processor | Panel refined (OpenCV): [670, 63, 995, 487]
2026-07-22 13:02:35 | INFO     | jewelry_detector.image_processor | Clean panel crop: raw_size=325x424 trim_left=22 trim_top=19 trim_right=0 trim_bottom=0 content_retained=100.0% success=True
2026-07-22 13:02:35 | INFO     | jewelry_detector.image_processor | Trimmed Object (ảnh gốc): [723, 113, 952, 439] | AI bbox gốc: [696,91,969,454]
2026-07-22 13:02:35 | INFO     | jewelry_detector.image_processor | Object refined (OpenCV Trim): [723, 113, 952, 439]
2026-07-22 13:02:35 | INFO     | jewelry_detector.image_processor | Đã lưu ảnh kết quả: DF27.COMP017.12_DI_07072026_left_result.jpg
2026-07-22 13:02:35 | INFO     | jewelry_detector.image_processor | Tổng thời gian xử lý: 0.01s
2026-07-22 13:02:35 | INFO     | jewelry_detector.image_processor | Kích thước ảnh: 1365 x 907 px
2026-07-22 13:02:35 | INFO     | jewelry_detector.image_processor | Panel pixel (AI): [996, 79, 1297, 472]
2026-07-22 13:02:35 | INFO     | jewelry_detector.image_processor | Object pixel (AI): [1010, 91, 1283, 454]
2026-07-22 13:02:35 | INFO     | jewelry_detector.image_processor | Center pixel: [1147, 272]
2026-07-22 13:02:35 | INFO     | jewelry_detector.image_processor | OpenCV panel refine IoU = 0.856
2026-07-22 13:02:35 | INFO     | jewelry_detector.image_processor | Panel refined: [984, 63, 1309, 487]
2026-07-22 13:02:35 | INFO     | jewelry_detector.image_processor | Panel refined (OpenCV): [984, 63, 1309, 487]
2026-07-22 13:02:35 | INFO     | jewelry_detector.image_processor | Clean panel crop: raw_size=325x424 trim_left=45 trim_top=19 trim_right=0 trim_bottom=0 content_retained=100.0% success=True
2026-07-22 13:02:35 | INFO     | jewelry_detector.image_processor | Trimmed Object (ảnh gốc): [1042, 235, 1289, 405] | AI bbox gốc: [1029,91,1283,454]
2026-07-22 13:02:35 | INFO     | jewelry_detector.image_processor | Object refined (OpenCV Trim): [1042, 235, 1289, 405]
2026-07-22 13:02:35 | INFO     | jewelry_detector.image_processor | Đã lưu ảnh kết quả: DF27.COMP017.12_DI_07072026_top_result.jpg
2026-07-22 13:02:35 | INFO     | jewelry_detector.image_processor | Tổng thời gian xử lý: 0.01s
2026-07-22 13:02:35 | INFO     | jewelry_detector.image_processor | Kích thước ảnh: 1365 x 907 px
2026-07-22 13:02:35 | INFO     | jewelry_detector.image_processor | Panel pixel (AI): [369, 472, 669, 880]
2026-07-22 13:02:35 | INFO     | jewelry_detector.image_processor | Object pixel (AI): [382, 481, 655, 871]
2026-07-22 13:02:35 | INFO     | jewelry_detector.image_processor | Center pixel: [519, 676]
2026-07-22 13:02:35 | INFO     | jewelry_detector.image_processor | OpenCV panel refine IoU = 0.805
2026-07-22 13:02:35 | INFO     | jewelry_detector.image_processor | Panel refined: [357, 492, 681, 843]
2026-07-22 13:02:35 | INFO     | jewelry_detector.image_processor | Panel refined (OpenCV): [357, 492, 681, 843]
2026-07-22 13:02:35 | INFO     | jewelry_detector.image_processor | Clean panel crop: raw_size=324x351 trim_left=0 trim_top=4 trim_right=0 trim_bottom=0 content_retained=100.0% success=True
2026-07-22 13:02:35 | INFO     | jewelry_detector.image_processor | Trimmed Object (ảnh gốc): [394, 509, 646, 843] | AI bbox gốc: [382,496,655,843]
2026-07-22 13:02:35 | INFO     | jewelry_detector.image_processor | Object refined (OpenCV Trim): [394, 509, 646, 843]
2026-07-22 13:02:35 | INFO     | jewelry_detector.image_processor | Đã lưu ảnh kết quả: DF27.COMP017.12_DI_07072026_back_result.jpg
2026-07-22 13:02:35 | INFO     | jewelry_detector.image_processor | Tổng thời gian xử lý: 0.01s
2026-07-22 13:02:35 | INFO     | jewelry_detector.image_processor | Kích thước ảnh: 1365 x 907 px
2026-07-22 13:02:35 | INFO     | jewelry_detector.image_processor | Panel pixel (AI): [682, 472, 983, 880]
2026-07-22 13:02:35 | INFO     | jewelry_detector.image_processor | Object pixel (AI): [696, 481, 969, 871]
2026-07-22 13:02:35 | INFO     | jewelry_detector.image_processor | Center pixel: [833, 676]
2026-07-22 13:02:35 | INFO     | jewelry_detector.image_processor | OpenCV panel refine IoU = 0.855
2026-07-22 13:02:35 | INFO     | jewelry_detector.image_processor | Panel refined: [670, 455, 995, 896]
2026-07-22 13:02:35 | INFO     | jewelry_detector.image_processor | Panel refined (OpenCV): [670, 455, 995, 896]
2026-07-22 13:02:35 | INFO     | jewelry_detector.image_processor | Clean panel crop: raw_size=325x441 trim_left=22 trim_top=41 trim_right=0 trim_bottom=0 content_retained=100.0% success=True
2026-07-22 13:02:36 | INFO     | jewelry_detector.image_processor | Trimmed Object (ảnh gốc): [773, 523, 983, 851] | AI bbox gốc: [696,496,969,871]
2026-07-22 13:02:36 | INFO     | jewelry_detector.image_processor | Object refined (OpenCV Trim): [773, 523, 983, 851]
2026-07-22 13:02:36 | INFO     | jewelry_detector.image_processor | Đã lưu ảnh kết quả: DF27.COMP017.12_DI_07072026_right_result.jpg
2026-07-22 13:02:36 | INFO     | jewelry_detector.image_processor | Tổng thời gian xử lý: 0.01s
2026-07-22 13:02:36 | INFO     | jewelry_detector.image_processor | Kích thước ảnh: 1365 x 907 px
2026-07-22 13:02:36 | INFO     | jewelry_detector.image_processor | Panel pixel (AI): [996, 472, 1297, 880]
2026-07-22 13:02:36 | INFO     | jewelry_detector.image_processor | Object pixel (AI): [1010, 481, 1283, 871]
2026-07-22 13:02:36 | INFO     | jewelry_detector.image_processor | Center pixel: [1147, 676]
2026-07-22 13:02:36 | INFO     | jewelry_detector.image_processor | OpenCV panel refine IoU = 0.855
2026-07-22 13:02:36 | INFO     | jewelry_detector.image_processor | Panel refined: [984, 455, 1309, 896]
2026-07-22 13:02:36 | INFO     | jewelry_detector.image_processor | Panel refined (OpenCV): [984, 455, 1309, 896]
2026-07-22 13:02:36 | INFO     | jewelry_detector.image_processor | Clean panel crop: raw_size=325x441 trim_left=45 trim_top=41 trim_right=0 trim_bottom=0 content_retained=100.0% success=True
2026-07-22 13:02:36 | INFO     | jewelry_detector.image_processor | Trimmed Object (ảnh gốc): [1044, 662, 1291, 814] | AI bbox gốc: [1029,496,1283,871]
2026-07-22 13:02:36 | INFO     | jewelry_detector.image_processor | Object refined (OpenCV Trim): [1044, 662, 1291, 814]
2026-07-22 13:02:36 | INFO     | jewelry_detector.image_processor | Đã lưu ảnh kết quả: DF27.COMP017.12_DI_07072026_bottom_result.jpg
2026-07-22 13:02:36 | INFO     | jewelry_detector.image_processor | Tổng thời gian xử lý: 0.01s
2026-07-22 13:02:36 | INFO     | jewelry_detector.image_processor | Kích thước ảnh: 1365 x 907 px
2026-07-22 13:02:36 | INFO     | jewelry_detector.image_processor | Panel pixel (AI): [0, 635, 369, 907]
2026-07-22 13:02:36 | INFO     | jewelry_detector.image_processor | Object pixel (AI): [68, 680, 300, 862]
2026-07-22 13:02:36 | INFO     | jewelry_detector.image_processor | Center pixel: [184, 771]
2026-07-22 13:02:36 | INFO     | jewelry_detector.image_processor | OpenCV panel refine IoU = 0.925
2026-07-22 13:02:36 | INFO     | jewelry_detector.image_processor | Panel refined: [0, 624, 383, 907]
2026-07-22 13:02:36 | INFO     | jewelry_detector.image_processor | Panel refined (OpenCV): [0, 624, 383, 907]
2026-07-22 13:02:36 | INFO     | jewelry_detector.image_processor | Clean panel crop: raw_size=383x283 trim_left=0 trim_top=0 trim_right=33 trim_bottom=0 content_retained=98.9% success=True
2026-07-22 13:02:36 | INFO     | jewelry_detector.image_processor | Trimmed Object (ảnh gốc): [98, 695, 234, 881] | AI bbox gốc: [68,680,300,862]
2026-07-22 13:02:36 | INFO     | jewelry_detector.image_processor | Object refined (OpenCV Trim): [98, 695, 234, 881]
2026-07-22 13:02:36 | INFO     | jewelry_detector.image_processor | Đã lưu ảnh kết quả: DF27.COMP017.12_DI_07072026_perspective_result.jpg
2026-07-22 13:02:36 | INFO     | jewelry_detector.image_processor | Tổng thời gian xử lý: 0.01s
2026-07-22 13:03:49 | INFO     | jewelry_detector.image_processor | Kích thước ảnh: 1365 x 907 px
2026-07-22 13:03:49 | INFO     | jewelry_detector.image_processor | Panel pixel (AI): [366, 79, 681, 472]
2026-07-22 13:03:49 | INFO     | jewelry_detector.image_processor | Object pixel (AI): [382, 91, 665, 452]
2026-07-22 13:03:49 | INFO     | jewelry_detector.image_processor | Center pixel: [523, 271]
2026-07-22 13:03:49 | INFO     | jewelry_detector.image_processor | OpenCV panel refine IoU = 0.856
2026-07-22 13:03:49 | INFO     | jewelry_detector.image_processor | Panel refined: [353, 63, 694, 487]
2026-07-22 13:03:49 | INFO     | jewelry_detector.image_processor | Panel refined (OpenCV): [353, 63, 694, 487]
2026-07-22 13:03:49 | INFO     | jewelry_detector.image_processor | Clean panel crop: raw_size=341x424 trim_left=0 trim_top=19 trim_right=7 trim_bottom=0 content_retained=100.0% success=True
2026-07-22 13:03:49 | INFO     | jewelry_detector.image_processor | Trimmed Object (ảnh gốc): [367, 95, 635, 437] | AI bbox gốc: [382,91,665,452]
2026-07-22 13:03:49 | INFO     | jewelry_detector.image_processor | Object refined (OpenCV Trim): [367, 95, 635, 437]
2026-07-22 13:03:49 | INFO     | jewelry_detector.image_processor | Đã lưu ảnh kết quả: DF27.COMP017.12_DI_07072026_front_result.jpg
2026-07-22 13:03:49 | INFO     | jewelry_detector.image_processor | Tổng thời gian xử lý: 0.01s
2026-07-22 13:03:49 | INFO     | jewelry_detector.image_processor | Kích thước ảnh: 1365 x 907 px
2026-07-22 13:03:49 | INFO     | jewelry_detector.image_processor | Panel pixel (AI): [682, 79, 995, 472]
2026-07-22 13:03:49 | INFO     | jewelry_detector.image_processor | Object pixel (AI): [699, 91, 983, 452]
2026-07-22 13:03:49 | INFO     | jewelry_detector.image_processor | Center pixel: [841, 271]
2026-07-22 13:03:49 | INFO     | jewelry_detector.image_processor | OpenCV panel refine IoU = 0.857
2026-07-22 13:03:49 | INFO     | jewelry_detector.image_processor | Panel refined: [670, 63, 1008, 487]
2026-07-22 13:03:49 | INFO     | jewelry_detector.image_processor | Panel refined (OpenCV): [670, 63, 1008, 487]
2026-07-22 13:03:49 | INFO     | jewelry_detector.image_processor | Clean panel crop: raw_size=338x424 trim_left=22 trim_top=19 trim_right=0 trim_bottom=0 content_retained=100.0% success=True
2026-07-22 13:03:49 | INFO     | jewelry_detector.image_processor | Trimmed Object (ảnh gốc): [723, 113, 952, 439] | AI bbox gốc: [699,91,983,452]
2026-07-22 13:03:49 | INFO     | jewelry_detector.image_processor | Object refined (OpenCV Trim): [723, 113, 952, 439]
2026-07-22 13:03:49 | INFO     | jewelry_detector.image_processor | Đã lưu ảnh kết quả: DF27.COMP017.12_DI_07072026_left_result.jpg
2026-07-22 13:03:49 | INFO     | jewelry_detector.image_processor | Tổng thời gian xử lý: 0.01s
2026-07-22 13:03:49 | INFO     | jewelry_detector.image_processor | Kích thước ảnh: 1365 x 907 px
2026-07-22 13:03:49 | INFO     | jewelry_detector.image_processor | Panel pixel (AI): [996, 79, 1310, 472]
2026-07-22 13:03:49 | INFO     | jewelry_detector.image_processor | Object pixel (AI): [1013, 91, 1297, 452]
2026-07-22 13:03:49 | INFO     | jewelry_detector.image_processor | Center pixel: [1155, 271]
2026-07-22 13:03:49 | INFO     | jewelry_detector.image_processor | OpenCV panel refine IoU = 0.858
2026-07-22 13:03:49 | INFO     | jewelry_detector.image_processor | Panel refined: [984, 63, 1323, 487]
2026-07-22 13:03:49 | INFO     | jewelry_detector.image_processor | Panel refined (OpenCV): [984, 63, 1323, 487]
2026-07-22 13:03:49 | INFO     | jewelry_detector.image_processor | Clean panel crop: raw_size=339x424 trim_left=45 trim_top=19 trim_right=0 trim_bottom=0 content_retained=100.0% success=True
2026-07-22 13:03:49 | INFO     | jewelry_detector.image_processor | Trimmed Object (ảnh gốc): [1042, 235, 1289, 405] | AI bbox gốc: [1029,91,1297,452]
2026-07-22 13:03:49 | INFO     | jewelry_detector.image_processor | Object refined (OpenCV Trim): [1042, 235, 1289, 405]
2026-07-22 13:03:49 | INFO     | jewelry_detector.image_processor | Đã lưu ảnh kết quả: DF27.COMP017.12_DI_07072026_top_result.jpg
2026-07-22 13:03:49 | INFO     | jewelry_detector.image_processor | Tổng thời gian xử lý: 0.01s
2026-07-22 13:03:49 | INFO     | jewelry_detector.image_processor | Kích thước ảnh: 1365 x 907 px
2026-07-22 13:03:49 | INFO     | jewelry_detector.image_processor | Panel pixel (AI): [366, 472, 681, 880]
2026-07-22 13:03:49 | INFO     | jewelry_detector.image_processor | Object pixel (AI): [382, 483, 665, 868]
2026-07-22 13:03:49 | INFO     | jewelry_detector.image_processor | Center pixel: [523, 676]
2026-07-22 13:03:49 | INFO     | jewelry_detector.image_processor | OpenCV panel refine IoU = 0.856
2026-07-22 13:03:49 | INFO     | jewelry_detector.image_processor | Panel refined: [353, 455, 694, 896]
2026-07-22 13:03:49 | INFO     | jewelry_detector.image_processor | Panel refined (OpenCV): [353, 455, 694, 896]
2026-07-22 13:03:49 | INFO     | jewelry_detector.image_processor | Clean panel crop: raw_size=341x441 trim_left=0 trim_top=41 trim_right=7 trim_bottom=0 content_retained=99.8% success=True
2026-07-22 13:03:49 | INFO     | jewelry_detector.image_processor | Trimmed Object (ảnh gốc): [394, 509, 646, 851] | AI bbox gốc: [382,496,665,868]
2026-07-22 13:03:49 | INFO     | jewelry_detector.image_processor | Object refined (OpenCV Trim): [394, 509, 646, 851]
2026-07-22 13:03:49 | INFO     | jewelry_detector.image_processor | Đã lưu ảnh kết quả: DF27.COMP017.12_DI_07072026_back_result.jpg
2026-07-22 13:03:49 | INFO     | jewelry_detector.image_processor | Tổng thời gian xử lý: 0.01s
2026-07-22 13:03:49 | INFO     | jewelry_detector.image_processor | Kích thước ảnh: 1365 x 907 px
2026-07-22 13:03:49 | INFO     | jewelry_detector.image_processor | Panel pixel (AI): [682, 472, 995, 880]
2026-07-22 13:03:49 | INFO     | jewelry_detector.image_processor | Object pixel (AI): [699, 483, 983, 868]
2026-07-22 13:03:49 | INFO     | jewelry_detector.image_processor | Center pixel: [841, 676]
2026-07-22 13:03:49 | INFO     | jewelry_detector.image_processor | OpenCV panel refine IoU = 0.856
2026-07-22 13:03:49 | INFO     | jewelry_detector.image_processor | Panel refined: [670, 455, 1008, 896]
2026-07-22 13:03:49 | INFO     | jewelry_detector.image_processor | Panel refined (OpenCV): [670, 455, 1008, 896]
2026-07-22 13:03:49 | INFO     | jewelry_detector.image_processor | Clean panel crop: raw_size=338x441 trim_left=22 trim_top=41 trim_right=0 trim_bottom=0 content_retained=100.0% success=True
2026-07-22 13:03:49 | INFO     | jewelry_detector.image_processor | Trimmed Object (ảnh gốc): [773, 523, 983, 851] | AI bbox gốc: [699,496,983,868]
2026-07-22 13:03:49 | INFO     | jewelry_detector.image_processor | Object refined (OpenCV Trim): [773, 523, 983, 851]
2026-07-22 13:03:49 | INFO     | jewelry_detector.image_processor | Đã lưu ảnh kết quả: DF27.COMP017.12_DI_07072026_right_result.jpg
2026-07-22 13:03:49 | INFO     | jewelry_detector.image_processor | Tổng thời gian xử lý: 0.01s
2026-07-22 13:03:49 | INFO     | jewelry_detector.image_processor | Kích thước ảnh: 1365 x 907 px
2026-07-22 13:03:49 | INFO     | jewelry_detector.image_processor | Panel pixel (AI): [996, 472, 1310, 880]
2026-07-22 13:03:49 | INFO     | jewelry_detector.image_processor | Object pixel (AI): [1013, 483, 1297, 868]
2026-07-22 13:03:49 | INFO     | jewelry_detector.image_processor | Center pixel: [1155, 676]
2026-07-22 13:03:49 | INFO     | jewelry_detector.image_processor | OpenCV panel refine IoU = 0.857
2026-07-22 13:03:49 | INFO     | jewelry_detector.image_processor | Panel refined: [984, 455, 1323, 896]
2026-07-22 13:03:49 | INFO     | jewelry_detector.image_processor | Panel refined (OpenCV): [984, 455, 1323, 896]
2026-07-22 13:03:49 | INFO     | jewelry_detector.image_processor | Clean panel crop: raw_size=339x441 trim_left=45 trim_top=41 trim_right=0 trim_bottom=0 content_retained=100.0% success=True
2026-07-22 13:03:49 | INFO     | jewelry_detector.image_processor | Trimmed Object (ảnh gốc): [1044, 662, 1291, 814] | AI bbox gốc: [1029,496,1297,868]
2026-07-22 13:03:49 | INFO     | jewelry_detector.image_processor | Object refined (OpenCV Trim): [1044, 662, 1291, 814]
2026-07-22 13:03:49 | INFO     | jewelry_detector.image_processor | Đã lưu ảnh kết quả: DF27.COMP017.12_DI_07072026_bottom_result.jpg
2026-07-22 13:03:49 | INFO     | jewelry_detector.image_processor | Tổng thời gian xử lý: 0.01s
2026-07-22 13:03:49 | INFO     | jewelry_detector.image_processor | Kích thước ảnh: 1365 x 907 px
2026-07-22 13:03:49 | INFO     | jewelry_detector.image_processor | Panel pixel (AI): [0, 662, 366, 880]
2026-07-22 13:03:49 | INFO     | jewelry_detector.image_processor | Object pixel (AI): [0, 662, 366, 880]
2026-07-22 13:03:49 | INFO     | jewelry_detector.image_processor | Center pixel: [183, 771]
2026-07-22 13:03:49 | INFO     | jewelry_detector.image_processor | OpenCV panel refine IoU = 0.260
2026-07-22 13:03:49 | INFO     | jewelry_detector.image_processor | IoU 0.260 < ngưỡng 0.35. Giữ bbox AI thay vì bbox OpenCV.
2026-07-22 13:03:49 | INFO     | jewelry_detector.image_processor | Panel refine không thành công, dùng bbox AI.
2026-07-22 13:03:49 | INFO     | jewelry_detector.image_processor | Clean panel crop: raw_size=366x218 trim_left=0 trim_top=0 trim_right=16 trim_bottom=0 content_retained=100.0% success=True
2026-07-22 13:03:49 | INFO     | jewelry_detector.image_processor | Trimmed Object (ảnh gốc): [98, 695, 234, 880] | AI bbox gốc: [0,662,350,880]
2026-07-22 13:03:49 | INFO     | jewelry_detector.image_processor | Object refined (OpenCV Trim): [98, 695, 234, 880]
2026-07-22 13:03:49 | INFO     | jewelry_detector.image_processor | Đã lưu ảnh kết quả: DF27.COMP017.12_DI_07072026_perspective_result.jpg
2026-07-22 13:03:49 | INFO     | jewelry_detector.image_processor | Tổng thời gian xử lý: 0.01s
2026-07-22 13:04:59 | INFO     | jewelry_detector.image_processor | Kích thước ảnh: 1365 x 907 px
2026-07-22 13:04:59 | INFO     | jewelry_detector.image_processor | Panel pixel (AI): [369, 77, 682, 467]
2026-07-22 13:04:59 | INFO     | jewelry_detector.image_processor | Object pixel (AI): [389, 91, 662, 449]
2026-07-22 13:04:59 | INFO     | jewelry_detector.image_processor | Center pixel: [526, 269]
2026-07-22 13:04:59 | INFO     | jewelry_detector.image_processor | OpenCV panel refine IoU = 0.856
2026-07-22 13:04:59 | INFO     | jewelry_detector.image_processor | Panel refined: [356, 61, 695, 483]
2026-07-22 13:04:59 | INFO     | jewelry_detector.image_processor | Panel refined (OpenCV): [356, 61, 695, 483]
2026-07-22 13:04:59 | INFO     | jewelry_detector.image_processor | Clean panel crop: raw_size=339x422 trim_left=0 trim_top=21 trim_right=8 trim_bottom=0 content_retained=100.0% success=True
2026-07-22 13:04:59 | INFO     | jewelry_detector.image_processor | Trimmed Object (ảnh gốc): [367, 95, 635, 437] | AI bbox gốc: [389,91,662,449]
2026-07-22 13:04:59 | INFO     | jewelry_detector.image_processor | Object refined (OpenCV Trim): [367, 95, 635, 437]
2026-07-22 13:04:59 | INFO     | jewelry_detector.image_processor | Đã lưu ảnh kết quả: DF27.COMP017.12_DI_07072026_front_result.jpg
2026-07-22 13:04:59 | INFO     | jewelry_detector.image_processor | Tổng thời gian xử lý: 0.02s
2026-07-22 13:04:59 | INFO     | jewelry_detector.image_processor | Kích thước ảnh: 1365 x 907 px
2026-07-22 13:04:59 | INFO     | jewelry_detector.image_processor | Panel pixel (AI): [682, 77, 996, 467]
2026-07-22 13:04:59 | INFO     | jewelry_detector.image_processor | Object pixel (AI): [703, 91, 976, 449]
2026-07-22 13:04:59 | INFO     | jewelry_detector.image_processor | Center pixel: [839, 269]
2026-07-22 13:04:59 | INFO     | jewelry_detector.image_processor | OpenCV panel refine IoU = 0.856
2026-07-22 13:04:59 | INFO     | jewelry_detector.image_processor | Panel refined: [670, 61, 1009, 483]
2026-07-22 13:04:59 | INFO     | jewelry_detector.image_processor | Panel refined (OpenCV): [670, 61, 1009, 483]
2026-07-22 13:04:59 | INFO     | jewelry_detector.image_processor | Clean panel crop: raw_size=339x422 trim_left=22 trim_top=21 trim_right=0 trim_bottom=0 content_retained=100.0% success=True
2026-07-22 13:04:59 | INFO     | jewelry_detector.image_processor | Trimmed Object (ảnh gốc): [723, 113, 952, 439] | AI bbox gốc: [703,91,976,449]
2026-07-22 13:04:59 | INFO     | jewelry_detector.image_processor | Object refined (OpenCV Trim): [723, 113, 952, 439]
2026-07-22 13:04:59 | INFO     | jewelry_detector.image_processor | Đã lưu ảnh kết quả: DF27.COMP017.12_DI_07072026_left_result.jpg
2026-07-22 13:04:59 | INFO     | jewelry_detector.image_processor | Tổng thời gian xử lý: 0.01s
2026-07-22 13:05:14 | INFO     | jewelry_detector.image_processor | Kích thước ảnh: 1365 x 907 px
2026-07-22 13:05:14 | INFO     | jewelry_detector.image_processor | Panel pixel (AI): [364, 79, 682, 472]
2026-07-22 13:05:14 | INFO     | jewelry_detector.image_processor | Object pixel (AI): [382, 91, 655, 444]
2026-07-22 13:05:14 | INFO     | jewelry_detector.image_processor | Center pixel: [519, 268]
2026-07-22 13:05:14 | INFO     | jewelry_detector.image_processor | OpenCV panel refine IoU = 0.859
2026-07-22 13:05:14 | INFO     | jewelry_detector.image_processor | Panel refined: [352, 63, 695, 487]
2026-07-22 13:05:14 | INFO     | jewelry_detector.image_processor | Panel refined (OpenCV): [352, 63, 695, 487]
2026-07-22 13:05:14 | INFO     | jewelry_detector.image_processor | Clean panel crop: raw_size=343x424 trim_left=2 trim_top=19 trim_right=8 trim_bottom=0 content_retained=100.0% success=True
2026-07-22 13:05:14 | INFO     | jewelry_detector.image_processor | Trimmed Object (ảnh gốc): [367, 95, 635, 437] | AI bbox gốc: [382,91,655,444]
2026-07-22 13:05:14 | INFO     | jewelry_detector.image_processor | Object refined (OpenCV Trim): [367, 95, 635, 437]
2026-07-22 13:05:14 | INFO     | jewelry_detector.image_processor | Đã lưu ảnh kết quả: DF27.COMP017.12_DI_07072026_front_result.jpg
2026-07-22 13:05:14 | INFO     | jewelry_detector.image_processor | Tổng thời gian xử lý: 0.02s
2026-07-22 13:05:14 | INFO     | jewelry_detector.image_processor | Kích thước ảnh: 1365 x 907 px
2026-07-22 13:05:14 | INFO     | jewelry_detector.image_processor | Panel pixel (AI): [682, 79, 1001, 472]
2026-07-22 13:05:14 | INFO     | jewelry_detector.image_processor | Object pixel (AI): [696, 91, 983, 444]
2026-07-22 13:05:14 | INFO     | jewelry_detector.image_processor | Center pixel: [839, 268]
2026-07-22 13:05:14 | INFO     | jewelry_detector.image_processor | OpenCV panel refine IoU = 0.859
2026-07-22 13:05:14 | INFO     | jewelry_detector.image_processor | Panel refined: [670, 63, 1013, 487]
2026-07-22 13:05:14 | INFO     | jewelry_detector.image_processor | Panel refined (OpenCV): [670, 63, 1013, 487]
2026-07-22 13:05:14 | INFO     | jewelry_detector.image_processor | Clean panel crop: raw_size=343x424 trim_left=22 trim_top=19 trim_right=0 trim_bottom=0 content_retained=100.0% success=True
2026-07-22 13:05:14 | INFO     | jewelry_detector.image_processor | Trimmed Object (ảnh gốc): [723, 113, 952, 439] | AI bbox gốc: [696,91,983,444]
2026-07-22 13:05:14 | INFO     | jewelry_detector.image_processor | Object refined (OpenCV Trim): [723, 113, 952, 439]
2026-07-22 13:05:14 | INFO     | jewelry_detector.image_processor | Đã lưu ảnh kết quả: DF27.COMP017.12_DI_07072026_left_result.jpg
2026-07-22 13:05:14 | INFO     | jewelry_detector.image_processor | Tổng thời gian xử lý: 0.01s
2026-07-22 13:09:50 | INFO     | jewelry_detector.image_processor | Kích thước ảnh: 1365 x 907 px
2026-07-22 13:09:50 | INFO     | jewelry_detector.image_processor | Panel pixel (AI): [369, 77, 682, 467]
2026-07-22 13:09:50 | INFO     | jewelry_detector.image_processor | Object pixel (AI): [389, 91, 662, 449]
2026-07-22 13:09:50 | INFO     | jewelry_detector.image_processor | Center pixel: [526, 269]
2026-07-22 13:09:50 | INFO     | jewelry_detector.image_processor | OpenCV panel refine IoU = 0.856
2026-07-22 13:09:50 | INFO     | jewelry_detector.image_processor | Panel refined: [356, 61, 695, 483]
2026-07-22 13:09:50 | INFO     | jewelry_detector.image_processor | Panel refined (OpenCV): [356, 61, 695, 483]
2026-07-22 13:09:50 | INFO     | jewelry_detector.image_processor | Clean panel crop: raw_size=339x422 trim_left=0 trim_top=21 trim_right=8 trim_bottom=0 content_retained=100.0% success=True
2026-07-22 13:09:50 | INFO     | jewelry_detector.image_processor | Trimmed Object (ảnh gốc): [367, 95, 635, 437] | AI bbox gốc: [389,91,662,449]
2026-07-22 13:09:50 | INFO     | jewelry_detector.image_processor | Object refined (OpenCV Trim): [367, 95, 635, 437]
2026-07-22 13:09:50 | INFO     | jewelry_detector.image_processor | Đã lưu ảnh kết quả: DF27.COMP017.12_DI_07072026_front_result.jpg
2026-07-22 13:09:50 | INFO     | jewelry_detector.image_processor | Tổng thời gian xử lý: 0.01s
2026-07-22 13:09:50 | INFO     | jewelry_detector.image_processor | Kích thước ảnh: 1365 x 907 px
2026-07-22 13:09:50 | INFO     | jewelry_detector.image_processor | Panel pixel (AI): [682, 77, 996, 467]
2026-07-22 13:09:50 | INFO     | jewelry_detector.image_processor | Object pixel (AI): [703, 91, 976, 449]
2026-07-22 13:09:50 | INFO     | jewelry_detector.image_processor | Center pixel: [839, 269]
2026-07-22 13:09:50 | INFO     | jewelry_detector.image_processor | OpenCV panel refine IoU = 0.856
2026-07-22 13:09:50 | INFO     | jewelry_detector.image_processor | Panel refined: [670, 61, 1009, 483]
2026-07-22 13:09:50 | INFO     | jewelry_detector.image_processor | Panel refined (OpenCV): [670, 61, 1009, 483]
2026-07-22 13:09:50 | INFO     | jewelry_detector.image_processor | Clean panel crop: raw_size=339x422 trim_left=22 trim_top=21 trim_right=0 trim_bottom=0 content_retained=100.0% success=True
2026-07-22 13:09:50 | INFO     | jewelry_detector.image_processor | Trimmed Object (ảnh gốc): [723, 113, 952, 439] | AI bbox gốc: [703,91,976,449]
2026-07-22 13:09:50 | INFO     | jewelry_detector.image_processor | Object refined (OpenCV Trim): [723, 113, 952, 439]
2026-07-22 13:09:50 | INFO     | jewelry_detector.image_processor | Đã lưu ảnh kết quả: DF27.COMP017.12_DI_07072026_left_result.jpg
2026-07-22 13:09:50 | INFO     | jewelry_detector.image_processor | Tổng thời gian xử lý: 0.01s
