2026-07-25 10:20:10 | INFO     | jewelry_detector.image_processor | Kích thước ảnh: 1363 x 908 px
2026-07-25 10:20:10 | INFO     | jewelry_detector.image_processor | Panel pixel (AI): [365, 79, 682, 466]
2026-07-25 10:20:10 | INFO     | jewelry_detector.image_processor | Object pixel (AI): [382, 91, 654, 445]
2026-07-25 10:20:10 | INFO     | jewelry_detector.image_processor | Center pixel: [518, 268]
2026-07-25 10:20:11 | INFO     | jewelry_detector.image_processor | OpenCV panel refine IoU = 0.860
2026-07-25 10:20:11 | INFO     | jewelry_detector.image_processor | Panel refined: [353, 64, 694, 481]
2026-07-25 10:20:11 | INFO     | jewelry_detector.image_processor | Panel refined (OpenCV): [353, 64, 694, 481]
2026-07-25 10:20:11 | INFO     | jewelry_detector.image_processor | Clean panel crop: raw_size=341x417 trim_left=0 trim_top=17 trim_right=9 trim_bottom=0 content_retained=100.0% success=True
2026-07-25 10:20:11 | INFO     | jewelry_detector.image_processor | Trimmed Object (ảnh gốc): [360, 186, 680, 421] | AI bbox gốc: [382,91,654,445]
2026-07-25 10:20:11 | INFO     | jewelry_detector.image_processor | Object refined (OpenCV Trim): [360, 186, 680, 421]
2026-07-25 10:20:11 | INFO     | jewelry_detector.image_processor | Đã lưu ảnh kết quả: 888802_front_result.jpg
2026-07-25 10:20:11 | INFO     | jewelry_detector.image_processor | Tổng thời gian xử lý: 0.10s
2026-07-25 10:20:11 | INFO     | jewelry_detector.image_processor | Kích thước ảnh: 1363 x 908 px
2026-07-25 10:20:11 | INFO     | jewelry_detector.image_processor | Panel pixel (AI): [682, 79, 998, 466]
2026-07-25 10:20:11 | INFO     | jewelry_detector.image_processor | Object pixel (AI): [695, 91, 981, 445]
2026-07-25 10:20:11 | INFO     | jewelry_detector.image_processor | Center pixel: [838, 268]
2026-07-25 10:20:11 | INFO     | jewelry_detector.image_processor | OpenCV panel refine IoU = 0.860
2026-07-25 10:20:11 | INFO     | jewelry_detector.image_processor | Panel refined: [669, 64, 1010, 481]
2026-07-25 10:20:11 | INFO     | jewelry_detector.image_processor | Panel refined (OpenCV): [669, 64, 1010, 481]
2026-07-25 10:20:11 | INFO     | jewelry_detector.image_processor | Clean panel crop: raw_size=341x417 trim_left=20 trim_top=17 trim_right=0 trim_bottom=0 content_retained=99.8% success=True
2026-07-25 10:20:11 | INFO     | jewelry_detector.image_processor | Trimmed Object (ảnh gốc): [762, 178, 912, 409] | AI bbox gốc: [695,91,981,445]
2026-07-25 10:20:11 | INFO     | jewelry_detector.image_processor | Object refined (OpenCV Trim): [762, 178, 912, 409]
2026-07-25 10:20:11 | INFO     | jewelry_detector.image_processor | Đã lưu ảnh kết quả: 888802_left_result.jpg
2026-07-25 10:20:11 | INFO     | jewelry_detector.image_processor | Tổng thời gian xử lý: 0.01s
2026-07-25 10:20:11 | INFO     | jewelry_detector.image_processor | Kích thước ảnh: 1363 x 908 px
2026-07-25 10:20:11 | INFO     | jewelry_detector.image_processor | Panel pixel (AI): [998, 79, 1314, 466]
2026-07-25 10:20:11 | INFO     | jewelry_detector.image_processor | Object pixel (AI): [1009, 91, 1295, 445]
2026-07-25 10:20:11 | INFO     | jewelry_detector.image_processor | Center pixel: [1152, 268]
2026-07-25 10:20:11 | INFO     | jewelry_detector.image_processor | OpenCV panel refine IoU = 0.858
2026-07-25 10:20:11 | INFO     | jewelry_detector.image_processor | Panel refined: [985, 64, 1327, 481]
2026-07-25 10:20:11 | INFO     | jewelry_detector.image_processor | Panel refined (OpenCV): [985, 64, 1327, 481]
2026-07-25 10:20:11 | INFO     | jewelry_detector.image_processor | Clean panel crop: raw_size=342x417 trim_left=42 trim_top=17 trim_right=0 trim_bottom=0 content_retained=100.0% success=True
2026-07-25 10:20:11 | INFO     | jewelry_detector.image_processor | Trimmed Object (ảnh gốc): [1054, 249, 1285, 377] | AI bbox gốc: [1027,91,1295,445]
2026-07-25 10:20:11 | INFO     | jewelry_detector.image_processor | Object refined (OpenCV Trim): [1054, 249, 1285, 377]
2026-07-25 10:20:11 | INFO     | jewelry_detector.image_processor | Đã lưu ảnh kết quả: 888802_top_result.jpg
2026-07-25 10:20:11 | INFO     | jewelry_detector.image_processor | Tổng thời gian xử lý: 0.01s
2026-07-25 10:20:11 | INFO     | jewelry_detector.image_processor | Kích thước ảnh: 1363 x 908 px
2026-07-25 10:20:11 | INFO     | jewelry_detector.image_processor | Panel pixel (AI): [365, 466, 682, 854]
2026-07-25 10:20:11 | INFO     | jewelry_detector.image_processor | Object pixel (AI): [382, 477, 654, 835]
2026-07-25 10:20:11 | INFO     | jewelry_detector.image_processor | Center pixel: [518, 656]
2026-07-25 10:20:11 | INFO     | jewelry_detector.image_processor | OpenCV panel refine IoU = 0.858
2026-07-25 10:20:11 | INFO     | jewelry_detector.image_processor | Panel refined: [353, 450, 694, 869]
2026-07-25 10:20:11 | INFO     | jewelry_detector.image_processor | Panel refined (OpenCV): [353, 450, 694, 869]
2026-07-25 10:20:11 | INFO     | jewelry_detector.image_processor | Clean panel crop: raw_size=341x419 trim_left=0 trim_top=45 trim_right=9 trim_bottom=0 content_retained=100.0% success=True
2026-07-25 10:20:11 | INFO     | jewelry_detector.image_processor | Trimmed Object (ảnh gốc): [369, 552, 672, 787] | AI bbox gốc: [382,495,654,835]
2026-07-25 10:20:11 | INFO     | jewelry_detector.image_processor | Object refined (OpenCV Trim): [369, 552, 672, 787]
2026-07-25 10:20:11 | INFO     | jewelry_detector.image_processor | Đã lưu ảnh kết quả: 888802_back_result.jpg
2026-07-25 10:20:11 | INFO     | jewelry_detector.image_processor | Tổng thời gian xử lý: 0.01s
2026-07-25 10:20:11 | INFO     | jewelry_detector.image_processor | Kích thước ảnh: 1363 x 908 px
2026-07-25 10:20:11 | INFO     | jewelry_detector.image_processor | Panel pixel (AI): [682, 466, 998, 854]
2026-07-25 10:20:11 | INFO     | jewelry_detector.image_processor | Object pixel (AI): [695, 477, 981, 835]
2026-07-25 10:20:11 | INFO     | jewelry_detector.image_processor | Center pixel: [838, 656]
2026-07-25 10:20:11 | INFO     | jewelry_detector.image_processor | OpenCV panel refine IoU = 0.858
2026-07-25 10:20:11 | INFO     | jewelry_detector.image_processor | Panel refined: [669, 450, 1010, 869]
2026-07-25 10:20:11 | INFO     | jewelry_detector.image_processor | Panel refined (OpenCV): [669, 450, 1010, 869]
2026-07-25 10:20:11 | INFO     | jewelry_detector.image_processor | Clean panel crop: raw_size=341x419 trim_left=20 trim_top=45 trim_right=0 trim_bottom=0 content_retained=100.0% success=True
2026-07-25 10:20:11 | INFO     | jewelry_detector.image_processor | Trimmed Object (ảnh gốc): [796, 558, 933, 791] | AI bbox gốc: [695,495,981,835]
2026-07-25 10:20:11 | INFO     | jewelry_detector.image_processor | Object refined (OpenCV Trim): [796, 558, 933, 791]
2026-07-25 10:20:11 | INFO     | jewelry_detector.image_processor | Đã lưu ảnh kết quả: 888802_right_result.jpg
2026-07-25 10:20:11 | INFO     | jewelry_detector.image_processor | Tổng thời gian xử lý: 0.01s
2026-07-25 10:20:11 | INFO     | jewelry_detector.image_processor | Kích thước ảnh: 1363 x 908 px
2026-07-25 10:20:11 | INFO     | jewelry_detector.image_processor | Panel pixel (AI): [998, 466, 1314, 854]
2026-07-25 10:20:11 | INFO     | jewelry_detector.image_processor | Object pixel (AI): [1009, 477, 1295, 835]
2026-07-25 10:20:11 | INFO     | jewelry_detector.image_processor | Center pixel: [1152, 656]
2026-07-25 10:20:11 | INFO     | jewelry_detector.image_processor | OpenCV panel refine IoU = 0.856
2026-07-25 10:20:11 | INFO     | jewelry_detector.image_processor | Panel refined: [985, 450, 1327, 869]
2026-07-25 10:20:11 | INFO     | jewelry_detector.image_processor | Panel refined (OpenCV): [985, 450, 1327, 869]
2026-07-25 10:20:11 | INFO     | jewelry_detector.image_processor | Clean panel crop: raw_size=342x419 trim_left=42 trim_top=45 trim_right=0 trim_bottom=0 content_retained=100.0% success=True
2026-07-25 10:20:11 | INFO     | jewelry_detector.image_processor | Trimmed Object (ảnh gốc): [1067, 678, 1298, 790] | AI bbox gốc: [1027,495,1295,835]
2026-07-25 10:20:11 | INFO     | jewelry_detector.image_processor | Object refined (OpenCV Trim): [1067, 678, 1298, 790]
2026-07-25 10:20:11 | INFO     | jewelry_detector.image_processor | Đã lưu ảnh kết quả: 888802_bottom_result.jpg
2026-07-25 10:20:11 | INFO     | jewelry_detector.image_processor | Tổng thời gian xử lý: 0.01s
2026-07-25 10:20:11 | INFO     | jewelry_detector.image_processor | Kích thước ảnh: 1363 x 908 px
2026-07-25 10:20:11 | INFO     | jewelry_detector.image_processor | Panel pixel (AI): [0, 466, 365, 854]
2026-07-25 10:20:11 | INFO     | jewelry_detector.image_processor | Object pixel (AI): [27, 481, 327, 817]
2026-07-25 10:20:11 | INFO     | jewelry_detector.image_processor | Center pixel: [177, 649]
2026-07-25 10:20:11 | INFO     | jewelry_detector.image_processor | OpenCV panel refine IoU = 0.890
2026-07-25 10:20:11 | INFO     | jewelry_detector.image_processor | Panel refined: [0, 450, 380, 869]
2026-07-25 10:20:11 | INFO     | jewelry_detector.image_processor | Panel refined (OpenCV): [0, 450, 380, 869]
2026-07-25 10:20:11 | INFO     | jewelry_detector.image_processor | Clean panel crop: raw_size=380x419 trim_left=5 trim_top=34 trim_right=33 trim_bottom=0 content_retained=92.4% success=True
2026-07-25 10:20:11 | INFO     | jewelry_detector.image_processor | Trimmed Object (ảnh gốc): [30, 484, 322, 772] | AI bbox gốc: [27,484,327,817]
2026-07-25 10:20:11 | INFO     | jewelry_detector.image_processor | Object refined (OpenCV Trim): [30, 484, 322, 772]
2026-07-25 10:20:11 | INFO     | jewelry_detector.image_processor | Đã lưu ảnh kết quả: 888802_perspective_result.jpg
2026-07-25 10:20:11 | INFO     | jewelry_detector.image_processor | Tổng thời gian xử lý: 0.01s
2026-07-25 10:44:26 | INFO     | jewelry_detector.image_processor | Kích thước ảnh: 1363 x 908 px
2026-07-25 10:44:26 | INFO     | jewelry_detector.image_processor | Panel pixel (AI): [63, 610, 679, 865]
2026-07-25 10:44:26 | INFO     | jewelry_detector.image_processor | Object pixel (AI): [82, 622, 654, 854]
2026-07-25 10:44:26 | INFO     | jewelry_detector.image_processor | Center pixel: [368, 737]
2026-07-25 10:44:26 | INFO     | jewelry_detector.image_processor | OpenCV panel refine IoU = 0.494
2026-07-25 10:44:26 | INFO     | jewelry_detector.image_processor | Panel refined: [348, 600, 703, 876]
2026-07-25 10:44:26 | INFO     | jewelry_detector.image_processor | Panel refined (OpenCV): [348, 600, 703, 876]
2026-07-25 10:44:26 | INFO     | jewelry_detector.image_processor | Clean panel crop: raw_size=355x276 trim_left=4 trim_top=0 trim_right=18 trim_bottom=0 content_retained=100.0% success=True
2026-07-25 10:44:26 | INFO     | jewelry_detector.image_processor | Trimmed Object (ảnh gốc): [369, 600, 672, 787] | AI bbox gốc: [352,622,654,854]
2026-07-25 10:44:26 | INFO     | jewelry_detector.image_processor | Object refined (OpenCV Trim): [369, 600, 672, 787]
2026-07-25 10:44:26 | INFO     | jewelry_detector.image_processor | Đã lưu ảnh kết quả: 888802_front_result.jpg
2026-07-25 10:44:26 | INFO     | jewelry_detector.image_processor | Tổng thời gian xử lý: 0.03s
2026-07-25 10:44:26 | INFO     | jewelry_detector.image_processor | Kích thước ảnh: 1363 x 908 px
2026-07-25 10:44:26 | INFO     | jewelry_detector.image_processor | Panel pixel (AI): [687, 610, 1299, 865]
2026-07-25 10:44:26 | INFO     | jewelry_detector.image_processor | Object pixel (AI): [706, 622, 1268, 854]
2026-07-25 10:44:26 | INFO     | jewelry_detector.image_processor | Center pixel: [987, 737]
2026-07-25 10:44:26 | INFO     | jewelry_detector.image_processor | OpenCV không tìm được contour phù hợp cho panel. Giữ bbox AI.
2026-07-25 10:44:26 | INFO     | jewelry_detector.image_processor | Panel refine không thành công, dùng bbox AI.
2026-07-25 10:44:26 | INFO     | jewelry_detector.image_processor | Clean panel crop: raw_size=612x255 trim_left=2 trim_top=0 trim_right=0 trim_bottom=0 content_retained=100.0% success=True
2026-07-25 10:44:26 | INFO     | jewelry_detector.image_processor | Trimmed Object (ảnh gốc): [797, 610, 1298, 849] | AI bbox gốc: [706,622,1268,854]
2026-07-25 10:44:26 | INFO     | jewelry_detector.image_processor | Object refined (OpenCV Trim): [797, 610, 1298, 849]
2026-07-25 10:44:26 | INFO     | jewelry_detector.image_processor | Đã lưu ảnh kết quả: 888802_left_result.jpg
2026-07-25 10:44:26 | INFO     | jewelry_detector.image_processor | Tổng thời gian xử lý: 0.01s
2026-07-25 10:44:26 | INFO     | jewelry_detector.image_processor | Kích thước ảnh: 1363 x 908 px
2026-07-25 10:44:26 | INFO     | jewelry_detector.image_processor | Panel pixel (AI): [687, 610, 1299, 865]
2026-07-25 10:44:26 | INFO     | jewelry_detector.image_processor | Object pixel (AI): [706, 622, 1268, 854]
2026-07-25 10:44:26 | INFO     | jewelry_detector.image_processor | Center pixel: [987, 737]
2026-07-25 10:44:26 | INFO     | jewelry_detector.image_processor | OpenCV không tìm được contour phù hợp cho panel. Giữ bbox AI.
2026-07-25 10:44:26 | INFO     | jewelry_detector.image_processor | Panel refine không thành công, dùng bbox AI.
2026-07-25 10:44:26 | INFO     | jewelry_detector.image_processor | Clean panel crop: raw_size=612x255 trim_left=2 trim_top=0 trim_right=0 trim_bottom=0 content_retained=100.0% success=True
2026-07-25 10:44:26 | INFO     | jewelry_detector.image_processor | Trimmed Object (ảnh gốc): [797, 610, 1298, 849] | AI bbox gốc: [706,622,1268,854]
2026-07-25 10:44:26 | INFO     | jewelry_detector.image_processor | Object refined (OpenCV Trim): [797, 610, 1298, 849]
2026-07-25 10:44:26 | INFO     | jewelry_detector.image_processor | Đã lưu ảnh kết quả: 888802_top_result.jpg
2026-07-25 10:44:26 | INFO     | jewelry_detector.image_processor | Tổng thời gian xử lý: 0.01s
2026-07-25 10:44:26 | INFO     | jewelry_detector.image_processor | Kích thước ảnh: 1363 x 908 px
2026-07-25 10:44:26 | INFO     | jewelry_detector.image_processor | Panel pixel (AI): [63, 865, 679, 908]
2026-07-25 10:44:26 | INFO     | jewelry_detector.image_processor | Object pixel (AI): [82, 876, 654, 908]
2026-07-25 10:44:26 | INFO     | jewelry_detector.image_processor | Center pixel: [368, 892]
2026-07-25 10:44:26 | INFO     | jewelry_detector.image_processor | OpenCV panel refine IoU = 0.899
2026-07-25 10:44:26 | INFO     | jewelry_detector.image_processor | Panel refined: [38, 864, 703, 908]
2026-07-25 10:44:26 | INFO     | jewelry_detector.image_processor | Panel refined (OpenCV): [38, 864, 703, 908]
2026-07-25 10:44:26 | INFO     | jewelry_detector.image_processor | Không tìm thấy nội dung giao với AI Object Bbox.
2026-07-25 10:44:26 | INFO     | jewelry_detector.image_processor | Object trim không thành công, dùng bbox AI gốc.
2026-07-25 10:44:26 | INFO     | jewelry_detector.image_processor | Đã lưu ảnh kết quả: 888802_back_result.jpg
2026-07-25 10:44:26 | INFO     | jewelry_detector.image_processor | Tổng thời gian xử lý: 0.01s
2026-07-25 10:44:26 | INFO     | jewelry_detector.image_processor | Kích thước ảnh: 1363 x 908 px
2026-07-25 10:44:26 | INFO     | jewelry_detector.image_processor | Panel pixel (AI): [687, 865, 1299, 908]
2026-07-25 10:44:26 | INFO     | jewelry_detector.image_processor | Object pixel (AI): [706, 876, 1268, 908]
2026-07-25 10:44:26 | INFO     | jewelry_detector.image_processor | Center pixel: [987, 892]
2026-07-25 10:44:26 | INFO     | jewelry_detector.image_processor | OpenCV panel refine IoU = 0.898
2026-07-25 10:44:26 | INFO     | jewelry_detector.image_processor | Panel refined: [662, 864, 1323, 908]
2026-07-25 10:44:26 | INFO     | jewelry_detector.image_processor | Panel refined (OpenCV): [662, 864, 1323, 908]
2026-07-25 10:44:26 | INFO     | jewelry_detector.image_processor | Trimmed Object (ảnh gốc): [1151, 897, 1170, 908] | AI bbox gốc: [706,876,1268,908]
2026-07-25 10:44:26 | INFO     | jewelry_detector.image_processor | Object refined (OpenCV Trim): [1151, 897, 1170, 908]
2026-07-25 10:44:26 | INFO     | jewelry_detector.image_processor | Đã lưu ảnh kết quả: 888802_right_result.jpg
2026-07-25 10:44:26 | INFO     | jewelry_detector.image_processor | Tổng thời gian xử lý: 0.01s
2026-07-25 10:44:26 | INFO     | jewelry_detector.image_processor | Kích thước ảnh: 1363 x 908 px
2026-07-25 10:44:26 | INFO     | jewelry_detector.image_processor | Panel pixel (AI): [687, 908, 1299, 908]
2026-07-25 10:44:26 | INFO     | jewelry_detector.image_processor | Object pixel (AI): [706, 908, 1268, 908]
2026-07-25 10:44:26 | INFO     | jewelry_detector.image_processor | Center pixel: [987, 914]
2026-07-25 10:44:26 | WARNING  | jewelry_detector.image_processor | ROI trống sau khi mở rộng vùng tìm kiếm panel.
2026-07-25 10:44:26 | INFO     | jewelry_detector.image_processor | Panel refine không thành công, dùng bbox AI.
2026-07-25 10:44:26 | INFO     | jewelry_detector.image_processor | Đã lưu ảnh kết quả: 888802_bottom_result.jpg
2026-07-25 10:44:26 | INFO     | jewelry_detector.image_processor | Tổng thời gian xử lý: 0.01s
2026-07-25 10:44:26 | INFO     | jewelry_detector.image_processor | Kích thước ảnh: 1363 x 908 px
2026-07-25 10:44:26 | INFO     | jewelry_detector.image_processor | Panel pixel (AI): [916, 610, 1299, 908]
2026-07-25 10:44:26 | INFO     | jewelry_detector.image_processor | Object pixel (AI): [934, 622, 1281, 908]
2026-07-25 10:44:26 | INFO     | jewelry_detector.image_processor | Center pixel: [1107, 765]
2026-07-25 10:44:26 | INFO     | jewelry_detector.image_processor | OpenCV panel refine IoU = 0.891
2026-07-25 10:44:26 | INFO     | jewelry_detector.image_processor | Panel refined: [901, 598, 1314, 908]
2026-07-25 10:44:26 | INFO     | jewelry_detector.image_processor | Panel refined (OpenCV): [901, 598, 1314, 908]
2026-07-25 10:44:26 | INFO     | jewelry_detector.image_processor | Clean panel crop: raw_size=413x310 trim_left=0 trim_top=0 trim_right=0 trim_bottom=3 content_retained=100.0% success=True
2026-07-25 10:44:26 | INFO     | jewelry_detector.image_processor | Trimmed Object (ảnh gốc): [1014, 619, 1298, 884] | AI bbox gốc: [934,622,1281,905]
2026-07-25 10:44:26 | INFO     | jewelry_detector.image_processor | Object refined (OpenCV Trim): [1014, 619, 1298, 884]
2026-07-25 10:44:26 | INFO     | jewelry_detector.image_processor | Đã lưu ảnh kết quả: 888802_perspective_result.jpg
2026-07-25 10:44:26 | INFO     | jewelry_detector.image_processor | Tổng thời gian xử lý: 0.01s
2026-07-25 11:08:59 | INFO     | jewelry_detector.image_processor | Kích thước ảnh: 1363 x 908 px
2026-07-25 11:08:59 | INFO     | jewelry_detector.image_processor | Panel pixel (AI): [364, 79, 682, 466]
2026-07-25 11:08:59 | INFO     | jewelry_detector.image_processor | Object pixel (AI): [382, 91, 654, 445]
2026-07-25 11:08:59 | INFO     | jewelry_detector.image_processor | Center pixel: [518, 268]
2026-07-25 11:08:59 | INFO     | jewelry_detector.image_processor | OpenCV panel refine IoU = 0.859
2026-07-25 11:08:59 | INFO     | jewelry_detector.image_processor | Panel refined: [351, 64, 694, 481]
2026-07-25 11:08:59 | INFO     | jewelry_detector.image_processor | Panel refined (OpenCV): [351, 64, 694, 481]
2026-07-25 11:08:59 | INFO     | jewelry_detector.image_processor | Clean panel crop: raw_size=343x417 trim_left=0 trim_top=17 trim_right=9 trim_bottom=0 content_retained=100.0% success=True
2026-07-25 11:08:59 | INFO     | jewelry_detector.image_processor | Trimmed Object (ảnh gốc): [360, 186, 680, 421] | AI bbox gốc: [382,91,654,445]
2026-07-25 11:08:59 | INFO     | jewelry_detector.image_processor | Object refined (OpenCV Trim): [360, 186, 680, 421]
2026-07-25 11:08:59 | INFO     | jewelry_detector.image_processor | Đã lưu ảnh kết quả: 888802_front_result.jpg
2026-07-25 11:08:59 | INFO     | jewelry_detector.image_processor | Tổng thời gian xử lý: 0.10s
2026-07-25 11:08:59 | INFO     | jewelry_detector.image_processor | Kích thước ảnh: 1363 x 908 px
2026-07-25 11:08:59 | INFO     | jewelry_detector.image_processor | Panel pixel (AI): [682, 79, 999, 466]
2026-07-25 11:08:59 | INFO     | jewelry_detector.image_processor | Object pixel (AI): [695, 91, 981, 445]
2026-07-25 11:08:59 | INFO     | jewelry_detector.image_processor | Center pixel: [838, 268]
2026-07-25 11:08:59 | INFO     | jewelry_detector.image_processor | OpenCV panel refine IoU = 0.859
2026-07-25 11:08:59 | INFO     | jewelry_detector.image_processor | Panel refined: [669, 64, 1012, 481]
2026-07-25 11:08:59 | INFO     | jewelry_detector.image_processor | Panel refined (OpenCV): [669, 64, 1012, 481]
2026-07-25 11:08:59 | INFO     | jewelry_detector.image_processor | Clean panel crop: raw_size=343x417 trim_left=20 trim_top=17 trim_right=0 trim_bottom=0 content_retained=99.8% success=True
2026-07-25 11:08:59 | INFO     | jewelry_detector.image_processor | Trimmed Object (ảnh gốc): [762, 178, 912, 409] | AI bbox gốc: [695,91,981,445]
2026-07-25 11:08:59 | INFO     | jewelry_detector.image_processor | Object refined (OpenCV Trim): [762, 178, 912, 409]
2026-07-25 11:08:59 | INFO     | jewelry_detector.image_processor | Đã lưu ảnh kết quả: 888802_left_result.jpg
2026-07-25 11:08:59 | INFO     | jewelry_detector.image_processor | Tổng thời gian xử lý: 0.02s
2026-07-25 11:08:59 | INFO     | jewelry_detector.image_processor | Kích thước ảnh: 1363 x 908 px
2026-07-25 11:08:59 | INFO     | jewelry_detector.image_processor | Panel pixel (AI): [999, 79, 1317, 466]
2026-07-25 11:08:59 | INFO     | jewelry_detector.image_processor | Object pixel (AI): [1009, 91, 1295, 445]
2026-07-25 11:08:59 | INFO     | jewelry_detector.image_processor | Center pixel: [1152, 268]
2026-07-25 11:08:59 | INFO     | jewelry_detector.image_processor | OpenCV panel refine IoU = 0.859
2026-07-25 11:08:59 | INFO     | jewelry_detector.image_processor | Panel refined: [986, 64, 1329, 481]
2026-07-25 11:08:59 | INFO     | jewelry_detector.image_processor | Panel refined (OpenCV): [986, 64, 1329, 481]
2026-07-25 11:08:59 | INFO     | jewelry_detector.image_processor | Clean panel crop: raw_size=343x417 trim_left=41 trim_top=17 trim_right=0 trim_bottom=0 content_retained=100.0% success=True
2026-07-25 11:08:59 | INFO     | jewelry_detector.image_processor | Trimmed Object (ảnh gốc): [1054, 249, 1285, 377] | AI bbox gốc: [1027,91,1295,445]
2026-07-25 11:08:59 | INFO     | jewelry_detector.image_processor | Object refined (OpenCV Trim): [1054, 249, 1285, 377]
2026-07-25 11:08:59 | INFO     | jewelry_detector.image_processor | Đã lưu ảnh kết quả: 888802_top_result.jpg
2026-07-25 11:08:59 | INFO     | jewelry_detector.image_processor | Tổng thời gian xử lý: 0.01s
2026-07-25 11:08:59 | INFO     | jewelry_detector.image_processor | Kích thước ảnh: 1363 x 908 px
2026-07-25 11:08:59 | INFO     | jewelry_detector.image_processor | Panel pixel (AI): [364, 466, 682, 854]
2026-07-25 11:08:59 | INFO     | jewelry_detector.image_processor | Object pixel (AI): [382, 477, 654, 835]
2026-07-25 11:08:59 | INFO     | jewelry_detector.image_processor | Center pixel: [518, 656]
2026-07-25 11:08:59 | INFO     | jewelry_detector.image_processor | OpenCV panel refine IoU = 0.857
2026-07-25 11:08:59 | INFO     | jewelry_detector.image_processor | Panel refined: [351, 450, 694, 869]
2026-07-25 11:08:59 | INFO     | jewelry_detector.image_processor | Panel refined (OpenCV): [351, 450, 694, 869]
2026-07-25 11:08:59 | INFO     | jewelry_detector.image_processor | Clean panel crop: raw_size=343x419 trim_left=0 trim_top=45 trim_right=9 trim_bottom=0 content_retained=100.0% success=True
2026-07-25 11:08:59 | INFO     | jewelry_detector.image_processor | Trimmed Object (ảnh gốc): [369, 552, 672, 787] | AI bbox gốc: [382,495,654,835]
2026-07-25 11:08:59 | INFO     | jewelry_detector.image_processor | Object refined (OpenCV Trim): [369, 552, 672, 787]
2026-07-25 11:08:59 | INFO     | jewelry_detector.image_processor | Đã lưu ảnh kết quả: 888802_back_result.jpg
2026-07-25 11:08:59 | INFO     | jewelry_detector.image_processor | Tổng thời gian xử lý: 0.01s
2026-07-25 11:08:59 | INFO     | jewelry_detector.image_processor | Kích thước ảnh: 1363 x 908 px
2026-07-25 11:08:59 | INFO     | jewelry_detector.image_processor | Panel pixel (AI): [682, 466, 999, 854]
2026-07-25 11:08:59 | INFO     | jewelry_detector.image_processor | Object pixel (AI): [695, 477, 981, 835]
2026-07-25 11:08:59 | INFO     | jewelry_detector.image_processor | Center pixel: [838, 656]
2026-07-25 11:08:59 | INFO     | jewelry_detector.image_processor | OpenCV panel refine IoU = 0.857
2026-07-25 11:08:59 | INFO     | jewelry_detector.image_processor | Panel refined: [669, 450, 1012, 869]
2026-07-25 11:08:59 | INFO     | jewelry_detector.image_processor | Panel refined (OpenCV): [669, 450, 1012, 869]
2026-07-25 11:08:59 | INFO     | jewelry_detector.image_processor | Clean panel crop: raw_size=343x419 trim_left=20 trim_top=45 trim_right=0 trim_bottom=0 content_retained=100.0% success=True
2026-07-25 11:08:59 | INFO     | jewelry_detector.image_processor | Trimmed Object (ảnh gốc): [796, 558, 933, 791] | AI bbox gốc: [695,495,981,835]
2026-07-25 11:08:59 | INFO     | jewelry_detector.image_processor | Object refined (OpenCV Trim): [796, 558, 933, 791]
2026-07-25 11:08:59 | INFO     | jewelry_detector.image_processor | Đã lưu ảnh kết quả: 888802_right_result.jpg
2026-07-25 11:08:59 | INFO     | jewelry_detector.image_processor | Tổng thời gian xử lý: 0.01s
2026-07-25 11:08:59 | INFO     | jewelry_detector.image_processor | Kích thước ảnh: 1363 x 908 px
2026-07-25 11:08:59 | INFO     | jewelry_detector.image_processor | Panel pixel (AI): [999, 466, 1317, 854]
2026-07-25 11:08:59 | INFO     | jewelry_detector.image_processor | Object pixel (AI): [1009, 477, 1295, 835]
2026-07-25 11:08:59 | INFO     | jewelry_detector.image_processor | Center pixel: [1152, 656]
2026-07-25 11:08:59 | INFO     | jewelry_detector.image_processor | OpenCV panel refine IoU = 0.857
2026-07-25 11:08:59 | INFO     | jewelry_detector.image_processor | Panel refined: [986, 450, 1329, 869]
2026-07-25 11:08:59 | INFO     | jewelry_detector.image_processor | Panel refined (OpenCV): [986, 450, 1329, 869]
2026-07-25 11:08:59 | INFO     | jewelry_detector.image_processor | Clean panel crop: raw_size=343x419 trim_left=41 trim_top=45 trim_right=0 trim_bottom=0 content_retained=100.0% success=True
2026-07-25 11:08:59 | INFO     | jewelry_detector.image_processor | Trimmed Object (ảnh gốc): [1067, 678, 1298, 790] | AI bbox gốc: [1027,495,1295,835]
2026-07-25 11:08:59 | INFO     | jewelry_detector.image_processor | Object refined (OpenCV Trim): [1067, 678, 1298, 790]
2026-07-25 11:08:59 | INFO     | jewelry_detector.image_processor | Đã lưu ảnh kết quả: 888802_bottom_result.jpg
2026-07-25 11:08:59 | INFO     | jewelry_detector.image_processor | Tổng thời gian xử lý: 0.01s
2026-07-25 11:08:59 | INFO     | jewelry_detector.image_processor | Kích thước ảnh: 1363 x 908 px
2026-07-25 11:08:59 | INFO     | jewelry_detector.image_processor | Panel pixel (AI): [0, 466, 364, 854]
2026-07-25 11:08:59 | INFO     | jewelry_detector.image_processor | Object pixel (AI): [27, 499, 273, 772]
2026-07-25 11:08:59 | INFO     | jewelry_detector.image_processor | Center pixel: [150, 636]
2026-07-25 11:08:59 | INFO     | jewelry_detector.image_processor | OpenCV panel refine IoU = 0.891
2026-07-25 11:08:59 | INFO     | jewelry_detector.image_processor | Panel refined: [0, 450, 378, 869]
2026-07-25 11:08:59 | INFO     | jewelry_detector.image_processor | Panel refined (OpenCV): [0, 450, 378, 869]
2026-07-25 11:08:59 | INFO     | jewelry_detector.image_processor | Clean panel crop: raw_size=378x419 trim_left=5 trim_top=34 trim_right=31 trim_bottom=0 content_retained=92.5% success=True
2026-07-25 11:08:59 | INFO     | jewelry_detector.image_processor | Trimmed Object (ảnh gốc): [30, 484, 322, 772] | AI bbox gốc: [27,499,273,772]
2026-07-25 11:08:59 | INFO     | jewelry_detector.image_processor | Object refined (OpenCV Trim): [30, 484, 322, 772]
2026-07-25 11:08:59 | INFO     | jewelry_detector.image_processor | Đã lưu ảnh kết quả: 888802_perspective_result.jpg
2026-07-25 11:08:59 | INFO     | jewelry_detector.image_processor | Tổng thời gian xử lý: 0.01s
2026-07-25 11:10:42 | INFO     | jewelry_detector.image_processor | Kích thước ảnh: 1363 x 908 px
2026-07-25 11:10:42 | INFO     | jewelry_detector.image_processor | Panel pixel (AI): [365, 80, 682, 465]
2026-07-25 11:10:42 | INFO     | jewelry_detector.image_processor | Object pixel (AI): [382, 91, 654, 445]
2026-07-25 11:10:42 | INFO     | jewelry_detector.image_processor | Center pixel: [518, 268]
2026-07-25 11:10:42 | INFO     | jewelry_detector.image_processor | OpenCV panel refine IoU = 0.860
2026-07-25 11:10:42 | INFO     | jewelry_detector.image_processor | Panel refined: [353, 65, 694, 480]
2026-07-25 11:10:42 | INFO     | jewelry_detector.image_processor | Panel refined (OpenCV): [353, 65, 694, 480]
2026-07-25 11:10:42 | INFO     | jewelry_detector.image_processor | Clean panel crop: raw_size=341x415 trim_left=0 trim_top=16 trim_right=9 trim_bottom=0 content_retained=100.0% success=True
2026-07-25 11:10:42 | INFO     | jewelry_detector.image_processor | Trimmed Object (ảnh gốc): [360, 186, 680, 421] | AI bbox gốc: [382,91,654,445]
2026-07-25 11:10:42 | INFO     | jewelry_detector.image_processor | Object refined (OpenCV Trim): [360, 186, 680, 421]
2026-07-25 11:10:42 | INFO     | jewelry_detector.image_processor | Đã lưu ảnh kết quả: 888802_front_result.jpg
2026-07-25 11:10:42 | INFO     | jewelry_detector.image_processor | Tổng thời gian xử lý: 0.02s
2026-07-25 11:10:42 | INFO     | jewelry_detector.image_processor | Kích thước ảnh: 1363 x 908 px
2026-07-25 11:10:42 | INFO     | jewelry_detector.image_processor | Panel pixel (AI): [682, 80, 998, 465]
2026-07-25 11:10:42 | INFO     | jewelry_detector.image_processor | Object pixel (AI): [695, 91, 981, 445]
2026-07-25 11:10:42 | INFO     | jewelry_detector.image_processor | Center pixel: [838, 268]
2026-07-25 11:10:42 | INFO     | jewelry_detector.image_processor | OpenCV panel refine IoU = 0.860
2026-07-25 11:10:42 | INFO     | jewelry_detector.image_processor | Panel refined: [669, 65, 1010, 480]
2026-07-25 11:10:42 | INFO     | jewelry_detector.image_processor | Panel refined (OpenCV): [669, 65, 1010, 480]
2026-07-25 11:10:42 | INFO     | jewelry_detector.image_processor | Clean panel crop: raw_size=341x415 trim_left=20 trim_top=16 trim_right=0 trim_bottom=0 content_retained=99.8% success=True
2026-07-25 11:10:42 | INFO     | jewelry_detector.image_processor | Trimmed Object (ảnh gốc): [762, 178, 912, 409] | AI bbox gốc: [695,91,981,445]
2026-07-25 11:10:42 | INFO     | jewelry_detector.image_processor | Object refined (OpenCV Trim): [762, 178, 912, 409]
2026-07-25 11:10:42 | INFO     | jewelry_detector.image_processor | Đã lưu ảnh kết quả: 888802_left_result.jpg
2026-07-25 11:10:42 | INFO     | jewelry_detector.image_processor | Tổng thời gian xử lý: 0.01s
2026-07-25 11:10:42 | INFO     | jewelry_detector.image_processor | Kích thước ảnh: 1363 x 908 px
2026-07-25 11:10:42 | INFO     | jewelry_detector.image_processor | Panel pixel (AI): [998, 80, 1314, 465]
2026-07-25 11:10:42 | INFO     | jewelry_detector.image_processor | Object pixel (AI): [1009, 91, 1295, 445]
2026-07-25 11:10:42 | INFO     | jewelry_detector.image_processor | Center pixel: [1152, 268]
2026-07-25 11:10:42 | INFO     | jewelry_detector.image_processor | OpenCV panel refine IoU = 0.858
2026-07-25 11:10:42 | INFO     | jewelry_detector.image_processor | Panel refined: [985, 65, 1327, 480]
2026-07-25 11:10:42 | INFO     | jewelry_detector.image_processor | Panel refined (OpenCV): [985, 65, 1327, 480]
2026-07-25 11:10:42 | INFO     | jewelry_detector.image_processor | Clean panel crop: raw_size=342x415 trim_left=42 trim_top=16 trim_right=0 trim_bottom=0 content_retained=100.0% success=True
2026-07-25 11:10:42 | INFO     | jewelry_detector.image_processor | Trimmed Object (ảnh gốc): [1054, 249, 1285, 377] | AI bbox gốc: [1027,91,1295,445]
2026-07-25 11:10:42 | INFO     | jewelry_detector.image_processor | Object refined (OpenCV Trim): [1054, 249, 1285, 377]
2026-07-25 11:10:42 | INFO     | jewelry_detector.image_processor | Đã lưu ảnh kết quả: 888802_top_result.jpg
2026-07-25 11:10:42 | INFO     | jewelry_detector.image_processor | Tổng thời gian xử lý: 0.01s
2026-07-25 11:10:42 | INFO     | jewelry_detector.image_processor | Kích thước ảnh: 1363 x 908 px
2026-07-25 11:10:42 | INFO     | jewelry_detector.image_processor | Panel pixel (AI): [365, 465, 682, 850]
2026-07-25 11:10:42 | INFO     | jewelry_detector.image_processor | Object pixel (AI): [382, 472, 654, 835]
2026-07-25 11:10:42 | INFO     | jewelry_detector.image_processor | Center pixel: [518, 654]
2026-07-25 11:10:42 | INFO     | jewelry_detector.image_processor | OpenCV panel refine IoU = 0.858
2026-07-25 11:10:42 | INFO     | jewelry_detector.image_processor | Panel refined: [353, 449, 694, 865]
2026-07-25 11:10:42 | INFO     | jewelry_detector.image_processor | Panel refined (OpenCV): [353, 449, 694, 865]
2026-07-25 11:10:42 | INFO     | jewelry_detector.image_processor | Clean panel crop: raw_size=341x416 trim_left=0 trim_top=46 trim_right=9 trim_bottom=0 content_retained=100.0% success=True
2026-07-25 11:10:42 | INFO     | jewelry_detector.image_processor | Trimmed Object (ảnh gốc): [369, 552, 672, 787] | AI bbox gốc: [382,495,654,835]
2026-07-25 11:10:42 | INFO     | jewelry_detector.image_processor | Object refined (OpenCV Trim): [369, 552, 672, 787]
2026-07-25 11:10:42 | INFO     | jewelry_detector.image_processor | Đã lưu ảnh kết quả: 888802_back_result.jpg
2026-07-25 11:10:42 | INFO     | jewelry_detector.image_processor | Tổng thời gian xử lý: 0.01s
2026-07-25 11:10:42 | INFO     | jewelry_detector.image_processor | Kích thước ảnh: 1363 x 908 px
2026-07-25 11:10:42 | INFO     | jewelry_detector.image_processor | Panel pixel (AI): [682, 465, 998, 850]
2026-07-25 11:10:42 | INFO     | jewelry_detector.image_processor | Object pixel (AI): [695, 472, 981, 835]
2026-07-25 11:10:42 | INFO     | jewelry_detector.image_processor | Center pixel: [838, 654]
2026-07-25 11:10:42 | INFO     | jewelry_detector.image_processor | OpenCV panel refine IoU = 0.858
2026-07-25 11:10:42 | INFO     | jewelry_detector.image_processor | Panel refined: [669, 449, 1010, 865]
2026-07-25 11:10:42 | INFO     | jewelry_detector.image_processor | Panel refined (OpenCV): [669, 449, 1010, 865]
2026-07-25 11:10:42 | INFO     | jewelry_detector.image_processor | Clean panel crop: raw_size=341x416 trim_left=20 trim_top=46 trim_right=0 trim_bottom=0 content_retained=100.0% success=True
2026-07-25 11:10:42 | INFO     | jewelry_detector.image_processor | Trimmed Object (ảnh gốc): [796, 558, 933, 791] | AI bbox gốc: [695,495,981,835]
2026-07-25 11:10:42 | INFO     | jewelry_detector.image_processor | Object refined (OpenCV Trim): [796, 558, 933, 791]
2026-07-25 11:10:42 | INFO     | jewelry_detector.image_processor | Đã lưu ảnh kết quả: 888802_right_result.jpg
2026-07-25 11:10:42 | INFO     | jewelry_detector.image_processor | Tổng thời gian xử lý: 0.01s
2026-07-25 11:10:42 | INFO     | jewelry_detector.image_processor | Kích thước ảnh: 1363 x 908 px
2026-07-25 11:10:42 | INFO     | jewelry_detector.image_processor | Panel pixel (AI): [998, 465, 1314, 850]
2026-07-25 11:10:42 | INFO     | jewelry_detector.image_processor | Object pixel (AI): [1009, 472, 1295, 835]
2026-07-25 11:10:42 | INFO     | jewelry_detector.image_processor | Center pixel: [1152, 654]
2026-07-25 11:10:42 | INFO     | jewelry_detector.image_processor | OpenCV panel refine IoU = 0.856
2026-07-25 11:10:42 | INFO     | jewelry_detector.image_processor | Panel refined: [985, 449, 1327, 865]
2026-07-25 11:10:42 | INFO     | jewelry_detector.image_processor | Panel refined (OpenCV): [985, 449, 1327, 865]
2026-07-25 11:10:42 | INFO     | jewelry_detector.image_processor | Clean panel crop: raw_size=342x416 trim_left=42 trim_top=46 trim_right=0 trim_bottom=0 content_retained=100.0% success=True
2026-07-25 11:10:42 | INFO     | jewelry_detector.image_processor | Trimmed Object (ảnh gốc): [1067, 678, 1298, 790] | AI bbox gốc: [1027,495,1295,835]
2026-07-25 11:10:42 | INFO     | jewelry_detector.image_processor | Object refined (OpenCV Trim): [1067, 678, 1298, 790]
2026-07-25 11:10:42 | INFO     | jewelry_detector.image_processor | Đã lưu ảnh kết quả: 888802_bottom_result.jpg
2026-07-25 11:10:42 | INFO     | jewelry_detector.image_processor | Tổng thời gian xử lý: 0.01s
2026-07-25 11:10:42 | INFO     | jewelry_detector.image_processor | Kích thước ảnh: 1363 x 908 px
2026-07-25 11:10:42 | INFO     | jewelry_detector.image_processor | Panel pixel (AI): [0, 465, 365, 850]
2026-07-25 11:10:42 | INFO     | jewelry_detector.image_processor | Object pixel (AI): [27, 481, 327, 808]
2026-07-25 11:10:42 | INFO     | jewelry_detector.image_processor | Center pixel: [177, 645]
2026-07-25 11:10:42 | INFO     | jewelry_detector.image_processor | OpenCV panel refine IoU = 0.890
2026-07-25 11:10:42 | INFO     | jewelry_detector.image_processor | Panel refined: [0, 449, 380, 865]
2026-07-25 11:10:42 | INFO     | jewelry_detector.image_processor | Panel refined (OpenCV): [0, 449, 380, 865]
2026-07-25 11:10:42 | INFO     | jewelry_detector.image_processor | Clean panel crop: raw_size=380x416 trim_left=5 trim_top=35 trim_right=33 trim_bottom=0 content_retained=92.0% success=True
2026-07-25 11:10:42 | INFO     | jewelry_detector.image_processor | Trimmed Object (ảnh gốc): [30, 484, 322, 772] | AI bbox gốc: [27,484,327,808]
2026-07-25 11:10:42 | INFO     | jewelry_detector.image_processor | Object refined (OpenCV Trim): [30, 484, 322, 772]
2026-07-25 11:10:42 | INFO     | jewelry_detector.image_processor | Đã lưu ảnh kết quả: 888802_perspective_result.jpg
2026-07-25 11:10:42 | INFO     | jewelry_detector.image_processor | Tổng thời gian xử lý: 0.01s
2026-07-25 11:12:50 | INFO     | jewelry_detector.image_processor | Kích thước ảnh: 1363 x 908 px
2026-07-25 11:12:50 | INFO     | jewelry_detector.image_processor | Panel pixel (AI): [354, 73, 682, 454]
2026-07-25 11:12:50 | INFO     | jewelry_detector.image_processor | Object pixel (AI): [368, 91, 654, 427]
2026-07-25 11:12:50 | INFO     | jewelry_detector.image_processor | Center pixel: [511, 259]
2026-07-25 11:12:50 | INFO     | jewelry_detector.image_processor | OpenCV panel refine IoU = 0.880
2026-07-25 11:12:50 | INFO     | jewelry_detector.image_processor | Panel refined: [341, 77, 695, 469]
2026-07-25 11:12:50 | INFO     | jewelry_detector.image_processor | Panel refined (OpenCV): [341, 77, 695, 469]
2026-07-25 11:12:50 | INFO     | jewelry_detector.image_processor | Clean panel crop: raw_size=354x392 trim_left=11 trim_top=4 trim_right=10 trim_bottom=0 content_retained=99.2% success=True
2026-07-25 11:12:50 | INFO     | jewelry_detector.image_processor | Trimmed Object (ảnh gốc): [360, 186, 680, 421] | AI bbox gốc: [368,91,654,427]
2026-07-25 11:12:50 | INFO     | jewelry_detector.image_processor | Object refined (OpenCV Trim): [360, 186, 680, 421]
2026-07-25 11:12:50 | INFO     | jewelry_detector.image_processor | Đã lưu ảnh kết quả: 888802_front_result.jpg
2026-07-25 11:12:50 | INFO     | jewelry_detector.image_processor | Tổng thời gian xử lý: 0.06s
2026-07-25 11:12:50 | INFO     | jewelry_detector.image_processor | Kích thước ảnh: 1363 x 908 px
2026-07-25 11:12:50 | INFO     | jewelry_detector.image_processor | Panel pixel (AI): [682, 73, 1009, 454]
2026-07-25 11:12:50 | INFO     | jewelry_detector.image_processor | Object pixel (AI): [695, 91, 995, 427]
2026-07-25 11:12:50 | INFO     | jewelry_detector.image_processor | Center pixel: [845, 259]
2026-07-25 11:12:50 | INFO     | jewelry_detector.image_processor | OpenCV panel refine IoU = 0.880
2026-07-25 11:12:50 | INFO     | jewelry_detector.image_processor | Panel refined: [668, 77, 1022, 469]
2026-07-25 11:12:50 | INFO     | jewelry_detector.image_processor | Panel refined (OpenCV): [668, 77, 1022, 469]
2026-07-25 11:12:50 | INFO     | jewelry_detector.image_processor | Clean panel crop: raw_size=354x392 trim_left=21 trim_top=4 trim_right=0 trim_bottom=0 content_retained=99.7% success=True
2026-07-25 11:12:50 | INFO     | jewelry_detector.image_processor | Trimmed Object (ảnh gốc): [762, 178, 912, 409] | AI bbox gốc: [695,91,995,427]
2026-07-25 11:12:50 | INFO     | jewelry_detector.image_processor | Object refined (OpenCV Trim): [762, 178, 912, 409]
2026-07-25 11:12:50 | INFO     | jewelry_detector.image_processor | Đã lưu ảnh kết quả: 888802_left_result.jpg
2026-07-25 11:12:50 | INFO     | jewelry_detector.image_processor | Tổng thời gian xử lý: 0.02s
2026-07-25 11:12:50 | INFO     | jewelry_detector.image_processor | Kích thước ảnh: 1363 x 908 px
2026-07-25 11:12:50 | INFO     | jewelry_detector.image_processor | Panel pixel (AI): [1009, 73, 1336, 454]
2026-07-25 11:12:50 | INFO     | jewelry_detector.image_processor | Object pixel (AI): [1022, 91, 1322, 427]
2026-07-25 11:12:50 | INFO     | jewelry_detector.image_processor | Center pixel: [1172, 259]
2026-07-25 11:12:50 | INFO     | jewelry_detector.image_processor | OpenCV panel refine IoU = 0.882
2026-07-25 11:12:50 | INFO     | jewelry_detector.image_processor | Panel refined: [996, 77, 1349, 469]
2026-07-25 11:12:50 | INFO     | jewelry_detector.image_processor | Panel refined (OpenCV): [996, 77, 1349, 469]
2026-07-25 11:12:50 | INFO     | jewelry_detector.image_processor | Clean panel crop: raw_size=353x392 trim_left=31 trim_top=4 trim_right=0 trim_bottom=0 content_retained=100.0% success=True
2026-07-25 11:12:50 | INFO     | jewelry_detector.image_processor | Trimmed Object (ảnh gốc): [1054, 249, 1285, 377] | AI bbox gốc: [1027,91,1322,427]
2026-07-25 11:12:50 | INFO     | jewelry_detector.image_processor | Object refined (OpenCV Trim): [1054, 249, 1285, 377]
2026-07-25 11:12:50 | INFO     | jewelry_detector.image_processor | Đã lưu ảnh kết quả: 888802_top_result.jpg
2026-07-25 11:12:50 | INFO     | jewelry_detector.image_processor | Tổng thời gian xử lý: 0.01s
2026-07-25 11:12:50 | INFO     | jewelry_detector.image_processor | Kích thước ảnh: 1363 x 908 px
2026-07-25 11:12:50 | INFO     | jewelry_detector.image_processor | Panel pixel (AI): [354, 454, 682, 726]
2026-07-25 11:12:50 | INFO     | jewelry_detector.image_processor | Object pixel (AI): [368, 472, 654, 708]
2026-07-25 11:12:50 | INFO     | jewelry_detector.image_processor | Center pixel: [511, 590]
2026-07-25 11:12:50 | INFO     | jewelry_detector.image_processor | OpenCV panel refine IoU = 0.856
2026-07-25 11:12:50 | INFO     | jewelry_detector.image_processor | Panel refined: [341, 443, 695, 737]
2026-07-25 11:12:50 | INFO     | jewelry_detector.image_processor | Panel refined (OpenCV): [341, 443, 695, 737]
2026-07-25 11:12:50 | INFO     | jewelry_detector.image_processor | Clean panel crop: raw_size=354x294 trim_left=11 trim_top=52 trim_right=10 trim_bottom=0 content_retained=99.7% success=True
2026-07-25 11:12:50 | INFO     | jewelry_detector.image_processor | Trimmed Object (ảnh gốc): [369, 552, 667, 737] | AI bbox gốc: [368,495,654,708]
2026-07-25 11:12:50 | INFO     | jewelry_detector.image_processor | Object refined (OpenCV Trim): [369, 552, 667, 737]
2026-07-25 11:12:50 | INFO     | jewelry_detector.image_processor | Đã lưu ảnh kết quả: 888802_back_result.jpg
2026-07-25 11:12:50 | INFO     | jewelry_detector.image_processor | Tổng thời gian xử lý: 0.01s
2026-07-25 11:12:50 | INFO     | jewelry_detector.image_processor | Kích thước ảnh: 1363 x 908 px
2026-07-25 11:12:50 | INFO     | jewelry_detector.image_processor | Panel pixel (AI): [682, 454, 1009, 726]
2026-07-25 11:12:50 | INFO     | jewelry_detector.image_processor | Object pixel (AI): [695, 472, 995, 708]
2026-07-25 11:12:50 | INFO     | jewelry_detector.image_processor | Center pixel: [845, 590]
2026-07-25 11:12:50 | INFO     | jewelry_detector.image_processor | OpenCV panel refine IoU = 0.856
2026-07-25 11:12:50 | INFO     | jewelry_detector.image_processor | Panel refined: [668, 443, 1022, 737]
2026-07-25 11:12:50 | INFO     | jewelry_detector.image_processor | Panel refined (OpenCV): [668, 443, 1022, 737]
2026-07-25 11:12:50 | INFO     | jewelry_detector.image_processor | Clean panel crop: raw_size=354x294 trim_left=21 trim_top=52 trim_right=0 trim_bottom=0 content_retained=100.0% success=True
2026-07-25 11:12:50 | INFO     | jewelry_detector.image_processor | Trimmed Object (ảnh gốc): [796, 558, 933, 737] | AI bbox gốc: [695,495,995,708]
2026-07-25 11:12:50 | INFO     | jewelry_detector.image_processor | Object refined (OpenCV Trim): [796, 558, 933, 737]
2026-07-25 11:12:50 | INFO     | jewelry_detector.image_processor | Đã lưu ảnh kết quả: 888802_right_result.jpg
2026-07-25 11:12:50 | INFO     | jewelry_detector.image_processor | Tổng thời gian xử lý: 0.01s
2026-07-25 11:12:50 | INFO     | jewelry_detector.image_processor | Kích thước ảnh: 1363 x 908 px
2026-07-25 11:12:50 | INFO     | jewelry_detector.image_processor | Panel pixel (AI): [1009, 454, 1336, 726]
2026-07-25 11:12:50 | INFO     | jewelry_detector.image_processor | Object pixel (AI): [1022, 472, 1322, 708]
2026-07-25 11:12:50 | INFO     | jewelry_detector.image_processor | Center pixel: [1172, 590]
2026-07-25 11:12:50 | INFO     | jewelry_detector.image_processor | OpenCV panel refine IoU = 0.859
2026-07-25 11:12:50 | INFO     | jewelry_detector.image_processor | Panel refined: [996, 443, 1349, 737]
2026-07-25 11:12:50 | INFO     | jewelry_detector.image_processor | Panel refined (OpenCV): [996, 443, 1349, 737]
2026-07-25 11:12:50 | INFO     | jewelry_detector.image_processor | Clean panel crop: raw_size=353x294 trim_left=31 trim_top=52 trim_right=0 trim_bottom=0 content_retained=100.0% success=True
2026-07-25 11:12:50 | INFO     | jewelry_detector.image_processor | Trimmed Object (ảnh gốc): [1067, 678, 1298, 737] | AI bbox gốc: [1027,495,1322,708]
2026-07-25 11:12:50 | INFO     | jewelry_detector.image_processor | Object refined (OpenCV Trim): [1067, 678, 1298, 737]
2026-07-25 11:12:50 | INFO     | jewelry_detector.image_processor | Đã lưu ảnh kết quả: 888802_bottom_result.jpg
2026-07-25 11:12:50 | INFO     | jewelry_detector.image_processor | Tổng thời gian xử lý: 0.01s
2026-07-25 11:12:50 | INFO     | jewelry_detector.image_processor | Kích thước ảnh: 1363 x 908 px
2026-07-25 11:12:50 | INFO     | jewelry_detector.image_processor | Panel pixel (AI): [0, 454, 354, 726]
2026-07-25 11:12:50 | INFO     | jewelry_detector.image_processor | Object pixel (AI): [27, 472, 327, 708]
2026-07-25 11:12:50 | INFO     | jewelry_detector.image_processor | Center pixel: [177, 590]
2026-07-25 11:12:50 | INFO     | jewelry_detector.image_processor | OpenCV panel refine IoU = 0.890
2026-07-25 11:12:50 | INFO     | jewelry_detector.image_processor | Panel refined: [0, 443, 369, 737]
2026-07-25 11:12:50 | INFO     | jewelry_detector.image_processor | Panel refined (OpenCV): [0, 443, 369, 737]
2026-07-25 11:12:50 | INFO     | jewelry_detector.image_processor | Clean panel crop: raw_size=369x294 trim_left=5 trim_top=41 trim_right=22 trim_bottom=0 content_retained=90.8% success=True
2026-07-25 11:12:50 | INFO     | jewelry_detector.image_processor | Trimmed Object (ảnh gốc): [30, 484, 322, 737] | AI bbox gốc: [27,484,327,708]
2026-07-25 11:12:50 | INFO     | jewelry_detector.image_processor | Object refined (OpenCV Trim): [30, 484, 322, 737]
2026-07-25 11:12:50 | INFO     | jewelry_detector.image_processor | Đã lưu ảnh kết quả: 888802_perspective_result.jpg
2026-07-25 11:12:50 | INFO     | jewelry_detector.image_processor | Tổng thời gian xử lý: 0.01s
2026-07-25 11:15:11 | INFO     | jewelry_detector.image_processor | Kích thước ảnh: 1363 x 908 px
2026-07-25 11:15:11 | INFO     | jewelry_detector.image_processor | Panel pixel (AI): [354, 73, 682, 454]
2026-07-25 11:15:11 | INFO     | jewelry_detector.image_processor | Object pixel (AI): [368, 91, 654, 427]
2026-07-25 11:15:11 | INFO     | jewelry_detector.image_processor | Center pixel: [511, 259]
2026-07-25 11:15:11 | INFO     | jewelry_detector.image_processor | OpenCV panel refine IoU = 0.880
2026-07-25 11:15:11 | INFO     | jewelry_detector.image_processor | Panel refined: [341, 77, 695, 469]
2026-07-25 11:15:11 | INFO     | jewelry_detector.image_processor | Panel refined (OpenCV): [341, 77, 695, 469]
2026-07-25 11:15:11 | INFO     | jewelry_detector.image_processor | Clean panel crop: raw_size=354x392 trim_left=11 trim_top=4 trim_right=10 trim_bottom=0 content_retained=99.2% success=True
2026-07-25 11:15:11 | INFO     | jewelry_detector.image_processor | Trimmed Object (ảnh gốc): [360, 186, 680, 421] | AI bbox gốc: [368,91,654,427]
2026-07-25 11:15:11 | INFO     | jewelry_detector.image_processor | Object refined (OpenCV Trim): [360, 186, 680, 421]
2026-07-25 11:15:11 | INFO     | jewelry_detector.image_processor | Đã lưu ảnh kết quả: 888802_front_result.jpg
2026-07-25 11:15:11 | INFO     | jewelry_detector.image_processor | Tổng thời gian xử lý: 0.02s
2026-07-25 11:15:11 | INFO     | jewelry_detector.image_processor | Kích thước ảnh: 1363 x 908 px
2026-07-25 11:15:11 | INFO     | jewelry_detector.image_processor | Panel pixel (AI): [682, 73, 1009, 454]
2026-07-25 11:15:11 | INFO     | jewelry_detector.image_processor | Object pixel (AI): [695, 91, 995, 427]
2026-07-25 11:15:11 | INFO     | jewelry_detector.image_processor | Center pixel: [845, 259]
2026-07-25 11:15:11 | INFO     | jewelry_detector.image_processor | OpenCV panel refine IoU = 0.880
2026-07-25 11:15:11 | INFO     | jewelry_detector.image_processor | Panel refined: [668, 77, 1022, 469]
2026-07-25 11:15:11 | INFO     | jewelry_detector.image_processor | Panel refined (OpenCV): [668, 77, 1022, 469]
2026-07-25 11:15:11 | INFO     | jewelry_detector.image_processor | Clean panel crop: raw_size=354x392 trim_left=21 trim_top=4 trim_right=0 trim_bottom=0 content_retained=99.7% success=True
2026-07-25 11:15:11 | INFO     | jewelry_detector.image_processor | Trimmed Object (ảnh gốc): [762, 178, 912, 409] | AI bbox gốc: [695,91,995,427]
2026-07-25 11:15:11 | INFO     | jewelry_detector.image_processor | Object refined (OpenCV Trim): [762, 178, 912, 409]
2026-07-25 11:15:11 | INFO     | jewelry_detector.image_processor | Đã lưu ảnh kết quả: 888802_left_result.jpg
2026-07-25 11:15:11 | INFO     | jewelry_detector.image_processor | Tổng thời gian xử lý: 0.01s
2026-07-25 11:15:11 | INFO     | jewelry_detector.image_processor | Kích thước ảnh: 1363 x 908 px
2026-07-25 11:15:11 | INFO     | jewelry_detector.image_processor | Panel pixel (AI): [1009, 73, 1336, 454]
2026-07-25 11:15:11 | INFO     | jewelry_detector.image_processor | Object pixel (AI): [1022, 91, 1322, 427]
2026-07-25 11:15:11 | INFO     | jewelry_detector.image_processor | Center pixel: [1172, 259]
2026-07-25 11:15:11 | INFO     | jewelry_detector.image_processor | OpenCV panel refine IoU = 0.882
2026-07-25 11:15:11 | INFO     | jewelry_detector.image_processor | Panel refined: [996, 77, 1349, 469]
2026-07-25 11:15:11 | INFO     | jewelry_detector.image_processor | Panel refined (OpenCV): [996, 77, 1349, 469]
2026-07-25 11:15:11 | INFO     | jewelry_detector.image_processor | Clean panel crop: raw_size=353x392 trim_left=31 trim_top=4 trim_right=0 trim_bottom=0 content_retained=100.0% success=True
2026-07-25 11:15:11 | INFO     | jewelry_detector.image_processor | Trimmed Object (ảnh gốc): [1054, 249, 1285, 377] | AI bbox gốc: [1027,91,1322,427]
2026-07-25 11:15:11 | INFO     | jewelry_detector.image_processor | Object refined (OpenCV Trim): [1054, 249, 1285, 377]
2026-07-25 11:15:11 | INFO     | jewelry_detector.image_processor | Đã lưu ảnh kết quả: 888802_top_result.jpg
2026-07-25 11:15:11 | INFO     | jewelry_detector.image_processor | Tổng thời gian xử lý: 0.01s
2026-07-25 11:15:11 | INFO     | jewelry_detector.image_processor | Kích thước ảnh: 1363 x 908 px
2026-07-25 11:15:11 | INFO     | jewelry_detector.image_processor | Panel pixel (AI): [354, 454, 682, 726]
2026-07-25 11:15:11 | INFO     | jewelry_detector.image_processor | Object pixel (AI): [368, 472, 654, 708]
2026-07-25 11:15:11 | INFO     | jewelry_detector.image_processor | Center pixel: [511, 590]
2026-07-25 11:15:11 | INFO     | jewelry_detector.image_processor | OpenCV panel refine IoU = 0.856
2026-07-25 11:15:11 | INFO     | jewelry_detector.image_processor | Panel refined: [341, 443, 695, 737]
2026-07-25 11:15:11 | INFO     | jewelry_detector.image_processor | Panel refined (OpenCV): [341, 443, 695, 737]
2026-07-25 11:15:11 | INFO     | jewelry_detector.image_processor | Clean panel crop: raw_size=354x294 trim_left=11 trim_top=52 trim_right=10 trim_bottom=0 content_retained=99.7% success=True
2026-07-25 11:15:11 | INFO     | jewelry_detector.image_processor | Trimmed Object (ảnh gốc): [369, 552, 667, 737] | AI bbox gốc: [368,495,654,708]
2026-07-25 11:15:11 | INFO     | jewelry_detector.image_processor | Object refined (OpenCV Trim): [369, 552, 667, 737]
2026-07-25 11:15:11 | INFO     | jewelry_detector.image_processor | Đã lưu ảnh kết quả: 888802_back_result.jpg
2026-07-25 11:15:11 | INFO     | jewelry_detector.image_processor | Tổng thời gian xử lý: 0.01s
2026-07-25 11:15:11 | INFO     | jewelry_detector.image_processor | Kích thước ảnh: 1363 x 908 px
2026-07-25 11:15:11 | INFO     | jewelry_detector.image_processor | Panel pixel (AI): [682, 454, 1009, 726]
2026-07-25 11:15:11 | INFO     | jewelry_detector.image_processor | Object pixel (AI): [695, 472, 995, 708]
2026-07-25 11:15:11 | INFO     | jewelry_detector.image_processor | Center pixel: [845, 590]
2026-07-25 11:15:11 | INFO     | jewelry_detector.image_processor | OpenCV panel refine IoU = 0.856
2026-07-25 11:15:11 | INFO     | jewelry_detector.image_processor | Panel refined: [668, 443, 1022, 737]
2026-07-25 11:15:11 | INFO     | jewelry_detector.image_processor | Panel refined (OpenCV): [668, 443, 1022, 737]
2026-07-25 11:15:11 | INFO     | jewelry_detector.image_processor | Clean panel crop: raw_size=354x294 trim_left=21 trim_top=52 trim_right=0 trim_bottom=0 content_retained=100.0% success=True
2026-07-25 11:15:11 | INFO     | jewelry_detector.image_processor | Trimmed Object (ảnh gốc): [796, 558, 933, 737] | AI bbox gốc: [695,495,995,708]
2026-07-25 11:15:11 | INFO     | jewelry_detector.image_processor | Object refined (OpenCV Trim): [796, 558, 933, 737]
2026-07-25 11:15:11 | INFO     | jewelry_detector.image_processor | Đã lưu ảnh kết quả: 888802_right_result.jpg
2026-07-25 11:15:11 | INFO     | jewelry_detector.image_processor | Tổng thời gian xử lý: 0.01s
2026-07-25 11:15:11 | INFO     | jewelry_detector.image_processor | Kích thước ảnh: 1363 x 908 px
2026-07-25 11:15:12 | INFO     | jewelry_detector.image_processor | Panel pixel (AI): [1009, 454, 1336, 726]
2026-07-25 11:15:12 | INFO     | jewelry_detector.image_processor | Object pixel (AI): [1022, 472, 1322, 708]
2026-07-25 11:15:12 | INFO     | jewelry_detector.image_processor | Center pixel: [1172, 590]
2026-07-25 11:15:12 | INFO     | jewelry_detector.image_processor | OpenCV panel refine IoU = 0.859
2026-07-25 11:15:12 | INFO     | jewelry_detector.image_processor | Panel refined: [996, 443, 1349, 737]
2026-07-25 11:15:12 | INFO     | jewelry_detector.image_processor | Panel refined (OpenCV): [996, 443, 1349, 737]
2026-07-25 11:15:12 | INFO     | jewelry_detector.image_processor | Clean panel crop: raw_size=353x294 trim_left=31 trim_top=52 trim_right=0 trim_bottom=0 content_retained=100.0% success=True
2026-07-25 11:15:12 | INFO     | jewelry_detector.image_processor | Trimmed Object (ảnh gốc): [1067, 678, 1298, 737] | AI bbox gốc: [1027,495,1322,708]
2026-07-25 11:15:12 | INFO     | jewelry_detector.image_processor | Object refined (OpenCV Trim): [1067, 678, 1298, 737]
2026-07-25 11:15:12 | INFO     | jewelry_detector.image_processor | Đã lưu ảnh kết quả: 888802_bottom_result.jpg
2026-07-25 11:15:12 | INFO     | jewelry_detector.image_processor | Tổng thời gian xử lý: 0.01s
2026-07-25 11:15:12 | INFO     | jewelry_detector.image_processor | Kích thước ảnh: 1363 x 908 px
2026-07-25 11:15:12 | INFO     | jewelry_detector.image_processor | Panel pixel (AI): [0, 454, 354, 726]
2026-07-25 11:15:12 | INFO     | jewelry_detector.image_processor | Object pixel (AI): [27, 472, 327, 708]
2026-07-25 11:15:12 | INFO     | jewelry_detector.image_processor | Center pixel: [177, 590]
2026-07-25 11:15:12 | INFO     | jewelry_detector.image_processor | OpenCV panel refine IoU = 0.890
2026-07-25 11:15:12 | INFO     | jewelry_detector.image_processor | Panel refined: [0, 443, 369, 737]
2026-07-25 11:15:12 | INFO     | jewelry_detector.image_processor | Panel refined (OpenCV): [0, 443, 369, 737]
2026-07-25 11:15:12 | INFO     | jewelry_detector.image_processor | Clean panel crop: raw_size=369x294 trim_left=5 trim_top=41 trim_right=22 trim_bottom=0 content_retained=90.8% success=True
2026-07-25 11:15:12 | INFO     | jewelry_detector.image_processor | Trimmed Object (ảnh gốc): [30, 484, 322, 737] | AI bbox gốc: [27,484,327,708]
2026-07-25 11:15:12 | INFO     | jewelry_detector.image_processor | Object refined (OpenCV Trim): [30, 484, 322, 737]
2026-07-25 11:15:12 | INFO     | jewelry_detector.image_processor | Đã lưu ảnh kết quả: 888802_perspective_result.jpg
2026-07-25 11:15:12 | INFO     | jewelry_detector.image_processor | Tổng thời gian xử lý: 0.01s
2026-07-25 11:16:37 | INFO     | jewelry_detector.image_processor | Kích thước ảnh: 1363 x 908 px
2026-07-25 11:16:37 | INFO     | jewelry_detector.image_processor | Panel pixel (AI): [365, 79, 682, 466]
2026-07-25 11:16:37 | INFO     | jewelry_detector.image_processor | Object pixel (AI): [382, 91, 654, 445]
2026-07-25 11:16:37 | INFO     | jewelry_detector.image_processor | Center pixel: [518, 268]
2026-07-25 11:16:37 | INFO     | jewelry_detector.image_processor | OpenCV panel refine IoU = 0.860
2026-07-25 11:16:37 | INFO     | jewelry_detector.image_processor | Panel refined: [353, 64, 694, 481]
2026-07-25 11:16:37 | INFO     | jewelry_detector.image_processor | Panel refined (OpenCV): [353, 64, 694, 481]
2026-07-25 11:16:37 | INFO     | jewelry_detector.image_processor | Clean panel crop: raw_size=341x417 trim_left=0 trim_top=17 trim_right=9 trim_bottom=0 content_retained=100.0% success=True
2026-07-25 11:16:37 | INFO     | jewelry_detector.image_processor | Trimmed Object (ảnh gốc): [360, 186, 680, 421] | AI bbox gốc: [382,91,654,445]
2026-07-25 11:16:37 | INFO     | jewelry_detector.image_processor | Object refined (OpenCV Trim): [360, 186, 680, 421]
2026-07-25 11:16:37 | INFO     | jewelry_detector.image_processor | Đã lưu ảnh kết quả: 888802_front_result.jpg
2026-07-25 11:16:37 | INFO     | jewelry_detector.image_processor | Tổng thời gian xử lý: 0.03s
2026-07-25 11:16:37 | INFO     | jewelry_detector.image_processor | Kích thước ảnh: 1363 x 908 px
2026-07-25 11:16:37 | INFO     | jewelry_detector.image_processor | Panel pixel (AI): [682, 79, 998, 466]
2026-07-25 11:16:37 | INFO     | jewelry_detector.image_processor | Object pixel (AI): [695, 91, 981, 445]
2026-07-25 11:16:37 | INFO     | jewelry_detector.image_processor | Center pixel: [838, 268]
2026-07-25 11:16:37 | INFO     | jewelry_detector.image_processor | OpenCV panel refine IoU = 0.860
2026-07-25 11:16:37 | INFO     | jewelry_detector.image_processor | Panel refined: [669, 64, 1010, 481]
2026-07-25 11:16:37 | INFO     | jewelry_detector.image_processor | Panel refined (OpenCV): [669, 64, 1010, 481]
2026-07-25 11:16:37 | INFO     | jewelry_detector.image_processor | Clean panel crop: raw_size=341x417 trim_left=20 trim_top=17 trim_right=0 trim_bottom=0 content_retained=99.8% success=True
2026-07-25 11:16:37 | INFO     | jewelry_detector.image_processor | Trimmed Object (ảnh gốc): [762, 178, 912, 409] | AI bbox gốc: [695,91,981,445]
2026-07-25 11:16:37 | INFO     | jewelry_detector.image_processor | Object refined (OpenCV Trim): [762, 178, 912, 409]
2026-07-25 11:16:37 | INFO     | jewelry_detector.image_processor | Đã lưu ảnh kết quả: 888802_left_result.jpg
2026-07-25 11:16:37 | INFO     | jewelry_detector.image_processor | Tổng thời gian xử lý: 0.01s
2026-07-25 11:16:37 | INFO     | jewelry_detector.image_processor | Kích thước ảnh: 1363 x 908 px
2026-07-25 11:16:37 | INFO     | jewelry_detector.image_processor | Panel pixel (AI): [998, 79, 1314, 466]
2026-07-25 11:16:37 | INFO     | jewelry_detector.image_processor | Object pixel (AI): [1009, 91, 1295, 445]
2026-07-25 11:16:37 | INFO     | jewelry_detector.image_processor | Center pixel: [1152, 268]
2026-07-25 11:16:37 | INFO     | jewelry_detector.image_processor | OpenCV panel refine IoU = 0.858
2026-07-25 11:16:37 | INFO     | jewelry_detector.image_processor | Panel refined: [985, 64, 1327, 481]
2026-07-25 11:16:37 | INFO     | jewelry_detector.image_processor | Panel refined (OpenCV): [985, 64, 1327, 481]
2026-07-25 11:16:37 | INFO     | jewelry_detector.image_processor | Clean panel crop: raw_size=342x417 trim_left=42 trim_top=17 trim_right=0 trim_bottom=0 content_retained=100.0% success=True
2026-07-25 11:16:37 | INFO     | jewelry_detector.image_processor | Trimmed Object (ảnh gốc): [1054, 249, 1285, 377] | AI bbox gốc: [1027,91,1295,445]
2026-07-25 11:16:37 | INFO     | jewelry_detector.image_processor | Object refined (OpenCV Trim): [1054, 249, 1285, 377]
2026-07-25 11:16:37 | INFO     | jewelry_detector.image_processor | Đã lưu ảnh kết quả: 888802_top_result.jpg
2026-07-25 11:16:37 | INFO     | jewelry_detector.image_processor | Tổng thời gian xử lý: 0.01s
2026-07-25 11:16:37 | INFO     | jewelry_detector.image_processor | Kích thước ảnh: 1363 x 908 px
2026-07-25 11:16:37 | INFO     | jewelry_detector.image_processor | Panel pixel (AI): [365, 466, 682, 854]
2026-07-25 11:16:37 | INFO     | jewelry_detector.image_processor | Object pixel (AI): [382, 477, 654, 835]
2026-07-25 11:16:37 | INFO     | jewelry_detector.image_processor | Center pixel: [518, 656]
2026-07-25 11:16:37 | INFO     | jewelry_detector.image_processor | OpenCV panel refine IoU = 0.858
2026-07-25 11:16:37 | INFO     | jewelry_detector.image_processor | Panel refined: [353, 450, 694, 869]
2026-07-25 11:16:37 | INFO     | jewelry_detector.image_processor | Panel refined (OpenCV): [353, 450, 694, 869]
2026-07-25 11:16:37 | INFO     | jewelry_detector.image_processor | Clean panel crop: raw_size=341x419 trim_left=0 trim_top=45 trim_right=9 trim_bottom=0 content_retained=100.0% success=True
2026-07-25 11:16:37 | INFO     | jewelry_detector.image_processor | Trimmed Object (ảnh gốc): [369, 552, 672, 787] | AI bbox gốc: [382,495,654,835]
2026-07-25 11:16:37 | INFO     | jewelry_detector.image_processor | Object refined (OpenCV Trim): [369, 552, 672, 787]
2026-07-25 11:16:37 | INFO     | jewelry_detector.image_processor | Đã lưu ảnh kết quả: 888802_back_result.jpg
2026-07-25 11:16:37 | INFO     | jewelry_detector.image_processor | Tổng thời gian xử lý: 0.01s
2026-07-25 11:16:37 | INFO     | jewelry_detector.image_processor | Kích thước ảnh: 1363 x 908 px
2026-07-25 11:16:37 | INFO     | jewelry_detector.image_processor | Panel pixel (AI): [682, 466, 998, 854]
2026-07-25 11:16:37 | INFO     | jewelry_detector.image_processor | Object pixel (AI): [695, 477, 981, 835]
2026-07-25 11:16:37 | INFO     | jewelry_detector.image_processor | Center pixel: [838, 656]
2026-07-25 11:16:37 | INFO     | jewelry_detector.image_processor | OpenCV panel refine IoU = 0.858
2026-07-25 11:16:37 | INFO     | jewelry_detector.image_processor | Panel refined: [669, 450, 1010, 869]
2026-07-25 11:16:37 | INFO     | jewelry_detector.image_processor | Panel refined (OpenCV): [669, 450, 1010, 869]
2026-07-25 11:16:37 | INFO     | jewelry_detector.image_processor | Clean panel crop: raw_size=341x419 trim_left=20 trim_top=45 trim_right=0 trim_bottom=0 content_retained=100.0% success=True
2026-07-25 11:16:37 | INFO     | jewelry_detector.image_processor | Trimmed Object (ảnh gốc): [796, 558, 933, 791] | AI bbox gốc: [695,495,981,835]
2026-07-25 11:16:37 | INFO     | jewelry_detector.image_processor | Object refined (OpenCV Trim): [796, 558, 933, 791]
2026-07-25 11:16:37 | INFO     | jewelry_detector.image_processor | Đã lưu ảnh kết quả: 888802_right_result.jpg
2026-07-25 11:16:37 | INFO     | jewelry_detector.image_processor | Tổng thời gian xử lý: 0.01s
2026-07-25 11:16:37 | INFO     | jewelry_detector.image_processor | Kích thước ảnh: 1363 x 908 px
2026-07-25 11:16:37 | INFO     | jewelry_detector.image_processor | Panel pixel (AI): [998, 466, 1314, 854]
2026-07-25 11:16:37 | INFO     | jewelry_detector.image_processor | Object pixel (AI): [1009, 477, 1295, 835]
2026-07-25 11:16:37 | INFO     | jewelry_detector.image_processor | Center pixel: [1152, 656]
2026-07-25 11:16:37 | INFO     | jewelry_detector.image_processor | OpenCV panel refine IoU = 0.856
2026-07-25 11:16:37 | INFO     | jewelry_detector.image_processor | Panel refined: [985, 450, 1327, 869]
2026-07-25 11:16:37 | INFO     | jewelry_detector.image_processor | Panel refined (OpenCV): [985, 450, 1327, 869]
2026-07-25 11:16:37 | INFO     | jewelry_detector.image_processor | Clean panel crop: raw_size=342x419 trim_left=42 trim_top=45 trim_right=0 trim_bottom=0 content_retained=100.0% success=True
2026-07-25 11:16:37 | INFO     | jewelry_detector.image_processor | Trimmed Object (ảnh gốc): [1067, 678, 1298, 790] | AI bbox gốc: [1027,495,1295,835]
2026-07-25 11:16:37 | INFO     | jewelry_detector.image_processor | Object refined (OpenCV Trim): [1067, 678, 1298, 790]
2026-07-25 11:16:37 | INFO     | jewelry_detector.image_processor | Đã lưu ảnh kết quả: 888802_bottom_result.jpg
2026-07-25 11:16:37 | INFO     | jewelry_detector.image_processor | Tổng thời gian xử lý: 0.01s
2026-07-25 11:16:37 | INFO     | jewelry_detector.image_processor | Kích thước ảnh: 1363 x 908 px
2026-07-25 11:16:37 | INFO     | jewelry_detector.image_processor | Panel pixel (AI): [0, 466, 365, 854]
2026-07-25 11:16:37 | INFO     | jewelry_detector.image_processor | Object pixel (AI): [27, 481, 327, 826]
2026-07-25 11:16:37 | INFO     | jewelry_detector.image_processor | Center pixel: [177, 654]
2026-07-25 11:16:37 | INFO     | jewelry_detector.image_processor | OpenCV panel refine IoU = 0.890
2026-07-25 11:16:37 | INFO     | jewelry_detector.image_processor | Panel refined: [0, 450, 380, 869]
2026-07-25 11:16:37 | INFO     | jewelry_detector.image_processor | Panel refined (OpenCV): [0, 450, 380, 869]
2026-07-25 11:16:37 | INFO     | jewelry_detector.image_processor | Clean panel crop: raw_size=380x419 trim_left=5 trim_top=34 trim_right=33 trim_bottom=0 content_retained=92.4% success=True
2026-07-25 11:16:37 | INFO     | jewelry_detector.image_processor | Trimmed Object (ảnh gốc): [30, 517, 322, 772] | AI bbox gốc: [27,484,327,826]
2026-07-25 11:16:37 | INFO     | jewelry_detector.image_processor | Object refined (OpenCV Trim): [30, 517, 322, 772]
2026-07-25 11:16:37 | INFO     | jewelry_detector.image_processor | Đã lưu ảnh kết quả: 888802_perspective_result.jpg
2026-07-25 11:16:37 | INFO     | jewelry_detector.image_processor | Tổng thời gian xử lý: 0.01s
2026-07-25 11:19:44 | INFO     | jewelry_detector.image_processor | Kích thước ảnh: 1363 x 908 px
2026-07-25 11:19:44 | INFO     | jewelry_detector.image_processor | Panel pixel (AI): [354, 73, 682, 454]
2026-07-25 11:19:44 | INFO     | jewelry_detector.image_processor | Object pixel (AI): [382, 109, 627, 409]
2026-07-25 11:19:44 | INFO     | jewelry_detector.image_processor | Center pixel: [504, 259]
2026-07-25 11:19:44 | INFO     | jewelry_detector.image_processor | OpenCV panel refine IoU = 0.880
2026-07-25 11:19:44 | INFO     | jewelry_detector.image_processor | Panel refined: [341, 77, 695, 469]
2026-07-25 11:19:44 | INFO     | jewelry_detector.image_processor | Panel refined (OpenCV): [341, 77, 695, 469]
2026-07-25 11:19:44 | INFO     | jewelry_detector.image_processor | Clean panel crop: raw_size=354x392 trim_left=11 trim_top=4 trim_right=10 trim_bottom=0 content_retained=99.2% success=True
2026-07-25 11:19:44 | INFO     | jewelry_detector.image_processor | Trimmed Object (ảnh gốc): [360, 186, 680, 421] | AI bbox gốc: [382,109,627,409]
2026-07-25 11:19:44 | INFO     | jewelry_detector.image_processor | Object refined (OpenCV Trim): [360, 186, 680, 421]
2026-07-25 11:19:44 | INFO     | jewelry_detector.image_processor | Đã lưu ảnh kết quả: 888802_front_result.jpg
2026-07-25 11:19:44 | INFO     | jewelry_detector.image_processor | Tổng thời gian xử lý: 0.05s
2026-07-25 11:19:45 | INFO     | jewelry_detector.image_processor | Kích thước ảnh: 1363 x 908 px
2026-07-25 11:19:45 | INFO     | jewelry_detector.image_processor | Panel pixel (AI): [682, 73, 1009, 454]
2026-07-25 11:19:45 | INFO     | jewelry_detector.image_processor | Object pixel (AI): [736, 136, 927, 409]
2026-07-25 11:19:45 | INFO     | jewelry_detector.image_processor | Center pixel: [831, 272]
2026-07-25 11:19:45 | INFO     | jewelry_detector.image_processor | OpenCV panel refine IoU = 0.880
2026-07-25 11:19:45 | INFO     | jewelry_detector.image_processor | Panel refined: [668, 77, 1022, 469]
2026-07-25 11:19:45 | INFO     | jewelry_detector.image_processor | Panel refined (OpenCV): [668, 77, 1022, 469]
2026-07-25 11:19:45 | INFO     | jewelry_detector.image_processor | Clean panel crop: raw_size=354x392 trim_left=21 trim_top=4 trim_right=0 trim_bottom=0 content_retained=99.7% success=True
2026-07-25 11:19:45 | INFO     | jewelry_detector.image_processor | Trimmed Object (ảnh gốc): [762, 178, 912, 409] | AI bbox gốc: [736,136,927,409]
2026-07-25 11:19:45 | INFO     | jewelry_detector.image_processor | Object refined (OpenCV Trim): [762, 178, 912, 409]
2026-07-25 11:19:45 | INFO     | jewelry_detector.image_processor | Đã lưu ảnh kết quả: 888802_left_result.jpg
2026-07-25 11:19:45 | INFO     | jewelry_detector.image_processor | Tổng thời gian xử lý: 0.01s
2026-07-25 11:19:45 | INFO     | jewelry_detector.image_processor | Kích thước ảnh: 1363 x 908 px
2026-07-25 11:19:45 | INFO     | jewelry_detector.image_processor | Panel pixel (AI): [1009, 73, 1336, 454]
2026-07-25 11:19:45 | INFO     | jewelry_detector.image_processor | Object pixel (AI): [1063, 136, 1281, 409]
2026-07-25 11:19:45 | INFO     | jewelry_detector.image_processor | Center pixel: [1172, 272]
2026-07-25 11:19:45 | INFO     | jewelry_detector.image_processor | OpenCV panel refine IoU = 0.882
2026-07-25 11:19:45 | INFO     | jewelry_detector.image_processor | Panel refined: [996, 77, 1349, 469]
2026-07-25 11:19:45 | INFO     | jewelry_detector.image_processor | Panel refined (OpenCV): [996, 77, 1349, 469]
2026-07-25 11:19:45 | INFO     | jewelry_detector.image_processor | Clean panel crop: raw_size=353x392 trim_left=31 trim_top=4 trim_right=0 trim_bottom=0 content_retained=100.0% success=True
2026-07-25 11:19:45 | INFO     | jewelry_detector.image_processor | Trimmed Object (ảnh gốc): [1054, 249, 1285, 377] | AI bbox gốc: [1063,136,1281,409]
2026-07-25 11:19:45 | INFO     | jewelry_detector.image_processor | Object refined (OpenCV Trim): [1054, 249, 1285, 377]
2026-07-25 11:19:45 | INFO     | jewelry_detector.image_processor | Đã lưu ảnh kết quả: 888802_top_result.jpg
2026-07-25 11:19:45 | INFO     | jewelry_detector.image_processor | Tổng thời gian xử lý: 0.01s
2026-07-25 11:19:45 | INFO     | jewelry_detector.image_processor | Kích thước ảnh: 1363 x 908 px
2026-07-25 11:19:45 | INFO     | jewelry_detector.image_processor | Panel pixel (AI): [354, 454, 682, 726]
2026-07-25 11:19:45 | INFO     | jewelry_detector.image_processor | Object pixel (AI): [382, 499, 627, 681]
2026-07-25 11:19:45 | INFO     | jewelry_detector.image_processor | Center pixel: [504, 590]
2026-07-25 11:19:45 | INFO     | jewelry_detector.image_processor | OpenCV panel refine IoU = 0.856
2026-07-25 11:19:45 | INFO     | jewelry_detector.image_processor | Panel refined: [341, 443, 695, 737]
2026-07-25 11:19:45 | INFO     | jewelry_detector.image_processor | Panel refined (OpenCV): [341, 443, 695, 737]
2026-07-25 11:19:45 | INFO     | jewelry_detector.image_processor | Clean panel crop: raw_size=354x294 trim_left=11 trim_top=52 trim_right=10 trim_bottom=0 content_retained=99.7% success=True
2026-07-25 11:19:45 | INFO     | jewelry_detector.image_processor | Trimmed Object (ảnh gốc): [369, 552, 667, 737] | AI bbox gốc: [382,499,627,681]
2026-07-25 11:19:45 | INFO     | jewelry_detector.image_processor | Object refined (OpenCV Trim): [369, 552, 667, 737]
2026-07-25 11:19:45 | INFO     | jewelry_detector.image_processor | Đã lưu ảnh kết quả: 888802_back_result.jpg
2026-07-25 11:19:45 | INFO     | jewelry_detector.image_processor | Tổng thời gian xử lý: 0.01s
2026-07-25 11:19:45 | INFO     | jewelry_detector.image_processor | Kích thước ảnh: 1363 x 908 px
2026-07-25 11:19:45 | INFO     | jewelry_detector.image_processor | Panel pixel (AI): [682, 454, 1009, 726]
2026-07-25 11:19:45 | INFO     | jewelry_detector.image_processor | Object pixel (AI): [736, 499, 927, 681]
2026-07-25 11:19:45 | INFO     | jewelry_detector.image_processor | Center pixel: [831, 590]
2026-07-25 11:19:45 | INFO     | jewelry_detector.image_processor | OpenCV panel refine IoU = 0.856
2026-07-25 11:19:45 | INFO     | jewelry_detector.image_processor | Panel refined: [668, 443, 1022, 737]
2026-07-25 11:19:45 | INFO     | jewelry_detector.image_processor | Panel refined (OpenCV): [668, 443, 1022, 737]
2026-07-25 11:19:45 | INFO     | jewelry_detector.image_processor | Clean panel crop: raw_size=354x294 trim_left=21 trim_top=52 trim_right=0 trim_bottom=0 content_retained=100.0% success=True
2026-07-25 11:19:45 | INFO     | jewelry_detector.image_processor | Trimmed Object (ảnh gốc): [796, 558, 933, 737] | AI bbox gốc: [736,499,927,681]
2026-07-25 11:19:45 | INFO     | jewelry_detector.image_processor | Object refined (OpenCV Trim): [796, 558, 933, 737]
2026-07-25 11:19:45 | INFO     | jewelry_detector.image_processor | Đã lưu ảnh kết quả: 888802_right_result.jpg
2026-07-25 11:19:45 | INFO     | jewelry_detector.image_processor | Tổng thời gian xử lý: 0.01s
2026-07-25 11:19:45 | INFO     | jewelry_detector.image_processor | Kích thước ảnh: 1363 x 908 px
2026-07-25 11:19:45 | INFO     | jewelry_detector.image_processor | Panel pixel (AI): [1009, 454, 1336, 726]
2026-07-25 11:19:45 | INFO     | jewelry_detector.image_processor | Object pixel (AI): [1063, 499, 1281, 681]
2026-07-25 11:19:45 | INFO     | jewelry_detector.image_processor | Center pixel: [1172, 590]
2026-07-25 11:19:45 | INFO     | jewelry_detector.image_processor | OpenCV panel refine IoU = 0.859
2026-07-25 11:19:45 | INFO     | jewelry_detector.image_processor | Panel refined: [996, 443, 1349, 737]
2026-07-25 11:19:45 | INFO     | jewelry_detector.image_processor | Panel refined (OpenCV): [996, 443, 1349, 737]
2026-07-25 11:19:45 | INFO     | jewelry_detector.image_processor | Clean panel crop: raw_size=353x294 trim_left=31 trim_top=52 trim_right=0 trim_bottom=0 content_retained=100.0% success=True
2026-07-25 11:19:45 | INFO     | jewelry_detector.image_processor | Trimmed Object (ảnh gốc): [1067, 678, 1298, 737] | AI bbox gốc: [1063,499,1281,681]
2026-07-25 11:19:45 | INFO     | jewelry_detector.image_processor | Object refined (OpenCV Trim): [1067, 678, 1298, 737]
2026-07-25 11:19:45 | INFO     | jewelry_detector.image_processor | Đã lưu ảnh kết quả: 888802_bottom_result.jpg
2026-07-25 11:19:45 | INFO     | jewelry_detector.image_processor | Tổng thời gian xử lý: 0.01s
2026-07-25 11:19:45 | INFO     | jewelry_detector.image_processor | Kích thước ảnh: 1363 x 908 px
2026-07-25 11:19:45 | INFO     | jewelry_detector.image_processor | Panel pixel (AI): [0, 454, 354, 726]
2026-07-25 11:19:45 | INFO     | jewelry_detector.image_processor | Object pixel (AI): [55, 499, 245, 681]
2026-07-25 11:19:45 | INFO     | jewelry_detector.image_processor | Center pixel: [150, 590]
2026-07-25 11:19:45 | INFO     | jewelry_detector.image_processor | OpenCV panel refine IoU = 0.890
2026-07-25 11:19:45 | INFO     | jewelry_detector.image_processor | Panel refined: [0, 443, 369, 737]
2026-07-25 11:19:45 | INFO     | jewelry_detector.image_processor | Panel refined (OpenCV): [0, 443, 369, 737]
2026-07-25 11:19:45 | INFO     | jewelry_detector.image_processor | Clean panel crop: raw_size=369x294 trim_left=5 trim_top=41 trim_right=22 trim_bottom=0 content_retained=90.8% success=True
2026-07-25 11:19:45 | INFO     | jewelry_detector.image_processor | Trimmed Object (ảnh gốc): [30, 517, 322, 737] | AI bbox gốc: [55,499,245,681]
2026-07-25 11:19:45 | INFO     | jewelry_detector.image_processor | Object refined (OpenCV Trim): [30, 517, 322, 737]
2026-07-25 11:19:45 | INFO     | jewelry_detector.image_processor | Đã lưu ảnh kết quả: 888802_perspective_result.jpg
2026-07-25 11:19:45 | INFO     | jewelry_detector.image_processor | Tổng thời gian xử lý: 0.01s
2026-07-25 11:22:59 | INFO     | jewelry_detector.image_processor | Kích thước ảnh: 1363 x 908 px
2026-07-25 11:22:59 | INFO     | jewelry_detector.image_processor | Panel pixel (AI): [354, 73, 682, 454]
2026-07-25 11:22:59 | INFO     | jewelry_detector.image_processor | Object pixel (AI): [382, 109, 654, 418]
2026-07-25 11:22:59 | INFO     | jewelry_detector.image_processor | Center pixel: [518, 263]
2026-07-25 11:22:59 | INFO     | jewelry_detector.image_processor | OpenCV panel refine IoU = 0.880
2026-07-25 11:22:59 | INFO     | jewelry_detector.image_processor | Panel refined: [341, 77, 695, 469]
2026-07-25 11:22:59 | INFO     | jewelry_detector.image_processor | Panel refined (OpenCV): [341, 77, 695, 469]
2026-07-25 11:22:59 | INFO     | jewelry_detector.image_processor | Clean panel crop: raw_size=354x392 trim_left=11 trim_top=4 trim_right=10 trim_bottom=0 content_retained=99.2% success=True
2026-07-25 11:22:59 | INFO     | jewelry_detector.image_processor | Trimmed Object (ảnh gốc): [360, 186, 680, 421] | AI bbox gốc: [382,109,654,418]
2026-07-25 11:22:59 | INFO     | jewelry_detector.image_processor | Object refined (OpenCV Trim): [360, 186, 680, 421]
2026-07-25 11:22:59 | INFO     | jewelry_detector.image_processor | Đã lưu ảnh kết quả: 888802_front_result.jpg
2026-07-25 11:22:59 | INFO     | jewelry_detector.image_processor | Tổng thời gian xử lý: 0.01s
2026-07-25 11:22:59 | INFO     | jewelry_detector.image_processor | Kích thước ảnh: 1363 x 908 px
2026-07-25 11:22:59 | INFO     | jewelry_detector.image_processor | Panel pixel (AI): [682, 73, 1009, 454]
2026-07-25 11:22:59 | INFO     | jewelry_detector.image_processor | Object pixel (AI): [736, 127, 954, 400]
2026-07-25 11:22:59 | INFO     | jewelry_detector.image_processor | Center pixel: [845, 263]
2026-07-25 11:22:59 | INFO     | jewelry_detector.image_processor | OpenCV panel refine IoU = 0.880
2026-07-25 11:22:59 | INFO     | jewelry_detector.image_processor | Panel refined: [668, 77, 1022, 469]
2026-07-25 11:22:59 | INFO     | jewelry_detector.image_processor | Panel refined (OpenCV): [668, 77, 1022, 469]
2026-07-25 11:22:59 | INFO     | jewelry_detector.image_processor | Clean panel crop: raw_size=354x392 trim_left=21 trim_top=4 trim_right=0 trim_bottom=0 content_retained=99.7% success=True
2026-07-25 11:22:59 | INFO     | jewelry_detector.image_processor | Trimmed Object (ảnh gốc): [762, 178, 912, 409] | AI bbox gốc: [736,127,954,400]
2026-07-25 11:22:59 | INFO     | jewelry_detector.image_processor | Object refined (OpenCV Trim): [762, 178, 912, 409]
2026-07-25 11:22:59 | INFO     | jewelry_detector.image_processor | Đã lưu ảnh kết quả: 888802_left_result.jpg
2026-07-25 11:22:59 | INFO     | jewelry_detector.image_processor | Tổng thời gian xử lý: 0.01s
2026-07-25 11:22:59 | INFO     | jewelry_detector.image_processor | Kích thước ảnh: 1363 x 908 px
2026-07-25 11:22:59 | INFO     | jewelry_detector.image_processor | Panel pixel (AI): [1009, 73, 1336, 454]
2026-07-25 11:22:59 | INFO     | jewelry_detector.image_processor | Object pixel (AI): [1063, 127, 1281, 400]
2026-07-25 11:22:59 | INFO     | jewelry_detector.image_processor | Center pixel: [1172, 263]
2026-07-25 11:22:59 | INFO     | jewelry_detector.image_processor | OpenCV panel refine IoU = 0.882
2026-07-25 11:22:59 | INFO     | jewelry_detector.image_processor | Panel refined: [996, 77, 1349, 469]
2026-07-25 11:22:59 | INFO     | jewelry_detector.image_processor | Panel refined (OpenCV): [996, 77, 1349, 469]
2026-07-25 11:22:59 | INFO     | jewelry_detector.image_processor | Clean panel crop: raw_size=353x392 trim_left=31 trim_top=4 trim_right=0 trim_bottom=0 content_retained=100.0% success=True
2026-07-25 11:22:59 | INFO     | jewelry_detector.image_processor | Trimmed Object (ảnh gốc): [1054, 249, 1285, 377] | AI bbox gốc: [1063,127,1281,400]
2026-07-25 11:22:59 | INFO     | jewelry_detector.image_processor | Object refined (OpenCV Trim): [1054, 249, 1285, 377]
2026-07-25 11:22:59 | INFO     | jewelry_detector.image_processor | Đã lưu ảnh kết quả: 888802_top_result.jpg
2026-07-25 11:22:59 | INFO     | jewelry_detector.image_processor | Tổng thời gian xử lý: 0.01s
2026-07-25 11:22:59 | INFO     | jewelry_detector.image_processor | Kích thước ảnh: 1363 x 908 px
2026-07-25 11:22:59 | INFO     | jewelry_detector.image_processor | Panel pixel (AI): [354, 454, 682, 726]
2026-07-25 11:22:59 | INFO     | jewelry_detector.image_processor | Object pixel (AI): [382, 490, 654, 690]
2026-07-25 11:22:59 | INFO     | jewelry_detector.image_processor | Center pixel: [518, 590]
2026-07-25 11:22:59 | INFO     | jewelry_detector.image_processor | OpenCV panel refine IoU = 0.856
2026-07-25 11:22:59 | INFO     | jewelry_detector.image_processor | Panel refined: [341, 443, 695, 737]
2026-07-25 11:22:59 | INFO     | jewelry_detector.image_processor | Panel refined (OpenCV): [341, 443, 695, 737]
2026-07-25 11:22:59 | INFO     | jewelry_detector.image_processor | Clean panel crop: raw_size=354x294 trim_left=11 trim_top=52 trim_right=10 trim_bottom=0 content_retained=99.7% success=True
2026-07-25 11:22:59 | INFO     | jewelry_detector.image_processor | Trimmed Object (ảnh gốc): [369, 552, 667, 737] | AI bbox gốc: [382,495,654,690]
2026-07-25 11:22:59 | INFO     | jewelry_detector.image_processor | Object refined (OpenCV Trim): [369, 552, 667, 737]
2026-07-25 11:22:59 | INFO     | jewelry_detector.image_processor | Đã lưu ảnh kết quả: 888802_back_result.jpg
2026-07-25 11:22:59 | INFO     | jewelry_detector.image_processor | Tổng thời gian xử lý: 0.01s
2026-07-25 11:22:59 | INFO     | jewelry_detector.image_processor | Kích thước ảnh: 1363 x 908 px
2026-07-25 11:22:59 | INFO     | jewelry_detector.image_processor | Panel pixel (AI): [682, 454, 1009, 726]
2026-07-25 11:22:59 | INFO     | jewelry_detector.image_processor | Object pixel (AI): [736, 490, 954, 690]
2026-07-25 11:22:59 | INFO     | jewelry_detector.image_processor | Center pixel: [845, 590]
2026-07-25 11:22:59 | INFO     | jewelry_detector.image_processor | OpenCV panel refine IoU = 0.856
2026-07-25 11:22:59 | INFO     | jewelry_detector.image_processor | Panel refined: [668, 443, 1022, 737]
2026-07-25 11:22:59 | INFO     | jewelry_detector.image_processor | Panel refined (OpenCV): [668, 443, 1022, 737]
2026-07-25 11:22:59 | INFO     | jewelry_detector.image_processor | Clean panel crop: raw_size=354x294 trim_left=21 trim_top=52 trim_right=0 trim_bottom=0 content_retained=100.0% success=True
2026-07-25 11:22:59 | INFO     | jewelry_detector.image_processor | Trimmed Object (ảnh gốc): [796, 558, 933, 737] | AI bbox gốc: [736,495,954,690]
2026-07-25 11:22:59 | INFO     | jewelry_detector.image_processor | Object refined (OpenCV Trim): [796, 558, 933, 737]
2026-07-25 11:22:59 | INFO     | jewelry_detector.image_processor | Đã lưu ảnh kết quả: 888802_right_result.jpg
2026-07-25 11:22:59 | INFO     | jewelry_detector.image_processor | Tổng thời gian xử lý: 0.01s
2026-07-25 11:22:59 | INFO     | jewelry_detector.image_processor | Kích thước ảnh: 1363 x 908 px
2026-07-25 11:22:59 | INFO     | jewelry_detector.image_processor | Panel pixel (AI): [1009, 454, 1336, 726]
2026-07-25 11:22:59 | INFO     | jewelry_detector.image_processor | Object pixel (AI): [1063, 490, 1281, 690]
2026-07-25 11:22:59 | INFO     | jewelry_detector.image_processor | Center pixel: [1172, 590]
2026-07-25 11:22:59 | INFO     | jewelry_detector.image_processor | OpenCV panel refine IoU = 0.859
2026-07-25 11:22:59 | INFO     | jewelry_detector.image_processor | Panel refined: [996, 443, 1349, 737]
2026-07-25 11:22:59 | INFO     | jewelry_detector.image_processor | Panel refined (OpenCV): [996, 443, 1349, 737]
2026-07-25 11:22:59 | INFO     | jewelry_detector.image_processor | Clean panel crop: raw_size=353x294 trim_left=31 trim_top=52 trim_right=0 trim_bottom=0 content_retained=100.0% success=True
2026-07-25 11:22:59 | INFO     | jewelry_detector.image_processor | Trimmed Object (ảnh gốc): [1067, 678, 1298, 737] | AI bbox gốc: [1063,495,1281,690]
2026-07-25 11:22:59 | INFO     | jewelry_detector.image_processor | Object refined (OpenCV Trim): [1067, 678, 1298, 737]
2026-07-25 11:22:59 | INFO     | jewelry_detector.image_processor | Đã lưu ảnh kết quả: 888802_bottom_result.jpg
2026-07-25 11:22:59 | INFO     | jewelry_detector.image_processor | Tổng thời gian xử lý: 0.01s
2026-07-25 11:22:59 | INFO     | jewelry_detector.image_processor | Kích thước ảnh: 1363 x 908 px
2026-07-25 11:22:59 | INFO     | jewelry_detector.image_processor | Panel pixel (AI): [0, 454, 354, 726]
2026-07-25 11:22:59 | INFO     | jewelry_detector.image_processor | Object pixel (AI): [55, 490, 300, 690]
2026-07-25 11:22:59 | INFO     | jewelry_detector.image_processor | Center pixel: [177, 590]
2026-07-25 11:22:59 | INFO     | jewelry_detector.image_processor | OpenCV panel refine IoU = 0.890
2026-07-25 11:22:59 | INFO     | jewelry_detector.image_processor | Panel refined: [0, 443, 369, 737]
2026-07-25 11:22:59 | INFO     | jewelry_detector.image_processor | Panel refined (OpenCV): [0, 443, 369, 737]
2026-07-25 11:22:59 | INFO     | jewelry_detector.image_processor | Clean panel crop: raw_size=369x294 trim_left=5 trim_top=41 trim_right=22 trim_bottom=0 content_retained=90.8% success=True
2026-07-25 11:22:59 | INFO     | jewelry_detector.image_processor | Trimmed Object (ảnh gốc): [30, 517, 322, 737] | AI bbox gốc: [55,490,300,690]
2026-07-25 11:22:59 | INFO     | jewelry_detector.image_processor | Object refined (OpenCV Trim): [30, 517, 322, 737]
2026-07-25 11:22:59 | INFO     | jewelry_detector.image_processor | Đã lưu ảnh kết quả: 888802_perspective_result.jpg
2026-07-25 11:22:59 | INFO     | jewelry_detector.image_processor | Tổng thời gian xử lý: 0.01s
2026-07-25 11:34:11 | INFO     | jewelry_detector.image_processor | Kích thước ảnh: 1363 x 908 px
2026-07-25 11:34:11 | INFO     | jewelry_detector.image_processor | Panel pixel (AI): [354, 73, 682, 454]
2026-07-25 11:34:11 | INFO     | jewelry_detector.image_processor | Object pixel (AI): [375, 91, 661, 431]
2026-07-25 11:34:11 | INFO     | jewelry_detector.image_processor | Center pixel: [518, 262]
2026-07-25 11:34:11 | INFO     | jewelry_detector.image_processor | OpenCV panel refine IoU = 0.880
2026-07-25 11:34:11 | INFO     | jewelry_detector.image_processor | Panel refined: [341, 77, 695, 469]
2026-07-25 11:34:11 | INFO     | jewelry_detector.image_processor | Panel refined (OpenCV): [341, 77, 695, 469]
2026-07-25 11:34:11 | INFO     | jewelry_detector.image_processor | Clean panel crop: raw_size=354x392 trim_left=11 trim_top=4 trim_right=10 trim_bottom=0 content_retained=99.2% success=True
2026-07-25 11:34:11 | INFO     | jewelry_detector.image_processor | Trimmed Object (ảnh gốc): [360, 186, 680, 421] | AI bbox gốc: [375,91,661,431]
2026-07-25 11:34:11 | INFO     | jewelry_detector.image_processor | Object refined (OpenCV Trim): [360, 186, 680, 421]
2026-07-25 11:34:11 | INFO     | jewelry_detector.image_processor | Đã lưu ảnh kết quả: 888802_front_result.jpg
2026-07-25 11:34:11 | INFO     | jewelry_detector.image_processor | Tổng thời gian xử lý: 0.09s
2026-07-25 11:34:11 | INFO     | jewelry_detector.image_processor | Kích thước ảnh: 1363 x 908 px
2026-07-25 11:34:11 | INFO     | jewelry_detector.image_processor | Panel pixel (AI): [682, 73, 1009, 454]
2026-07-25 11:34:11 | INFO     | jewelry_detector.image_processor | Object pixel (AI): [702, 91, 995, 431]
2026-07-25 11:34:11 | INFO     | jewelry_detector.image_processor | Center pixel: [849, 262]
2026-07-25 11:34:11 | INFO     | jewelry_detector.image_processor | OpenCV panel refine IoU = 0.880
2026-07-25 11:34:11 | INFO     | jewelry_detector.image_processor | Panel refined: [668, 77, 1022, 469]
2026-07-25 11:34:11 | INFO     | jewelry_detector.image_processor | Panel refined (OpenCV): [668, 77, 1022, 469]
2026-07-25 11:34:11 | INFO     | jewelry_detector.image_processor | Clean panel crop: raw_size=354x392 trim_left=21 trim_top=4 trim_right=0 trim_bottom=0 content_retained=99.7% success=True
2026-07-25 11:34:11 | INFO     | jewelry_detector.image_processor | Trimmed Object (ảnh gốc): [762, 178, 912, 409] | AI bbox gốc: [702,91,995,431]
2026-07-25 11:34:11 | INFO     | jewelry_detector.image_processor | Object refined (OpenCV Trim): [762, 178, 912, 409]
2026-07-25 11:34:11 | INFO     | jewelry_detector.image_processor | Đã lưu ảnh kết quả: 888802_left_result.jpg
2026-07-25 11:34:11 | INFO     | jewelry_detector.image_processor | Tổng thời gian xử lý: 0.01s
2026-07-25 11:34:11 | INFO     | jewelry_detector.image_processor | Kích thước ảnh: 1363 x 908 px
2026-07-25 11:34:11 | INFO     | jewelry_detector.image_processor | Panel pixel (AI): [1009, 73, 1336, 454]
2026-07-25 11:34:11 | INFO     | jewelry_detector.image_processor | Object pixel (AI): [1029, 91, 1322, 431]
2026-07-25 11:34:11 | INFO     | jewelry_detector.image_processor | Center pixel: [1176, 262]
2026-07-25 11:34:11 | INFO     | jewelry_detector.image_processor | OpenCV panel refine IoU = 0.882
2026-07-25 11:34:11 | INFO     | jewelry_detector.image_processor | Panel refined: [996, 77, 1349, 469]
2026-07-25 11:34:11 | INFO     | jewelry_detector.image_processor | Panel refined (OpenCV): [996, 77, 1349, 469]
2026-07-25 11:34:11 | INFO     | jewelry_detector.image_processor | Clean panel crop: raw_size=353x392 trim_left=31 trim_top=4 trim_right=0 trim_bottom=0 content_retained=100.0% success=True
2026-07-25 11:34:11 | INFO     | jewelry_detector.image_processor | Trimmed Object (ảnh gốc): [1054, 249, 1285, 377] | AI bbox gốc: [1029,91,1322,431]
2026-07-25 11:34:11 | INFO     | jewelry_detector.image_processor | Object refined (OpenCV Trim): [1054, 249, 1285, 377]
2026-07-25 11:34:11 | INFO     | jewelry_detector.image_processor | Đã lưu ảnh kết quả: 888802_top_result.jpg
2026-07-25 11:34:11 | INFO     | jewelry_detector.image_processor | Tổng thời gian xử lý: 0.01s
2026-07-25 11:34:11 | INFO     | jewelry_detector.image_processor | Kích thước ảnh: 1363 x 908 px
2026-07-25 11:34:11 | INFO     | jewelry_detector.image_processor | Panel pixel (AI): [354, 454, 682, 890]
2026-07-25 11:34:11 | INFO     | jewelry_detector.image_processor | Object pixel (AI): [375, 477, 661, 867]
2026-07-25 11:34:11 | INFO     | jewelry_detector.image_processor | Center pixel: [518, 672]
2026-07-25 11:34:11 | INFO     | jewelry_detector.image_processor | OpenCV panel refine IoU = 0.857
2026-07-25 11:34:11 | INFO     | jewelry_detector.image_processor | Panel refined: [341, 437, 695, 907]
2026-07-25 11:34:11 | INFO     | jewelry_detector.image_processor | Panel refined (OpenCV): [341, 437, 695, 907]
2026-07-25 11:34:11 | INFO     | jewelry_detector.image_processor | Clean panel crop: raw_size=354x470 trim_left=11 trim_top=58 trim_right=10 trim_bottom=2 content_retained=99.8% success=True
2026-07-25 11:34:11 | INFO     | jewelry_detector.image_processor | Trimmed Object (ảnh gốc): [369, 552, 672, 787] | AI bbox gốc: [375,495,661,867]
2026-07-25 11:34:11 | INFO     | jewelry_detector.image_processor | Object refined (OpenCV Trim): [369, 552, 672, 787]
2026-07-25 11:34:11 | INFO     | jewelry_detector.image_processor | Đã lưu ảnh kết quả: 888802_back_result.jpg
2026-07-25 11:34:11 | INFO     | jewelry_detector.image_processor | Tổng thời gian xử lý: 0.01s
2026-07-25 11:34:11 | INFO     | jewelry_detector.image_processor | Kích thước ảnh: 1363 x 908 px
2026-07-25 11:34:11 | INFO     | jewelry_detector.image_processor | Panel pixel (AI): [682, 454, 1009, 890]
2026-07-25 11:34:11 | INFO     | jewelry_detector.image_processor | Object pixel (AI): [702, 477, 995, 867]
2026-07-25 11:34:11 | INFO     | jewelry_detector.image_processor | Center pixel: [849, 672]
2026-07-25 11:34:11 | INFO     | jewelry_detector.image_processor | OpenCV panel refine IoU = 0.857
2026-07-25 11:34:11 | INFO     | jewelry_detector.image_processor | Panel refined: [668, 437, 1022, 907]
2026-07-25 11:34:11 | INFO     | jewelry_detector.image_processor | Panel refined (OpenCV): [668, 437, 1022, 907]
2026-07-25 11:34:11 | INFO     | jewelry_detector.image_processor | Clean panel crop: raw_size=354x470 trim_left=21 trim_top=58 trim_right=0 trim_bottom=2 content_retained=100.0% success=True
2026-07-25 11:34:11 | INFO     | jewelry_detector.image_processor | Trimmed Object (ảnh gốc): [796, 558, 933, 791] | AI bbox gốc: [702,495,995,867]
2026-07-25 11:34:11 | INFO     | jewelry_detector.image_processor | Object refined (OpenCV Trim): [796, 558, 933, 791]
2026-07-25 11:34:11 | INFO     | jewelry_detector.image_processor | Đã lưu ảnh kết quả: 888802_right_result.jpg
2026-07-25 11:34:11 | INFO     | jewelry_detector.image_processor | Tổng thời gian xử lý: 0.01s
2026-07-25 11:34:11 | INFO     | jewelry_detector.image_processor | Kích thước ảnh: 1363 x 908 px
2026-07-25 11:34:11 | INFO     | jewelry_detector.image_processor | Panel pixel (AI): [1009, 454, 1336, 890]
2026-07-25 11:34:11 | INFO     | jewelry_detector.image_processor | Object pixel (AI): [1029, 477, 1322, 867]
2026-07-25 11:34:11 | INFO     | jewelry_detector.image_processor | Center pixel: [1176, 672]
2026-07-25 11:34:11 | INFO     | jewelry_detector.image_processor | OpenCV panel refine IoU = 0.859
2026-07-25 11:34:11 | INFO     | jewelry_detector.image_processor | Panel refined: [996, 437, 1349, 907]
2026-07-25 11:34:11 | INFO     | jewelry_detector.image_processor | Panel refined (OpenCV): [996, 437, 1349, 907]
2026-07-25 11:34:11 | INFO     | jewelry_detector.image_processor | Clean panel crop: raw_size=353x470 trim_left=31 trim_top=58 trim_right=0 trim_bottom=2 content_retained=100.0% success=True
2026-07-25 11:34:11 | INFO     | jewelry_detector.image_processor | Trimmed Object (ảnh gốc): [1067, 678, 1298, 790] | AI bbox gốc: [1029,495,1322,867]
2026-07-25 11:34:11 | INFO     | jewelry_detector.image_processor | Object refined (OpenCV Trim): [1067, 678, 1298, 790]
2026-07-25 11:34:11 | INFO     | jewelry_detector.image_processor | Đã lưu ảnh kết quả: 888802_bottom_result.jpg
2026-07-25 11:34:11 | INFO     | jewelry_detector.image_processor | Tổng thời gian xử lý: 0.01s
2026-07-25 11:34:11 | INFO     | jewelry_detector.image_processor | Kích thước ảnh: 1363 x 908 px
2026-07-25 11:34:11 | INFO     | jewelry_detector.image_processor | Panel pixel (AI): [0, 454, 354, 890]
2026-07-25 11:34:11 | INFO     | jewelry_detector.image_processor | Object pixel (AI): [27, 499, 327, 817]
2026-07-25 11:34:11 | INFO     | jewelry_detector.image_processor | Center pixel: [177, 658]
2026-07-25 11:34:11 | INFO     | jewelry_detector.image_processor | OpenCV panel refine IoU = 0.891
2026-07-25 11:34:11 | INFO     | jewelry_detector.image_processor | Panel refined: [0, 437, 369, 907]
2026-07-25 11:34:11 | INFO     | jewelry_detector.image_processor | Panel refined (OpenCV): [0, 437, 369, 907]
2026-07-25 11:34:11 | INFO     | jewelry_detector.image_processor | Clean panel crop: raw_size=369x470 trim_left=5 trim_top=47 trim_right=22 trim_bottom=2 content_retained=92.7% success=True
2026-07-25 11:34:11 | INFO     | jewelry_detector.image_processor | Trimmed Object (ảnh gốc): [30, 517, 322, 772] | AI bbox gốc: [27,499,327,817]
2026-07-25 11:34:11 | INFO     | jewelry_detector.image_processor | Object refined (OpenCV Trim): [30, 517, 322, 772]
2026-07-25 11:34:11 | INFO     | jewelry_detector.image_processor | Đã lưu ảnh kết quả: 888802_perspective_result.jpg
2026-07-25 11:34:11 | INFO     | jewelry_detector.image_processor | Tổng thời gian xử lý: 0.02s
2026-07-25 11:38:53 | INFO     | jewelry_detector.image_processor | Kích thước ảnh: 1363 x 908 px
2026-07-25 11:38:53 | INFO     | jewelry_detector.image_processor | Panel pixel (AI): [0, 454, 354, 863]
2026-07-25 11:38:53 | INFO     | jewelry_detector.image_processor | Object pixel (AI): [55, 490, 300, 817]
2026-07-25 11:38:53 | INFO     | jewelry_detector.image_processor | Center pixel: [177, 636]
2026-07-25 11:38:53 | INFO     | jewelry_detector.image_processor | OpenCV panel refine IoU = 0.890
2026-07-25 11:38:53 | INFO     | jewelry_detector.image_processor | Panel refined: [0, 438, 369, 879]
2026-07-25 11:38:53 | INFO     | jewelry_detector.image_processor | Panel refined (OpenCV): [0, 438, 369, 879]
2026-07-25 11:38:53 | INFO     | jewelry_detector.image_processor | Clean panel crop: raw_size=369x441 trim_left=5 trim_top=46 trim_right=22 trim_bottom=0 content_retained=92.3% success=True
2026-07-25 11:38:53 | INFO     | jewelry_detector.image_processor | Trimmed Object (ảnh gốc): [30, 517, 322, 772] | AI bbox gốc: [55,490,300,817]
2026-07-25 11:38:53 | INFO     | jewelry_detector.image_processor | Object refined (OpenCV Trim): [30, 517, 322, 772]
2026-07-25 11:38:53 | INFO     | jewelry_detector.image_processor | Đã lưu ảnh kết quả: 888802_perspective_result.jpg
2026-07-25 11:38:53 | INFO     | jewelry_detector.image_processor | Tổng thời gian xử lý: 0.05s
2026-07-25 11:39:12 | INFO     | jewelry_detector.image_processor | Kích thước ảnh: 1363 x 908 px
2026-07-25 11:39:12 | INFO     | jewelry_detector.image_processor | Panel pixel (AI): [0, 454, 354, 863]
2026-07-25 11:39:12 | INFO     | jewelry_detector.image_processor | Object pixel (AI): [55, 490, 300, 817]
2026-07-25 11:39:12 | INFO     | jewelry_detector.image_processor | Center pixel: [177, 636]
2026-07-25 11:39:12 | INFO     | jewelry_detector.image_processor | OpenCV panel refine IoU = 0.890
2026-07-25 11:39:12 | INFO     | jewelry_detector.image_processor | Panel refined: [0, 438, 369, 879]
2026-07-25 11:39:12 | INFO     | jewelry_detector.image_processor | Panel refined (OpenCV): [0, 438, 369, 879]
2026-07-25 11:39:12 | INFO     | jewelry_detector.image_processor | Clean panel crop: raw_size=369x441 trim_left=5 trim_top=46 trim_right=22 trim_bottom=0 content_retained=92.3% success=True
2026-07-25 11:39:12 | INFO     | jewelry_detector.image_processor | Trimmed Object (ảnh gốc): [30, 517, 322, 772] | AI bbox gốc: [55,490,300,817]
2026-07-25 11:39:12 | INFO     | jewelry_detector.image_processor | Object refined (OpenCV Trim): [30, 517, 322, 772]
2026-07-25 11:39:12 | INFO     | jewelry_detector.image_processor | Đã lưu ảnh kết quả: 888802_perspective_result.jpg
2026-07-25 11:39:12 | INFO     | jewelry_detector.image_processor | Tổng thời gian xử lý: 0.05s
2026-07-25 11:43:08 | INFO     | jewelry_detector.image_processor | Kích thước ảnh: 1363 x 908 px
2026-07-25 11:43:08 | INFO     | jewelry_detector.image_processor | Panel pixel (AI): [0, 499, 354, 908]
2026-07-25 11:43:08 | INFO     | jewelry_detector.image_processor | Object pixel (AI): [27, 518, 327, 872]
2026-07-25 11:43:08 | INFO     | jewelry_detector.image_processor | Center pixel: [177, 695]
2026-07-25 11:43:08 | INFO     | jewelry_detector.image_processor | Object refined (OpenCV Trim): [97, 585, 248, 766]
2026-07-25 11:43:08 | INFO     | jewelry_detector.image_processor | Đã lưu ảnh kết quả: 888802_perspective_result.jpg
2026-07-25 11:43:08 | INFO     | jewelry_detector.image_processor | Tổng thời gian xử lý: 0.04s
2026-07-25 11:43:51 | INFO     | jewelry_detector.image_processor | Kích thước ảnh: 1363 x 908 px
2026-07-25 11:43:51 | INFO     | jewelry_detector.image_processor | Panel pixel (AI): [354, 73, 682, 454]
2026-07-25 11:43:51 | INFO     | jewelry_detector.image_processor | Object pixel (AI): [382, 91, 654, 418]
2026-07-25 11:43:51 | INFO     | jewelry_detector.image_processor | Center pixel: [518, 254]
2026-07-25 11:43:51 | INFO     | jewelry_detector.image_processor | OpenCV panel refine IoU = 0.880
2026-07-25 11:43:51 | INFO     | jewelry_detector.image_processor | Panel refined: [341, 77, 695, 469]
2026-07-25 11:43:51 | INFO     | jewelry_detector.image_processor | Panel refined (OpenCV): [341, 77, 695, 469]
2026-07-25 11:43:51 | INFO     | jewelry_detector.image_processor | Clean panel crop: raw_size=354x392 trim_left=11 trim_top=4 trim_right=10 trim_bottom=0 content_retained=99.2% success=True
2026-07-25 11:43:51 | INFO     | jewelry_detector.image_processor | Trimmed Object (ảnh gốc): [360, 186, 680, 421] | AI bbox gốc: [382,91,654,418]
2026-07-25 11:43:51 | INFO     | jewelry_detector.image_processor | Object refined (OpenCV Trim): [360, 186, 680, 421]
2026-07-25 11:43:51 | INFO     | jewelry_detector.image_processor | Đã lưu ảnh kết quả: 888802_front_result.jpg
2026-07-25 11:43:51 | INFO     | jewelry_detector.image_processor | Tổng thời gian xử lý: 0.05s
2026-07-25 11:43:51 | INFO     | jewelry_detector.image_processor | Kích thước ảnh: 1363 x 908 px
2026-07-25 11:43:51 | INFO     | jewelry_detector.image_processor | Panel pixel (AI): [682, 73, 1009, 454]
2026-07-25 11:43:51 | INFO     | jewelry_detector.image_processor | Object pixel (AI): [709, 91, 981, 418]
2026-07-25 11:43:51 | INFO     | jewelry_detector.image_processor | Center pixel: [845, 254]
2026-07-25 11:43:51 | INFO     | jewelry_detector.image_processor | OpenCV panel refine IoU = 0.880
2026-07-25 11:43:51 | INFO     | jewelry_detector.image_processor | Panel refined: [668, 77, 1022, 469]
2026-07-25 11:43:51 | INFO     | jewelry_detector.image_processor | Panel refined (OpenCV): [668, 77, 1022, 469]
2026-07-25 11:43:51 | INFO     | jewelry_detector.image_processor | Clean panel crop: raw_size=354x392 trim_left=21 trim_top=4 trim_right=0 trim_bottom=0 content_retained=99.7% success=True
2026-07-25 11:43:51 | INFO     | jewelry_detector.image_processor | Trimmed Object (ảnh gốc): [762, 178, 912, 409] | AI bbox gốc: [709,91,981,418]
2026-07-25 11:43:51 | INFO     | jewelry_detector.image_processor | Object refined (OpenCV Trim): [762, 178, 912, 409]
2026-07-25 11:43:51 | INFO     | jewelry_detector.image_processor | Đã lưu ảnh kết quả: 888802_left_result.jpg
2026-07-25 11:43:51 | INFO     | jewelry_detector.image_processor | Tổng thời gian xử lý: 0.01s
2026-07-25 11:43:51 | INFO     | jewelry_detector.image_processor | Kích thước ảnh: 1363 x 908 px
2026-07-25 11:43:51 | INFO     | jewelry_detector.image_processor | Panel pixel (AI): [1009, 73, 1336, 454]
2026-07-25 11:43:51 | INFO     | jewelry_detector.image_processor | Object pixel (AI): [1036, 91, 1308, 418]
2026-07-25 11:43:51 | INFO     | jewelry_detector.image_processor | Center pixel: [1172, 254]
2026-07-25 11:43:51 | INFO     | jewelry_detector.image_processor | OpenCV panel refine IoU = 0.882
2026-07-25 11:43:51 | INFO     | jewelry_detector.image_processor | Panel refined: [996, 77, 1349, 469]
2026-07-25 11:43:51 | INFO     | jewelry_detector.image_processor | Panel refined (OpenCV): [996, 77, 1349, 469]
2026-07-25 11:43:51 | INFO     | jewelry_detector.image_processor | Clean panel crop: raw_size=353x392 trim_left=31 trim_top=4 trim_right=0 trim_bottom=0 content_retained=100.0% success=True
2026-07-25 11:43:51 | INFO     | jewelry_detector.image_processor | Trimmed Object (ảnh gốc): [1054, 249, 1285, 377] | AI bbox gốc: [1036,91,1308,418]
2026-07-25 11:43:51 | INFO     | jewelry_detector.image_processor | Object refined (OpenCV Trim): [1054, 249, 1285, 377]
2026-07-25 11:43:51 | INFO     | jewelry_detector.image_processor | Đã lưu ảnh kết quả: 888802_top_result.jpg
2026-07-25 11:43:51 | INFO     | jewelry_detector.image_processor | Tổng thời gian xử lý: 0.01s
2026-07-25 11:43:51 | INFO     | jewelry_detector.image_processor | Kích thước ảnh: 1363 x 908 px
2026-07-25 11:43:51 | INFO     | jewelry_detector.image_processor | Panel pixel (AI): [354, 454, 682, 726]
2026-07-25 11:43:51 | INFO     | jewelry_detector.image_processor | Object pixel (AI): [382, 472, 654, 708]
2026-07-25 11:43:51 | INFO     | jewelry_detector.image_processor | Center pixel: [518, 590]
2026-07-25 11:43:51 | INFO     | jewelry_detector.image_processor | OpenCV panel refine IoU = 0.856
2026-07-25 11:43:51 | INFO     | jewelry_detector.image_processor | Panel refined: [341, 443, 695, 737]
2026-07-25 11:43:51 | INFO     | jewelry_detector.image_processor | Panel refined (OpenCV): [341, 443, 695, 737]
2026-07-25 11:43:51 | INFO     | jewelry_detector.image_processor | Clean panel crop: raw_size=354x294 trim_left=11 trim_top=52 trim_right=10 trim_bottom=0 content_retained=99.7% success=True
2026-07-25 11:43:51 | INFO     | jewelry_detector.image_processor | Trimmed Object (ảnh gốc): [369, 552, 667, 737] | AI bbox gốc: [382,495,654,708]
2026-07-25 11:43:51 | INFO     | jewelry_detector.image_processor | Object refined (OpenCV Trim): [369, 552, 667, 737]
2026-07-25 11:43:51 | INFO     | jewelry_detector.image_processor | Đã lưu ảnh kết quả: 888802_back_result.jpg
2026-07-25 11:43:51 | INFO     | jewelry_detector.image_processor | Tổng thời gian xử lý: 0.01s
2026-07-25 11:43:51 | INFO     | jewelry_detector.image_processor | Kích thước ảnh: 1363 x 908 px
2026-07-25 11:43:51 | INFO     | jewelry_detector.image_processor | Panel pixel (AI): [682, 454, 1009, 726]
2026-07-25 11:43:51 | INFO     | jewelry_detector.image_processor | Object pixel (AI): [709, 472, 981, 708]
2026-07-25 11:43:51 | INFO     | jewelry_detector.image_processor | Center pixel: [845, 590]
2026-07-25 11:43:51 | INFO     | jewelry_detector.image_processor | OpenCV panel refine IoU = 0.856
2026-07-25 11:43:51 | INFO     | jewelry_detector.image_processor | Panel refined: [668, 443, 1022, 737]
2026-07-25 11:43:51 | INFO     | jewelry_detector.image_processor | Panel refined (OpenCV): [668, 443, 1022, 737]
2026-07-25 11:43:51 | INFO     | jewelry_detector.image_processor | Clean panel crop: raw_size=354x294 trim_left=21 trim_top=52 trim_right=0 trim_bottom=0 content_retained=100.0% success=True
2026-07-25 11:43:51 | INFO     | jewelry_detector.image_processor | Trimmed Object (ảnh gốc): [796, 558, 933, 737] | AI bbox gốc: [709,495,981,708]
2026-07-25 11:43:51 | INFO     | jewelry_detector.image_processor | Object refined (OpenCV Trim): [796, 558, 933, 737]
2026-07-25 11:43:51 | INFO     | jewelry_detector.image_processor | Đã lưu ảnh kết quả: 888802_right_result.jpg
2026-07-25 11:43:51 | INFO     | jewelry_detector.image_processor | Tổng thời gian xử lý: 0.01s
2026-07-25 11:43:51 | INFO     | jewelry_detector.image_processor | Kích thước ảnh: 1363 x 908 px
2026-07-25 11:43:51 | INFO     | jewelry_detector.image_processor | Panel pixel (AI): [1009, 454, 1336, 726]
2026-07-25 11:43:51 | INFO     | jewelry_detector.image_processor | Object pixel (AI): [1036, 472, 1308, 708]
2026-07-25 11:43:51 | INFO     | jewelry_detector.image_processor | Center pixel: [1172, 590]
2026-07-25 11:43:51 | INFO     | jewelry_detector.image_processor | OpenCV panel refine IoU = 0.859
2026-07-25 11:43:51 | INFO     | jewelry_detector.image_processor | Panel refined: [996, 443, 1349, 737]
2026-07-25 11:43:51 | INFO     | jewelry_detector.image_processor | Panel refined (OpenCV): [996, 443, 1349, 737]
2026-07-25 11:43:51 | INFO     | jewelry_detector.image_processor | Clean panel crop: raw_size=353x294 trim_left=31 trim_top=52 trim_right=0 trim_bottom=0 content_retained=100.0% success=True
2026-07-25 11:43:51 | INFO     | jewelry_detector.image_processor | Trimmed Object (ảnh gốc): [1067, 678, 1298, 737] | AI bbox gốc: [1036,495,1308,708]
2026-07-25 11:43:51 | INFO     | jewelry_detector.image_processor | Object refined (OpenCV Trim): [1067, 678, 1298, 737]
2026-07-25 11:43:51 | INFO     | jewelry_detector.image_processor | Đã lưu ảnh kết quả: 888802_bottom_result.jpg
2026-07-25 11:43:51 | INFO     | jewelry_detector.image_processor | Tổng thời gian xử lý: 0.01s
2026-07-25 11:43:51 | INFO     | jewelry_detector.image_processor | Kích thước ảnh: 1363 x 908 px
2026-07-25 11:43:51 | INFO     | jewelry_detector.image_processor | Panel pixel (AI): [0, 499, 354, 908]
2026-07-25 11:43:51 | INFO     | jewelry_detector.image_processor | Object pixel (AI): [27, 518, 327, 872]
2026-07-25 11:43:51 | INFO     | jewelry_detector.image_processor | Center pixel: [177, 695]
2026-07-25 11:43:51 | INFO     | jewelry_detector.image_processor | Object refined (OpenCV Trim): [97, 585, 248, 766]
2026-07-25 11:43:51 | INFO     | jewelry_detector.image_processor | Đã lưu ảnh kết quả: 888802_perspective_result.jpg
2026-07-25 11:43:51 | INFO     | jewelry_detector.image_processor | Tổng thời gian xử lý: 0.01s
2026-07-25 11:45:26 | INFO     | jewelry_detector.image_processor | Kích thước ảnh: 1363 x 908 px
2026-07-25 11:45:26 | INFO     | jewelry_detector.image_processor | Panel pixel (AI): [354, 73, 682, 454]
2026-07-25 11:45:26 | INFO     | jewelry_detector.image_processor | Object pixel (AI): [382, 91, 654, 418]
2026-07-25 11:45:26 | INFO     | jewelry_detector.image_processor | Center pixel: [518, 254]
2026-07-25 11:45:26 | INFO     | jewelry_detector.image_processor | OpenCV panel refine IoU = 0.880
2026-07-25 11:45:26 | INFO     | jewelry_detector.image_processor | Panel refined: [341, 77, 695, 469]
2026-07-25 11:45:26 | INFO     | jewelry_detector.image_processor | Panel refined (OpenCV): [341, 77, 695, 469]
2026-07-25 11:45:26 | INFO     | jewelry_detector.image_processor | Clean panel crop: raw_size=354x392 trim_left=11 trim_top=4 trim_right=10 trim_bottom=0 content_retained=99.2% success=True
2026-07-25 11:45:26 | INFO     | jewelry_detector.image_processor | Trimmed Object (ảnh gốc): [360, 186, 680, 421] | AI bbox gốc: [382,91,654,418]
2026-07-25 11:45:26 | INFO     | jewelry_detector.image_processor | Object refined (OpenCV Trim): [360, 186, 680, 421]
2026-07-25 11:45:26 | INFO     | jewelry_detector.image_processor | Đã lưu ảnh kết quả: 888802_front_result.jpg
2026-07-25 11:45:26 | INFO     | jewelry_detector.image_processor | Tổng thời gian xử lý: 0.05s
2026-07-25 11:45:26 | INFO     | jewelry_detector.image_processor | Kích thước ảnh: 1363 x 908 px
2026-07-25 11:45:26 | INFO     | jewelry_detector.image_processor | Panel pixel (AI): [682, 73, 1009, 454]
2026-07-25 11:45:26 | INFO     | jewelry_detector.image_processor | Object pixel (AI): [736, 91, 954, 418]
2026-07-25 11:45:26 | INFO     | jewelry_detector.image_processor | Center pixel: [845, 254]
2026-07-25 11:45:26 | INFO     | jewelry_detector.image_processor | OpenCV panel refine IoU = 0.880
2026-07-25 11:45:26 | INFO     | jewelry_detector.image_processor | Panel refined: [668, 77, 1022, 469]
2026-07-25 11:45:26 | INFO     | jewelry_detector.image_processor | Panel refined (OpenCV): [668, 77, 1022, 469]
2026-07-25 11:45:26 | INFO     | jewelry_detector.image_processor | Clean panel crop: raw_size=354x392 trim_left=21 trim_top=4 trim_right=0 trim_bottom=0 content_retained=99.7% success=True
2026-07-25 11:45:26 | INFO     | jewelry_detector.image_processor | Trimmed Object (ảnh gốc): [762, 178, 912, 409] | AI bbox gốc: [736,91,954,418]
2026-07-25 11:45:26 | INFO     | jewelry_detector.image_processor | Object refined (OpenCV Trim): [762, 178, 912, 409]
2026-07-25 11:45:26 | INFO     | jewelry_detector.image_processor | Đã lưu ảnh kết quả: 888802_left_result.jpg
2026-07-25 11:45:26 | INFO     | jewelry_detector.image_processor | Tổng thời gian xử lý: 0.02s
2026-07-25 11:45:26 | INFO     | jewelry_detector.image_processor | Kích thước ảnh: 1363 x 908 px
2026-07-25 11:45:26 | INFO     | jewelry_detector.image_processor | Panel pixel (AI): [1009, 73, 1336, 454]
2026-07-25 11:45:26 | INFO     | jewelry_detector.image_processor | Object pixel (AI): [1063, 91, 1281, 418]
2026-07-25 11:45:26 | INFO     | jewelry_detector.image_processor | Center pixel: [1172, 254]
2026-07-25 11:45:26 | INFO     | jewelry_detector.image_processor | OpenCV panel refine IoU = 0.882
2026-07-25 11:45:26 | INFO     | jewelry_detector.image_processor | Panel refined: [996, 77, 1349, 469]
2026-07-25 11:45:26 | INFO     | jewelry_detector.image_processor | Panel refined (OpenCV): [996, 77, 1349, 469]
2026-07-25 11:45:27 | INFO     | jewelry_detector.image_processor | Clean panel crop: raw_size=353x392 trim_left=31 trim_top=4 trim_right=0 trim_bottom=0 content_retained=100.0% success=True
2026-07-25 11:45:27 | INFO     | jewelry_detector.image_processor | Trimmed Object (ảnh gốc): [1054, 249, 1285, 377] | AI bbox gốc: [1063,91,1281,418]
2026-07-25 11:45:27 | INFO     | jewelry_detector.image_processor | Object refined (OpenCV Trim): [1054, 249, 1285, 377]
2026-07-25 11:45:27 | INFO     | jewelry_detector.image_processor | Đã lưu ảnh kết quả: 888802_top_result.jpg
2026-07-25 11:45:27 | INFO     | jewelry_detector.image_processor | Tổng thời gian xử lý: 0.02s
2026-07-25 11:45:27 | INFO     | jewelry_detector.image_processor | Kích thước ảnh: 1363 x 908 px
2026-07-25 11:45:27 | INFO     | jewelry_detector.image_processor | Panel pixel (AI): [354, 454, 682, 726]
2026-07-25 11:45:27 | INFO     | jewelry_detector.image_processor | Object pixel (AI): [382, 472, 654, 708]
2026-07-25 11:45:27 | INFO     | jewelry_detector.image_processor | Center pixel: [518, 590]
2026-07-25 11:45:27 | INFO     | jewelry_detector.image_processor | OpenCV panel refine IoU = 0.856
2026-07-25 11:45:27 | INFO     | jewelry_detector.image_processor | Panel refined: [341, 443, 695, 737]
2026-07-25 11:45:27 | INFO     | jewelry_detector.image_processor | Panel refined (OpenCV): [341, 443, 695, 737]
2026-07-25 11:45:27 | INFO     | jewelry_detector.image_processor | Clean panel crop: raw_size=354x294 trim_left=11 trim_top=52 trim_right=10 trim_bottom=0 content_retained=99.7% success=True
2026-07-25 11:45:27 | INFO     | jewelry_detector.image_processor | Trimmed Object (ảnh gốc): [369, 552, 667, 737] | AI bbox gốc: [382,495,654,708]
2026-07-25 11:45:27 | INFO     | jewelry_detector.image_processor | Object refined (OpenCV Trim): [369, 552, 667, 737]
2026-07-25 11:45:27 | INFO     | jewelry_detector.image_processor | Đã lưu ảnh kết quả: 888802_back_result.jpg
2026-07-25 11:45:27 | INFO     | jewelry_detector.image_processor | Tổng thời gian xử lý: 0.02s
2026-07-25 11:45:27 | INFO     | jewelry_detector.image_processor | Kích thước ảnh: 1363 x 908 px
2026-07-25 11:45:27 | INFO     | jewelry_detector.image_processor | Panel pixel (AI): [682, 454, 1009, 726]
2026-07-25 11:45:27 | INFO     | jewelry_detector.image_processor | Object pixel (AI): [736, 472, 954, 708]
2026-07-25 11:45:27 | INFO     | jewelry_detector.image_processor | Center pixel: [845, 590]
2026-07-25 11:45:27 | INFO     | jewelry_detector.image_processor | OpenCV panel refine IoU = 0.856
2026-07-25 11:45:27 | INFO     | jewelry_detector.image_processor | Panel refined: [668, 443, 1022, 737]
2026-07-25 11:45:27 | INFO     | jewelry_detector.image_processor | Panel refined (OpenCV): [668, 443, 1022, 737]
2026-07-25 11:45:27 | INFO     | jewelry_detector.image_processor | Clean panel crop: raw_size=354x294 trim_left=21 trim_top=52 trim_right=0 trim_bottom=0 content_retained=100.0% success=True
2026-07-25 11:45:27 | INFO     | jewelry_detector.image_processor | Trimmed Object (ảnh gốc): [796, 558, 933, 737] | AI bbox gốc: [736,495,954,708]
2026-07-25 11:45:27 | INFO     | jewelry_detector.image_processor | Object refined (OpenCV Trim): [796, 558, 933, 737]
2026-07-25 11:45:27 | INFO     | jewelry_detector.image_processor | Đã lưu ảnh kết quả: 888802_right_result.jpg
2026-07-25 11:45:27 | INFO     | jewelry_detector.image_processor | Tổng thời gian xử lý: 0.02s
2026-07-25 11:45:27 | INFO     | jewelry_detector.image_processor | Kích thước ảnh: 1363 x 908 px
2026-07-25 11:45:27 | INFO     | jewelry_detector.image_processor | Panel pixel (AI): [1009, 454, 1336, 726]
2026-07-25 11:45:27 | INFO     | jewelry_detector.image_processor | Object pixel (AI): [1063, 472, 1281, 708]
2026-07-25 11:45:27 | INFO     | jewelry_detector.image_processor | Center pixel: [1172, 590]
2026-07-25 11:45:27 | INFO     | jewelry_detector.image_processor | OpenCV panel refine IoU = 0.859
2026-07-25 11:45:27 | INFO     | jewelry_detector.image_processor | Panel refined: [996, 443, 1349, 737]
2026-07-25 11:45:27 | INFO     | jewelry_detector.image_processor | Panel refined (OpenCV): [996, 443, 1349, 737]
2026-07-25 11:45:27 | INFO     | jewelry_detector.image_processor | Clean panel crop: raw_size=353x294 trim_left=31 trim_top=52 trim_right=0 trim_bottom=0 content_retained=100.0% success=True
2026-07-25 11:45:27 | INFO     | jewelry_detector.image_processor | Trimmed Object (ảnh gốc): [1067, 678, 1298, 737] | AI bbox gốc: [1063,495,1281,708]
2026-07-25 11:45:27 | INFO     | jewelry_detector.image_processor | Object refined (OpenCV Trim): [1067, 678, 1298, 737]
2026-07-25 11:45:27 | INFO     | jewelry_detector.image_processor | Đã lưu ảnh kết quả: 888802_bottom_result.jpg
2026-07-25 11:45:27 | INFO     | jewelry_detector.image_processor | Tổng thời gian xử lý: 0.03s
2026-07-25 11:45:27 | INFO     | jewelry_detector.image_processor | Kích thước ảnh: 1363 x 908 px
2026-07-25 11:45:27 | INFO     | jewelry_detector.image_processor | Panel pixel (AI): [0, 499, 354, 908]
2026-07-25 11:45:27 | INFO     | jewelry_detector.image_processor | Object pixel (AI): [27, 527, 273, 772]
2026-07-25 11:45:27 | INFO     | jewelry_detector.image_processor | Center pixel: [150, 649]
2026-07-25 11:45:27 | INFO     | jewelry_detector.image_processor | Object refined (OpenCV Trim): [97, 585, 248, 766]
2026-07-25 11:45:27 | INFO     | jewelry_detector.image_processor | Đã lưu ảnh kết quả: 888802_perspective_result.jpg
2026-07-25 11:45:27 | INFO     | jewelry_detector.image_processor | Tổng thời gian xử lý: 0.02s
2026-07-25 11:46:30 | INFO     | jewelry_detector.image_processor | Kích thước ảnh: 1363 x 908 px
2026-07-25 11:46:30 | INFO     | jewelry_detector.image_processor | Panel pixel (AI): [354, 73, 682, 454]
2026-07-25 11:46:30 | INFO     | jewelry_detector.image_processor | Object pixel (AI): [382, 91, 654, 418]
2026-07-25 11:46:30 | INFO     | jewelry_detector.image_processor | Center pixel: [518, 254]
2026-07-25 11:46:30 | INFO     | jewelry_detector.image_processor | OpenCV panel refine IoU = 0.880
2026-07-25 11:46:30 | INFO     | jewelry_detector.image_processor | Panel refined: [341, 77, 695, 469]
2026-07-25 11:46:30 | INFO     | jewelry_detector.image_processor | Panel refined (OpenCV): [341, 77, 695, 469]
2026-07-25 11:46:30 | INFO     | jewelry_detector.image_processor | Clean panel crop: raw_size=354x392 trim_left=11 trim_top=4 trim_right=10 trim_bottom=0 content_retained=99.2% success=True
2026-07-25 11:46:30 | INFO     | jewelry_detector.image_processor | Trimmed Object (ảnh gốc): [360, 186, 680, 421] | AI bbox gốc: [382,91,654,418]
2026-07-25 11:46:30 | INFO     | jewelry_detector.image_processor | Object refined (OpenCV Trim): [360, 186, 680, 421]
2026-07-25 11:46:30 | INFO     | jewelry_detector.image_processor | Đã lưu ảnh kết quả: 888802_front_result.jpg
2026-07-25 11:46:30 | INFO     | jewelry_detector.image_processor | Tổng thời gian xử lý: 0.05s
2026-07-25 11:46:30 | INFO     | jewelry_detector.image_processor | Kích thước ảnh: 1363 x 908 px
2026-07-25 11:46:30 | INFO     | jewelry_detector.image_processor | Panel pixel (AI): [682, 73, 1009, 454]
2026-07-25 11:46:30 | INFO     | jewelry_detector.image_processor | Object pixel (AI): [709, 91, 981, 418]
2026-07-25 11:46:30 | INFO     | jewelry_detector.image_processor | Center pixel: [845, 254]
2026-07-25 11:46:30 | INFO     | jewelry_detector.image_processor | OpenCV panel refine IoU = 0.880
2026-07-25 11:46:30 | INFO     | jewelry_detector.image_processor | Panel refined: [668, 77, 1022, 469]
2026-07-25 11:46:30 | INFO     | jewelry_detector.image_processor | Panel refined (OpenCV): [668, 77, 1022, 469]
2026-07-25 11:46:30 | INFO     | jewelry_detector.image_processor | Clean panel crop: raw_size=354x392 trim_left=21 trim_top=4 trim_right=0 trim_bottom=0 content_retained=99.7% success=True
2026-07-25 11:46:30 | INFO     | jewelry_detector.image_processor | Trimmed Object (ảnh gốc): [762, 178, 912, 409] | AI bbox gốc: [709,91,981,418]
2026-07-25 11:46:30 | INFO     | jewelry_detector.image_processor | Object refined (OpenCV Trim): [762, 178, 912, 409]
2026-07-25 11:46:30 | INFO     | jewelry_detector.image_processor | Đã lưu ảnh kết quả: 888802_left_result.jpg
2026-07-25 11:46:30 | INFO     | jewelry_detector.image_processor | Tổng thời gian xử lý: 0.02s
2026-07-25 11:46:30 | INFO     | jewelry_detector.image_processor | Kích thước ảnh: 1363 x 908 px
2026-07-25 11:46:30 | INFO     | jewelry_detector.image_processor | Panel pixel (AI): [1009, 73, 1336, 454]
2026-07-25 11:46:30 | INFO     | jewelry_detector.image_processor | Object pixel (AI): [1036, 91, 1308, 418]
2026-07-25 11:46:30 | INFO     | jewelry_detector.image_processor | Center pixel: [1172, 254]
2026-07-25 11:46:30 | INFO     | jewelry_detector.image_processor | OpenCV panel refine IoU = 0.882
2026-07-25 11:46:30 | INFO     | jewelry_detector.image_processor | Panel refined: [996, 77, 1349, 469]
2026-07-25 11:46:30 | INFO     | jewelry_detector.image_processor | Panel refined (OpenCV): [996, 77, 1349, 469]
2026-07-25 11:46:30 | INFO     | jewelry_detector.image_processor | Clean panel crop: raw_size=353x392 trim_left=31 trim_top=4 trim_right=0 trim_bottom=0 content_retained=100.0% success=True
2026-07-25 11:46:30 | INFO     | jewelry_detector.image_processor | Trimmed Object (ảnh gốc): [1054, 249, 1285, 377] | AI bbox gốc: [1036,91,1308,418]
2026-07-25 11:46:30 | INFO     | jewelry_detector.image_processor | Object refined (OpenCV Trim): [1054, 249, 1285, 377]
2026-07-25 11:46:30 | INFO     | jewelry_detector.image_processor | Đã lưu ảnh kết quả: 888802_top_result.jpg
2026-07-25 11:46:30 | INFO     | jewelry_detector.image_processor | Tổng thời gian xử lý: 0.02s
2026-07-25 11:46:30 | INFO     | jewelry_detector.image_processor | Kích thước ảnh: 1363 x 908 px
2026-07-25 11:46:30 | INFO     | jewelry_detector.image_processor | Panel pixel (AI): [354, 454, 682, 726]
2026-07-25 11:46:30 | INFO     | jewelry_detector.image_processor | Object pixel (AI): [382, 472, 654, 708]
2026-07-25 11:46:30 | INFO     | jewelry_detector.image_processor | Center pixel: [518, 590]
2026-07-25 11:46:30 | INFO     | jewelry_detector.image_processor | OpenCV panel refine IoU = 0.856
2026-07-25 11:46:30 | INFO     | jewelry_detector.image_processor | Panel refined: [341, 443, 695, 737]
2026-07-25 11:46:30 | INFO     | jewelry_detector.image_processor | Panel refined (OpenCV): [341, 443, 695, 737]
2026-07-25 11:46:30 | INFO     | jewelry_detector.image_processor | Clean panel crop: raw_size=354x294 trim_left=11 trim_top=52 trim_right=10 trim_bottom=0 content_retained=99.7% success=True
2026-07-25 11:46:30 | INFO     | jewelry_detector.image_processor | Trimmed Object (ảnh gốc): [369, 552, 673, 737] | AI bbox gốc: [382,495,654,708]
2026-07-25 11:46:30 | INFO     | jewelry_detector.image_processor | Object refined (OpenCV Trim): [369, 552, 673, 737]
2026-07-25 11:46:30 | INFO     | jewelry_detector.image_processor | Đã lưu ảnh kết quả: 888802_back_result.jpg
2026-07-25 11:46:30 | INFO     | jewelry_detector.image_processor | Tổng thời gian xử lý: 0.02s
2026-07-25 11:46:30 | INFO     | jewelry_detector.image_processor | Kích thước ảnh: 1363 x 908 px
2026-07-25 11:46:30 | INFO     | jewelry_detector.image_processor | Panel pixel (AI): [682, 454, 1009, 726]
2026-07-25 11:46:30 | INFO     | jewelry_detector.image_processor | Object pixel (AI): [709, 472, 981, 708]
2026-07-25 11:46:30 | INFO     | jewelry_detector.image_processor | Center pixel: [845, 590]
2026-07-25 11:46:30 | INFO     | jewelry_detector.image_processor | OpenCV panel refine IoU = 0.856
2026-07-25 11:46:30 | INFO     | jewelry_detector.image_processor | Panel refined: [668, 443, 1022, 737]
2026-07-25 11:46:30 | INFO     | jewelry_detector.image_processor | Panel refined (OpenCV): [668, 443, 1022, 737]
2026-07-25 11:46:30 | INFO     | jewelry_detector.image_processor | Clean panel crop: raw_size=354x294 trim_left=21 trim_top=52 trim_right=0 trim_bottom=0 content_retained=100.0% success=True
2026-07-25 11:46:30 | INFO     | jewelry_detector.image_processor | Trimmed Object (ảnh gốc): [796, 558, 933, 737] | AI bbox gốc: [709,495,981,708]
2026-07-25 11:46:30 | INFO     | jewelry_detector.image_processor | Object refined (OpenCV Trim): [796, 558, 933, 737]
2026-07-25 11:46:30 | INFO     | jewelry_detector.image_processor | Đã lưu ảnh kết quả: 888802_right_result.jpg
2026-07-25 11:46:30 | INFO     | jewelry_detector.image_processor | Tổng thời gian xử lý: 0.02s
2026-07-25 11:46:30 | INFO     | jewelry_detector.image_processor | Kích thước ảnh: 1363 x 908 px
2026-07-25 11:46:30 | INFO     | jewelry_detector.image_processor | Panel pixel (AI): [1009, 454, 1336, 726]
2026-07-25 11:46:30 | INFO     | jewelry_detector.image_processor | Object pixel (AI): [1036, 472, 1308, 708]
2026-07-25 11:46:30 | INFO     | jewelry_detector.image_processor | Center pixel: [1172, 590]
2026-07-25 11:46:30 | INFO     | jewelry_detector.image_processor | OpenCV panel refine IoU = 0.859
2026-07-25 11:46:30 | INFO     | jewelry_detector.image_processor | Panel refined: [996, 443, 1349, 737]
2026-07-25 11:46:30 | INFO     | jewelry_detector.image_processor | Panel refined (OpenCV): [996, 443, 1349, 737]
2026-07-25 11:46:30 | INFO     | jewelry_detector.image_processor | Clean panel crop: raw_size=353x294 trim_left=31 trim_top=52 trim_right=0 trim_bottom=0 content_retained=100.0% success=True
2026-07-25 11:46:30 | INFO     | jewelry_detector.image_processor | Trimmed Object (ảnh gốc): [1067, 678, 1298, 737] | AI bbox gốc: [1036,495,1308,708]
2026-07-25 11:46:30 | INFO     | jewelry_detector.image_processor | Object refined (OpenCV Trim): [1067, 678, 1298, 737]
2026-07-25 11:46:30 | INFO     | jewelry_detector.image_processor | Đã lưu ảnh kết quả: 888802_bottom_result.jpg
2026-07-25 11:46:30 | INFO     | jewelry_detector.image_processor | Tổng thời gian xử lý: 0.02s
2026-07-25 11:46:30 | INFO     | jewelry_detector.image_processor | Kích thước ảnh: 1363 x 908 px
2026-07-25 11:46:30 | INFO     | jewelry_detector.image_processor | Panel pixel (AI): [0, 499, 354, 908]
2026-07-25 11:46:30 | INFO     | jewelry_detector.image_processor | Object pixel (AI): [27, 518, 327, 872]
2026-07-25 11:46:30 | INFO     | jewelry_detector.image_processor | Center pixel: [177, 695]
2026-07-25 11:46:30 | INFO     | jewelry_detector.image_processor | Object refined (OpenCV Trim): [97, 585, 248, 766]
2026-07-25 11:46:30 | INFO     | jewelry_detector.image_processor | Đã lưu ảnh kết quả: 888802_perspective_result.jpg
2026-07-25 11:46:30 | INFO     | jewelry_detector.image_processor | Tổng thời gian xử lý: 0.02s
2026-07-25 11:47:13 | INFO     | jewelry_detector.image_processor | Kích thước ảnh: 1363 x 908 px
2026-07-25 11:47:13 | INFO     | jewelry_detector.image_processor | Panel pixel (AI): [354, 73, 682, 454]
2026-07-25 11:47:13 | INFO     | jewelry_detector.image_processor | Object pixel (AI): [382, 91, 654, 418]
2026-07-25 11:47:13 | INFO     | jewelry_detector.image_processor | Center pixel: [518, 254]
2026-07-25 11:47:13 | INFO     | jewelry_detector.image_processor | OpenCV panel refine IoU = 0.880
2026-07-25 11:47:13 | INFO     | jewelry_detector.image_processor | Panel refined: [341, 77, 695, 469]
2026-07-25 11:47:13 | INFO     | jewelry_detector.image_processor | Panel refined (OpenCV): [341, 77, 695, 469]
2026-07-25 11:47:13 | INFO     | jewelry_detector.image_processor | Clean panel crop: raw_size=354x392 trim_left=11 trim_top=4 trim_right=10 trim_bottom=0 content_retained=99.2% success=True
2026-07-25 11:47:13 | INFO     | jewelry_detector.image_processor | Trimmed Object (ảnh gốc): [360, 186, 680, 421] | AI bbox gốc: [382,91,654,418]
2026-07-25 11:47:13 | INFO     | jewelry_detector.image_processor | Object refined (OpenCV Trim): [360, 186, 680, 421]
2026-07-25 11:47:13 | INFO     | jewelry_detector.image_processor | Đã lưu ảnh kết quả: 888802_front_result.jpg
2026-07-25 11:47:13 | INFO     | jewelry_detector.image_processor | Tổng thời gian xử lý: 0.05s
2026-07-25 11:47:13 | INFO     | jewelry_detector.image_processor | Kích thước ảnh: 1363 x 908 px
2026-07-25 11:47:13 | INFO     | jewelry_detector.image_processor | Panel pixel (AI): [682, 73, 1009, 454]
2026-07-25 11:47:13 | INFO     | jewelry_detector.image_processor | Object pixel (AI): [722, 91, 968, 418]
2026-07-25 11:47:13 | INFO     | jewelry_detector.image_processor | Center pixel: [845, 254]
2026-07-25 11:47:13 | INFO     | jewelry_detector.image_processor | OpenCV panel refine IoU = 0.880
2026-07-25 11:47:13 | INFO     | jewelry_detector.image_processor | Panel refined: [668, 77, 1022, 469]
2026-07-25 11:47:13 | INFO     | jewelry_detector.image_processor | Panel refined (OpenCV): [668, 77, 1022, 469]
2026-07-25 11:47:13 | INFO     | jewelry_detector.image_processor | Clean panel crop: raw_size=354x392 trim_left=21 trim_top=4 trim_right=0 trim_bottom=0 content_retained=99.7% success=True
2026-07-25 11:47:13 | INFO     | jewelry_detector.image_processor | Trimmed Object (ảnh gốc): [762, 178, 912, 409] | AI bbox gốc: [722,91,968,418]
2026-07-25 11:47:13 | INFO     | jewelry_detector.image_processor | Object refined (OpenCV Trim): [762, 178, 912, 409]
2026-07-25 11:47:13 | INFO     | jewelry_detector.image_processor | Đã lưu ảnh kết quả: 888802_left_result.jpg
2026-07-25 11:47:13 | INFO     | jewelry_detector.image_processor | Tổng thời gian xử lý: 0.02s
2026-07-25 11:47:13 | INFO     | jewelry_detector.image_processor | Kích thước ảnh: 1363 x 908 px
2026-07-25 11:47:13 | INFO     | jewelry_detector.image_processor | Panel pixel (AI): [1009, 73, 1336, 454]
2026-07-25 11:47:13 | INFO     | jewelry_detector.image_processor | Object pixel (AI): [1050, 91, 1295, 418]
2026-07-25 11:47:13 | INFO     | jewelry_detector.image_processor | Center pixel: [1172, 254]
2026-07-25 11:47:13 | INFO     | jewelry_detector.image_processor | OpenCV panel refine IoU = 0.882
2026-07-25 11:47:13 | INFO     | jewelry_detector.image_processor | Panel refined: [996, 77, 1349, 469]
2026-07-25 11:47:13 | INFO     | jewelry_detector.image_processor | Panel refined (OpenCV): [996, 77, 1349, 469]
2026-07-25 11:47:13 | INFO     | jewelry_detector.image_processor | Clean panel crop: raw_size=353x392 trim_left=31 trim_top=4 trim_right=0 trim_bottom=0 content_retained=100.0% success=True
2026-07-25 11:47:13 | INFO     | jewelry_detector.image_processor | Trimmed Object (ảnh gốc): [1054, 249, 1285, 377] | AI bbox gốc: [1050,91,1295,418]
2026-07-25 11:47:13 | INFO     | jewelry_detector.image_processor | Object refined (OpenCV Trim): [1054, 249, 1285, 377]
2026-07-25 11:47:13 | INFO     | jewelry_detector.image_processor | Đã lưu ảnh kết quả: 888802_top_result.jpg
2026-07-25 11:47:13 | INFO     | jewelry_detector.image_processor | Tổng thời gian xử lý: 0.02s
2026-07-25 11:47:13 | INFO     | jewelry_detector.image_processor | Kích thước ảnh: 1363 x 908 px
2026-07-25 11:47:13 | INFO     | jewelry_detector.image_processor | Panel pixel (AI): [354, 454, 682, 726]
2026-07-25 11:47:13 | INFO     | jewelry_detector.image_processor | Object pixel (AI): [382, 472, 654, 708]
2026-07-25 11:47:13 | INFO     | jewelry_detector.image_processor | Center pixel: [518, 590]
2026-07-25 11:47:13 | INFO     | jewelry_detector.image_processor | OpenCV panel refine IoU = 0.856
2026-07-25 11:47:13 | INFO     | jewelry_detector.image_processor | Panel refined: [341, 443, 695, 737]
2026-07-25 11:47:13 | INFO     | jewelry_detector.image_processor | Panel refined (OpenCV): [341, 443, 695, 737]
2026-07-25 11:47:13 | INFO     | jewelry_detector.image_processor | Clean panel crop: raw_size=354x294 trim_left=11 trim_top=52 trim_right=10 trim_bottom=0 content_retained=99.7% success=True
2026-07-25 11:47:13 | INFO     | jewelry_detector.image_processor | Trimmed Object (ảnh gốc): [369, 552, 673, 737] | AI bbox gốc: [382,472,654,708]
2026-07-25 11:47:13 | INFO     | jewelry_detector.image_processor | Object refined (OpenCV Trim): [369, 552, 673, 737]
2026-07-25 11:47:13 | INFO     | jewelry_detector.image_processor | Đã lưu ảnh kết quả: 888802_back_result.jpg
2026-07-25 11:47:13 | INFO     | jewelry_detector.image_processor | Tổng thời gian xử lý: 0.02s
2026-07-25 11:47:13 | INFO     | jewelry_detector.image_processor | Kích thước ảnh: 1363 x 908 px
2026-07-25 11:47:13 | INFO     | jewelry_detector.image_processor | Panel pixel (AI): [682, 454, 1009, 726]
2026-07-25 11:47:13 | INFO     | jewelry_detector.image_processor | Object pixel (AI): [722, 472, 968, 708]
2026-07-25 11:47:13 | INFO     | jewelry_detector.image_processor | Center pixel: [845, 590]
2026-07-25 11:47:13 | INFO     | jewelry_detector.image_processor | OpenCV panel refine IoU = 0.856
2026-07-25 11:47:13 | INFO     | jewelry_detector.image_processor | Panel refined: [668, 443, 1022, 737]
2026-07-25 11:47:13 | INFO     | jewelry_detector.image_processor | Panel refined (OpenCV): [668, 443, 1022, 737]
2026-07-25 11:47:13 | INFO     | jewelry_detector.image_processor | Clean panel crop: raw_size=354x294 trim_left=21 trim_top=52 trim_right=0 trim_bottom=0 content_retained=100.0% success=True
2026-07-25 11:47:13 | INFO     | jewelry_detector.image_processor | Trimmed Object (ảnh gốc): [796, 558, 933, 737] | AI bbox gốc: [722,472,968,708]
2026-07-25 11:47:13 | INFO     | jewelry_detector.image_processor | Object refined (OpenCV Trim): [796, 558, 933, 737]
2026-07-25 11:47:13 | INFO     | jewelry_detector.image_processor | Đã lưu ảnh kết quả: 888802_right_result.jpg
2026-07-25 11:47:13 | INFO     | jewelry_detector.image_processor | Tổng thời gian xử lý: 0.02s
2026-07-25 11:47:13 | INFO     | jewelry_detector.image_processor | Kích thước ảnh: 1363 x 908 px
2026-07-25 11:47:13 | INFO     | jewelry_detector.image_processor | Panel pixel (AI): [1009, 454, 1336, 726]
2026-07-25 11:47:13 | INFO     | jewelry_detector.image_processor | Object pixel (AI): [1050, 472, 1295, 708]
2026-07-25 11:47:13 | INFO     | jewelry_detector.image_processor | Center pixel: [1172, 590]
2026-07-25 11:47:13 | INFO     | jewelry_detector.image_processor | OpenCV panel refine IoU = 0.859
2026-07-25 11:47:13 | INFO     | jewelry_detector.image_processor | Panel refined: [996, 443, 1349, 737]
2026-07-25 11:47:13 | INFO     | jewelry_detector.image_processor | Panel refined (OpenCV): [996, 443, 1349, 737]
2026-07-25 11:47:13 | INFO     | jewelry_detector.image_processor | Clean panel crop: raw_size=353x294 trim_left=31 trim_top=52 trim_right=0 trim_bottom=0 content_retained=100.0% success=True
2026-07-25 11:47:13 | INFO     | jewelry_detector.image_processor | Trimmed Object (ảnh gốc): [1067, 678, 1298, 737] | AI bbox gốc: [1050,472,1295,708]
2026-07-25 11:47:13 | INFO     | jewelry_detector.image_processor | Object refined (OpenCV Trim): [1067, 678, 1298, 737]
2026-07-25 11:47:13 | INFO     | jewelry_detector.image_processor | Đã lưu ảnh kết quả: 888802_bottom_result.jpg
2026-07-25 11:47:13 | INFO     | jewelry_detector.image_processor | Tổng thời gian xử lý: 0.02s
2026-07-25 11:47:13 | INFO     | jewelry_detector.image_processor | Kích thước ảnh: 1363 x 908 px
2026-07-25 11:47:13 | INFO     | jewelry_detector.image_processor | Panel pixel (AI): [0, 499, 354, 908]
2026-07-25 11:47:13 | INFO     | jewelry_detector.image_processor | Object pixel (AI): [27, 518, 327, 872]
2026-07-25 11:47:13 | INFO     | jewelry_detector.image_processor | Center pixel: [177, 695]
2026-07-25 11:47:13 | INFO     | jewelry_detector.image_processor | Object refined (OpenCV Trim): [97, 585, 248, 766]
2026-07-25 11:47:13 | INFO     | jewelry_detector.image_processor | Đã lưu ảnh kết quả: 888802_perspective_result.jpg
2026-07-25 11:47:13 | INFO     | jewelry_detector.image_processor | Tổng thời gian xử lý: 0.02s
2026-07-25 11:47:42 | INFO     | jewelry_detector.image_processor | Kích thước ảnh: 1363 x 908 px
2026-07-25 11:47:42 | INFO     | jewelry_detector.image_processor | Panel pixel (AI): [361, 77, 682, 454]
2026-07-25 11:47:42 | INFO     | jewelry_detector.image_processor | Object pixel (AI): [382, 91, 654, 427]
2026-07-25 11:47:42 | INFO     | jewelry_detector.image_processor | Center pixel: [518, 259]
2026-07-25 11:47:42 | INFO     | jewelry_detector.image_processor | OpenCV panel refine IoU = 0.857
2026-07-25 11:47:42 | INFO     | jewelry_detector.image_processor | Panel refined: [348, 62, 694, 469]
2026-07-25 11:47:42 | INFO     | jewelry_detector.image_processor | Panel refined (OpenCV): [348, 62, 694, 469]
2026-07-25 11:47:42 | INFO     | jewelry_detector.image_processor | Clean panel crop: raw_size=346x407 trim_left=4 trim_top=19 trim_right=9 trim_bottom=0 content_retained=100.0% success=True
2026-07-25 11:47:42 | INFO     | jewelry_detector.image_processor | Trimmed Object (ảnh gốc): [360, 186, 680, 421] | AI bbox gốc: [382,91,654,427]
2026-07-25 11:47:42 | INFO     | jewelry_detector.image_processor | Object refined (OpenCV Trim): [360, 186, 680, 421]
2026-07-25 11:47:42 | INFO     | jewelry_detector.image_processor | Đã lưu ảnh kết quả: 888802_front_result.jpg
2026-07-25 11:47:42 | INFO     | jewelry_detector.image_processor | Tổng thời gian xử lý: 0.05s
2026-07-25 11:47:42 | INFO     | jewelry_detector.image_processor | Kích thước ảnh: 1363 x 908 px
2026-07-25 11:47:42 | INFO     | jewelry_detector.image_processor | Panel pixel (AI): [682, 77, 1002, 454]
2026-07-25 11:47:42 | INFO     | jewelry_detector.image_processor | Object pixel (AI): [709, 91, 981, 427]
2026-07-25 11:47:42 | INFO     | jewelry_detector.image_processor | Center pixel: [845, 259]
2026-07-25 11:47:42 | INFO     | jewelry_detector.image_processor | OpenCV panel refine IoU = 0.857
2026-07-25 11:47:42 | INFO     | jewelry_detector.image_processor | Panel refined: [669, 62, 1015, 469]
2026-07-25 11:47:42 | INFO     | jewelry_detector.image_processor | Panel refined (OpenCV): [669, 62, 1015, 469]
2026-07-25 11:47:42 | INFO     | jewelry_detector.image_processor | Clean panel crop: raw_size=346x407 trim_left=20 trim_top=19 trim_right=0 trim_bottom=0 content_retained=99.8% success=True
2026-07-25 11:47:42 | INFO     | jewelry_detector.image_processor | Trimmed Object (ảnh gốc): [762, 178, 912, 409] | AI bbox gốc: [709,91,981,427]
2026-07-25 11:47:42 | INFO     | jewelry_detector.image_processor | Object refined (OpenCV Trim): [762, 178, 912, 409]
2026-07-25 11:47:42 | INFO     | jewelry_detector.image_processor | Đã lưu ảnh kết quả: 888802_left_result.jpg
2026-07-25 11:47:42 | INFO     | jewelry_detector.image_processor | Tổng thời gian xử lý: 0.02s
2026-07-25 11:47:42 | INFO     | jewelry_detector.image_processor | Kích thước ảnh: 1363 x 908 px
2026-07-25 11:47:42 | INFO     | jewelry_detector.image_processor | Panel pixel (AI): [1002, 77, 1322, 454]
2026-07-25 11:47:42 | INFO     | jewelry_detector.image_processor | Object pixel (AI): [1022, 91, 1295, 427]
2026-07-25 11:47:42 | INFO     | jewelry_detector.image_processor | Center pixel: [1159, 259]
2026-07-25 11:47:42 | INFO     | jewelry_detector.image_processor | OpenCV panel refine IoU = 0.857
2026-07-25 11:47:42 | INFO     | jewelry_detector.image_processor | Panel refined: [989, 62, 1335, 469]
2026-07-25 11:47:42 | INFO     | jewelry_detector.image_processor | Panel refined (OpenCV): [989, 62, 1335, 469]
2026-07-25 11:47:42 | INFO     | jewelry_detector.image_processor | Clean panel crop: raw_size=346x407 trim_left=38 trim_top=19 trim_right=0 trim_bottom=0 content_retained=100.0% success=True
2026-07-25 11:47:42 | INFO     | jewelry_detector.image_processor | Trimmed Object (ảnh gốc): [1054, 249, 1285, 377] | AI bbox gốc: [1022,91,1295,427]
2026-07-25 11:47:42 | INFO     | jewelry_detector.image_processor | Object refined (OpenCV Trim): [1054, 249, 1285, 377]
2026-07-25 11:47:42 | INFO     | jewelry_detector.image_processor | Đã lưu ảnh kết quả: 888802_top_result.jpg
2026-07-25 11:47:42 | INFO     | jewelry_detector.image_processor | Tổng thời gian xử lý: 0.02s
2026-07-25 11:47:42 | INFO     | jewelry_detector.image_processor | Kích thước ảnh: 1363 x 908 px
2026-07-25 11:47:42 | INFO     | jewelry_detector.image_processor | Panel pixel (AI): [361, 454, 682, 903]
2026-07-25 11:47:42 | INFO     | jewelry_detector.image_processor | Object pixel (AI): [382, 472, 654, 881]
2026-07-25 11:47:42 | INFO     | jewelry_detector.image_processor | Center pixel: [518, 676]
2026-07-25 11:47:42 | INFO     | jewelry_detector.image_processor | OpenCV panel refine IoU = 0.882
2026-07-25 11:47:42 | INFO     | jewelry_detector.image_processor | Panel refined: [348, 436, 694, 908]
2026-07-25 11:47:42 | INFO     | jewelry_detector.image_processor | Panel refined (OpenCV): [348, 436, 694, 908]
2026-07-25 11:47:42 | INFO     | jewelry_detector.image_processor | Clean panel crop: raw_size=346x472 trim_left=4 trim_top=59 trim_right=9 trim_bottom=3 content_retained=100.0% success=True
2026-07-25 11:47:42 | INFO     | jewelry_detector.image_processor | Trimmed Object (ảnh gốc): [369, 552, 673, 787] | AI bbox gốc: [382,472,654,881]
2026-07-25 11:47:42 | INFO     | jewelry_detector.image_processor | Object refined (OpenCV Trim): [369, 552, 673, 787]
2026-07-25 11:47:42 | INFO     | jewelry_detector.image_processor | Đã lưu ảnh kết quả: 888802_back_result.jpg
2026-07-25 11:47:42 | INFO     | jewelry_detector.image_processor | Tổng thời gian xử lý: 0.02s
2026-07-25 11:47:42 | INFO     | jewelry_detector.image_processor | Kích thước ảnh: 1363 x 908 px
2026-07-25 11:47:42 | INFO     | jewelry_detector.image_processor | Panel pixel (AI): [682, 454, 1002, 903]
2026-07-25 11:47:42 | INFO     | jewelry_detector.image_processor | Object pixel (AI): [709, 472, 981, 881]
2026-07-25 11:47:42 | INFO     | jewelry_detector.image_processor | Center pixel: [845, 676]
2026-07-25 11:47:42 | INFO     | jewelry_detector.image_processor | OpenCV panel refine IoU = 0.882
2026-07-25 11:47:42 | INFO     | jewelry_detector.image_processor | Panel refined: [669, 436, 1015, 908]
2026-07-25 11:47:42 | INFO     | jewelry_detector.image_processor | Panel refined (OpenCV): [669, 436, 1015, 908]
2026-07-25 11:47:42 | INFO     | jewelry_detector.image_processor | Clean panel crop: raw_size=346x472 trim_left=20 trim_top=59 trim_right=0 trim_bottom=3 content_retained=100.0% success=True
2026-07-25 11:47:42 | INFO     | jewelry_detector.image_processor | Trimmed Object (ảnh gốc): [796, 558, 933, 791] | AI bbox gốc: [709,472,981,881]
2026-07-25 11:47:42 | INFO     | jewelry_detector.image_processor | Object refined (OpenCV Trim): [796, 558, 933, 791]
2026-07-25 11:47:42 | INFO     | jewelry_detector.image_processor | Đã lưu ảnh kết quả: 888802_right_result.jpg
2026-07-25 11:47:42 | INFO     | jewelry_detector.image_processor | Tổng thời gian xử lý: 0.02s
2026-07-25 11:47:42 | INFO     | jewelry_detector.image_processor | Kích thước ảnh: 1363 x 908 px
2026-07-25 11:47:42 | INFO     | jewelry_detector.image_processor | Panel pixel (AI): [1002, 454, 1322, 903]
2026-07-25 11:47:42 | INFO     | jewelry_detector.image_processor | Object pixel (AI): [1022, 472, 1295, 881]
2026-07-25 11:47:42 | INFO     | jewelry_detector.image_processor | Center pixel: [1159, 676]
2026-07-25 11:47:42 | INFO     | jewelry_detector.image_processor | OpenCV panel refine IoU = 0.882
2026-07-25 11:47:42 | INFO     | jewelry_detector.image_processor | Panel refined: [989, 436, 1335, 908]
2026-07-25 11:47:42 | INFO     | jewelry_detector.image_processor | Panel refined (OpenCV): [989, 436, 1335, 908]
2026-07-25 11:47:42 | INFO     | jewelry_detector.image_processor | Clean panel crop: raw_size=346x472 trim_left=38 trim_top=59 trim_right=0 trim_bottom=3 content_retained=100.0% success=True
2026-07-25 11:47:42 | INFO     | jewelry_detector.image_processor | Trimmed Object (ảnh gốc): [1067, 678, 1298, 790] | AI bbox gốc: [1022,472,1295,881]
2026-07-25 11:47:42 | INFO     | jewelry_detector.image_processor | Object refined (OpenCV Trim): [1067, 678, 1298, 790]
2026-07-25 11:47:42 | INFO     | jewelry_detector.image_processor | Đã lưu ảnh kết quả: 888802_bottom_result.jpg
2026-07-25 11:47:42 | INFO     | jewelry_detector.image_processor | Tổng thời gian xử lý: 0.02s
2026-07-25 11:47:42 | INFO     | jewelry_detector.image_processor | Kích thước ảnh: 1363 x 908 px
2026-07-25 11:47:42 | INFO     | jewelry_detector.image_processor | Panel pixel (AI): [0, 454, 361, 903]
2026-07-25 11:47:42 | INFO     | jewelry_detector.image_processor | Object pixel (AI): [27, 499, 327, 772]
2026-07-25 11:47:42 | INFO     | jewelry_detector.image_processor | Center pixel: [177, 636]
2026-07-25 11:47:42 | INFO     | jewelry_detector.image_processor | Object refined (OpenCV Trim): [97, 585, 248, 766]
2026-07-25 11:47:42 | INFO     | jewelry_detector.image_processor | Đã lưu ảnh kết quả: 888802_perspective_result.jpg
2026-07-25 11:47:42 | INFO     | jewelry_detector.image_processor | Tổng thời gian xử lý: 0.02s
2026-07-25 11:50:55 | INFO     | jewelry_detector.image_processor | Kích thước ảnh: 1191 x 795 px
2026-07-25 11:50:55 | INFO     | jewelry_detector.image_processor | Panel pixel (AI): [298, 72, 572, 413]
2026-07-25 11:50:55 | INFO     | jewelry_detector.image_processor | Object pixel (AI): [357, 103, 512, 374]
2026-07-25 11:50:55 | INFO     | jewelry_detector.image_processor | Center pixel: [435, 238]
2026-07-25 11:50:55 | INFO     | jewelry_detector.image_processor | OpenCV panel refine IoU = 0.857
2026-07-25 11:50:55 | INFO     | jewelry_detector.image_processor | Panel refined: [287, 58, 583, 427]
2026-07-25 11:50:55 | INFO     | jewelry_detector.image_processor | Panel refined (OpenCV): [287, 58, 583, 427]
2026-07-25 11:50:55 | INFO     | jewelry_detector.image_processor | Clean panel crop: raw_size=296x369 trim_left=19 trim_top=14 trim_right=0 trim_bottom=0 content_retained=98.5% success=True
2026-07-25 11:50:55 | INFO     | jewelry_detector.image_processor | Trimmed Object (ảnh gốc): [324, 106, 529, 388] | AI bbox gốc: [357,103,512,374]
2026-07-25 11:50:55 | INFO     | jewelry_detector.image_processor | Object refined (OpenCV Trim): [324, 106, 529, 388]
2026-07-25 11:50:55 | INFO     | jewelry_detector.image_processor | Đã lưu ảnh kết quả: 889485_front_result.jpg
2026-07-25 11:50:55 | INFO     | jewelry_detector.image_processor | Tổng thời gian xử lý: 0.05s
2026-07-25 11:50:55 | INFO     | jewelry_detector.image_processor | Kích thước ảnh: 1191 x 795 px
2026-07-25 11:50:55 | INFO     | jewelry_detector.image_processor | Panel pixel (AI): [596, 72, 869, 413]
2026-07-25 11:50:55 | INFO     | jewelry_detector.image_processor | Object pixel (AI): [655, 103, 810, 374]
2026-07-25 11:50:55 | INFO     | jewelry_detector.image_processor | Center pixel: [732, 238]
2026-07-25 11:50:55 | INFO     | jewelry_detector.image_processor | OpenCV panel refine IoU = 0.860
2026-07-25 11:50:55 | INFO     | jewelry_detector.image_processor | Panel refined: [585, 58, 880, 427]
2026-07-25 11:50:55 | INFO     | jewelry_detector.image_processor | Panel refined (OpenCV): [585, 58, 880, 427]
2026-07-25 11:50:55 | INFO     | jewelry_detector.image_processor | Clean panel crop: raw_size=295x369 trim_left=14 trim_top=14 trim_right=0 trim_bottom=0 content_retained=100.0% success=True
2026-07-25 11:50:55 | INFO     | jewelry_detector.image_processor | Trimmed Object (ảnh gốc): [612, 127, 880, 369] | AI bbox gốc: [655,103,810,374]
2026-07-25 11:50:55 | INFO     | jewelry_detector.image_processor | Object refined (OpenCV Trim): [612, 127, 880, 369]
2026-07-25 11:50:55 | INFO     | jewelry_detector.image_processor | Đã lưu ảnh kết quả: 889485_left_result.jpg
2026-07-25 11:50:55 | INFO     | jewelry_detector.image_processor | Tổng thời gian xử lý: 0.02s
2026-07-25 11:50:55 | INFO     | jewelry_detector.image_processor | Kích thước ảnh: 1191 x 795 px
2026-07-25 11:50:55 | INFO     | jewelry_detector.image_processor | Panel pixel (AI): [893, 72, 1167, 413]
2026-07-25 11:50:55 | INFO     | jewelry_detector.image_processor | Object pixel (AI): [953, 103, 1108, 374]
2026-07-25 11:50:55 | INFO     | jewelry_detector.image_processor | Center pixel: [1030, 238]
2026-07-25 11:50:55 | INFO     | jewelry_detector.image_processor | OpenCV panel refine IoU = 0.857
2026-07-25 11:50:55 | INFO     | jewelry_detector.image_processor | Panel refined: [882, 58, 1178, 427]
2026-07-25 11:50:55 | INFO     | jewelry_detector.image_processor | Panel refined (OpenCV): [882, 58, 1178, 427]
2026-07-25 11:50:55 | INFO     | jewelry_detector.image_processor | Clean panel crop: raw_size=296x369 trim_left=10 trim_top=14 trim_right=0 trim_bottom=0 content_retained=100.0% success=True
2026-07-25 11:50:55 | INFO     | jewelry_detector.image_processor | Trimmed Object (ảnh gốc): [956, 75, 1113, 337] | AI bbox gốc: [953,103,1108,374]
2026-07-25 11:50:55 | INFO     | jewelry_detector.image_processor | Object refined (OpenCV Trim): [956, 75, 1113, 337]
2026-07-25 11:50:55 | INFO     | jewelry_detector.image_processor | Đã lưu ảnh kết quả: 889485_top_result.jpg
2026-07-25 11:50:55 | INFO     | jewelry_detector.image_processor | Tổng thời gian xử lý: 0.02s
2026-07-25 11:50:55 | INFO     | jewelry_detector.image_processor | Kích thước ảnh: 1191 x 795 px
2026-07-25 11:50:55 | INFO     | jewelry_detector.image_processor | Panel pixel (AI): [298, 429, 572, 771]
2026-07-25 11:50:55 | INFO     | jewelry_detector.image_processor | Object pixel (AI): [357, 461, 512, 739]
2026-07-25 11:50:55 | INFO     | jewelry_detector.image_processor | Center pixel: [435, 600]
2026-07-25 11:50:55 | INFO     | jewelry_detector.image_processor | OpenCV panel refine IoU = 0.857
2026-07-25 11:50:55 | INFO     | jewelry_detector.image_processor | Panel refined: [287, 416, 583, 785]
2026-07-25 11:50:55 | INFO     | jewelry_detector.image_processor | Panel refined (OpenCV): [287, 416, 583, 785]
2026-07-25 11:50:55 | INFO     | jewelry_detector.image_processor | Clean panel crop: raw_size=296x369 trim_left=19 trim_top=15 trim_right=0 trim_bottom=0 content_retained=99.8% success=True
2026-07-25 11:50:55 | INFO     | jewelry_detector.image_processor | Trimmed Object (ảnh gốc): [339, 468, 566, 753] | AI bbox gốc: [357,461,512,739]
2026-07-25 11:50:55 | INFO     | jewelry_detector.image_processor | Object refined (OpenCV Trim): [339, 468, 566, 753]
2026-07-25 11:50:55 | INFO     | jewelry_detector.image_processor | Đã lưu ảnh kết quả: 889485_back_result.jpg
2026-07-25 11:50:55 | INFO     | jewelry_detector.image_processor | Tổng thời gian xử lý: 0.02s
2026-07-25 11:50:55 | INFO     | jewelry_detector.image_processor | Kích thước ảnh: 1191 x 795 px
2026-07-25 11:50:55 | INFO     | jewelry_detector.image_processor | Panel pixel (AI): [596, 429, 869, 771]
2026-07-25 11:50:55 | INFO     | jewelry_detector.image_processor | Object pixel (AI): [655, 461, 810, 739]
2026-07-25 11:50:55 | INFO     | jewelry_detector.image_processor | Center pixel: [732, 600]
2026-07-25 11:50:55 | INFO     | jewelry_detector.image_processor | OpenCV panel refine IoU = 0.860
2026-07-25 11:50:55 | INFO     | jewelry_detector.image_processor | Panel refined: [585, 416, 880, 785]
2026-07-25 11:50:55 | INFO     | jewelry_detector.image_processor | Panel refined (OpenCV): [585, 416, 880, 785]
2026-07-25 11:50:55 | INFO     | jewelry_detector.image_processor | Clean panel crop: raw_size=295x369 trim_left=14 trim_top=15 trim_right=0 trim_bottom=0 content_retained=100.0% success=True
2026-07-25 11:50:55 | INFO     | jewelry_detector.image_processor | Trimmed Object (ảnh gốc): [599, 471, 880, 730] | AI bbox gốc: [655,461,810,739]
2026-07-25 11:50:55 | INFO     | jewelry_detector.image_processor | Object refined (OpenCV Trim): [599, 471, 880, 730]
2026-07-25 11:50:55 | INFO     | jewelry_detector.image_processor | Đã lưu ảnh kết quả: 889485_right_result.jpg
2026-07-25 11:50:55 | INFO     | jewelry_detector.image_processor | Tổng thời gian xử lý: 0.02s
2026-07-25 11:50:55 | INFO     | jewelry_detector.image_processor | Kích thước ảnh: 1191 x 795 px
2026-07-25 11:50:55 | INFO     | jewelry_detector.image_processor | Panel pixel (AI): [893, 429, 1167, 771]
2026-07-25 11:50:55 | INFO     | jewelry_detector.image_processor | Object pixel (AI): [953, 461, 1108, 739]
2026-07-25 11:50:55 | INFO     | jewelry_detector.image_processor | Center pixel: [1030, 600]
2026-07-25 11:50:55 | INFO     | jewelry_detector.image_processor | OpenCV panel refine IoU = 0.857
2026-07-25 11:50:55 | INFO     | jewelry_detector.image_processor | Panel refined: [882, 416, 1178, 785]
2026-07-25 11:50:55 | INFO     | jewelry_detector.image_processor | Panel refined (OpenCV): [882, 416, 1178, 785]
2026-07-25 11:50:55 | INFO     | jewelry_detector.image_processor | Clean panel crop: raw_size=296x369 trim_left=10 trim_top=15 trim_right=0 trim_bottom=0 content_retained=99.7% success=True
2026-07-25 11:50:55 | INFO     | jewelry_detector.image_processor | Trimmed Object (ảnh gốc): [963, 521, 1114, 785] | AI bbox gốc: [953,461,1108,739]
2026-07-25 11:50:55 | INFO     | jewelry_detector.image_processor | Object refined (OpenCV Trim): [963, 521, 1114, 785]
2026-07-25 11:50:55 | INFO     | jewelry_detector.image_processor | Đã lưu ảnh kết quả: 889485_bottom_result.jpg
2026-07-25 11:50:55 | INFO     | jewelry_detector.image_processor | Tổng thời gian xử lý: 0.02s
2026-07-25 11:50:55 | INFO     | jewelry_detector.image_processor | Kích thước ảnh: 1191 x 795 px
2026-07-25 11:50:55 | INFO     | jewelry_detector.image_processor | Panel pixel (AI): [0, 437, 298, 771]
2026-07-25 11:50:55 | INFO     | jewelry_detector.image_processor | Object pixel (AI): [60, 477, 214, 739]
2026-07-25 11:50:55 | INFO     | jewelry_detector.image_processor | Center pixel: [137, 608]
2026-07-25 11:50:55 | INFO     | jewelry_detector.image_processor | Object refined (OpenCV Trim): [89, 569, 216, 671]
2026-07-25 11:50:55 | INFO     | jewelry_detector.image_processor | Đã lưu ảnh kết quả: 889485_perspective_result.jpg
2026-07-25 11:50:55 | INFO     | jewelry_detector.image_processor | Tổng thời gian xử lý: 0.01s
2026-07-25 11:51:09 | INFO     | jewelry_detector.image_processor | Kích thước ảnh: 1717 x 1143 px
2026-07-25 11:51:09 | INFO     | jewelry_detector.image_processor | Panel pixel (AI): [429, 91, 858, 594]
2026-07-25 11:51:09 | INFO     | jewelry_detector.image_processor | Object pixel (AI): [464, 114, 824, 549]
2026-07-25 11:51:09 | INFO     | jewelry_detector.image_processor | Center pixel: [644, 331]
2026-07-25 11:51:09 | INFO     | jewelry_detector.image_processor | OpenCV panel refine IoU = 0.886
2026-07-25 11:51:09 | INFO     | jewelry_detector.image_processor | Panel refined: [412, 94, 876, 614]
2026-07-25 11:51:09 | INFO     | jewelry_detector.image_processor | Panel refined (OpenCV): [412, 94, 876, 614]
2026-07-25 11:51:09 | INFO     | jewelry_detector.image_processor | Clean panel crop: raw_size=464x520 trim_left=24 trim_top=4 trim_right=16 trim_bottom=0 content_retained=96.5% success=True
2026-07-25 11:51:09 | INFO     | jewelry_detector.image_processor | Trimmed Object (ảnh gốc): [492, 283, 837, 466] | AI bbox gốc: [464,114,824,549]
2026-07-25 11:51:09 | INFO     | jewelry_detector.image_processor | Object refined (OpenCV Trim): [492, 283, 837, 466]
2026-07-25 11:51:09 | INFO     | jewelry_detector.image_processor | Đã lưu ảnh kết quả: 889486 A_front_result.jpg
2026-07-25 11:51:09 | INFO     | jewelry_detector.image_processor | Tổng thời gian xử lý: 0.03s
2026-07-25 11:51:09 | INFO     | jewelry_detector.image_processor | Kích thước ảnh: 1717 x 1143 px
2026-07-25 11:51:09 | INFO     | jewelry_detector.image_processor | Panel pixel (AI): [858, 91, 1288, 594]
2026-07-25 11:51:09 | INFO     | jewelry_detector.image_processor | Object pixel (AI): [944, 114, 1202, 549]
2026-07-25 11:51:09 | INFO     | jewelry_detector.image_processor | Center pixel: [1073, 331]
2026-07-25 11:51:09 | INFO     | jewelry_detector.image_processor | OpenCV panel refine IoU = 0.886
2026-07-25 11:51:09 | INFO     | jewelry_detector.image_processor | Panel refined: [841, 94, 1305, 614]
2026-07-25 11:51:09 | INFO     | jewelry_detector.image_processor | Panel refined (OpenCV): [841, 94, 1305, 614]
2026-07-25 11:51:09 | INFO     | jewelry_detector.image_processor | Clean panel crop: raw_size=464x520 trim_left=23 trim_top=4 trim_right=17 trim_bottom=0 content_retained=99.5% success=True
2026-07-25 11:51:09 | INFO     | jewelry_detector.image_processor | Trimmed Object (ảnh gốc): [1003, 307, 1144, 452] | AI bbox gốc: [944,114,1202,549]
2026-07-25 11:51:09 | INFO     | jewelry_detector.image_processor | Object refined (OpenCV Trim): [1003, 307, 1144, 452]
2026-07-25 11:51:09 | INFO     | jewelry_detector.image_processor | Đã lưu ảnh kết quả: 889486 A_left_result.jpg
2026-07-25 11:51:09 | INFO     | jewelry_detector.image_processor | Tổng thời gian xử lý: 0.02s
2026-07-25 11:51:09 | INFO     | jewelry_detector.image_processor | Kích thước ảnh: 1717 x 1143 px
2026-07-25 11:51:09 | INFO     | jewelry_detector.image_processor | Panel pixel (AI): [1288, 91, 1717, 594]
2026-07-25 11:51:09 | INFO     | jewelry_detector.image_processor | Object pixel (AI): [1322, 114, 1665, 549]
2026-07-25 11:51:09 | INFO     | jewelry_detector.image_processor | Center pixel: [1494, 331]
2026-07-25 11:51:09 | INFO     | jewelry_detector.image_processor | OpenCV panel refine IoU = 0.922
2026-07-25 11:51:09 | INFO     | jewelry_detector.image_processor | Panel refined: [1271, 94, 1717, 614]
2026-07-25 11:51:09 | INFO     | jewelry_detector.image_processor | Panel refined (OpenCV): [1271, 94, 1717, 614]
2026-07-25 11:51:09 | INFO     | jewelry_detector.image_processor | Clean panel crop: raw_size=446x520 trim_left=22 trim_top=4 trim_right=0 trim_bottom=0 content_retained=100.0% success=True
2026-07-25 11:51:09 | INFO     | jewelry_detector.image_processor | Trimmed Object (ảnh gốc): [1339, 285, 1667, 443] | AI bbox gốc: [1322,114,1665,549]
2026-07-25 11:51:09 | INFO     | jewelry_detector.image_processor | Object refined (OpenCV Trim): [1339, 285, 1667, 443]
2026-07-25 11:51:09 | INFO     | jewelry_detector.image_processor | Đã lưu ảnh kết quả: 889486 A_top_result.jpg
2026-07-25 11:51:09 | INFO     | jewelry_detector.image_processor | Tổng thời gian xử lý: 0.03s
2026-07-25 11:51:09 | INFO     | jewelry_detector.image_processor | Kích thước ảnh: 1717 x 1143 px
2026-07-25 11:51:09 | INFO     | jewelry_detector.image_processor | Panel pixel (AI): [429, 594, 858, 1074]
2026-07-25 11:51:09 | INFO     | jewelry_detector.image_processor | Object pixel (AI): [464, 617, 824, 1029]
2026-07-25 11:51:09 | INFO     | jewelry_detector.image_processor | Center pixel: [644, 823]
2026-07-25 11:51:09 | INFO     | jewelry_detector.image_processor | OpenCV panel refine IoU = 0.856
2026-07-25 11:51:09 | INFO     | jewelry_detector.image_processor | Panel refined: [412, 575, 876, 1094]
2026-07-25 11:51:09 | INFO     | jewelry_detector.image_processor | Panel refined (OpenCV): [412, 575, 876, 1094]
2026-07-25 11:51:09 | INFO     | jewelry_detector.image_processor | Clean panel crop: raw_size=464x519 trim_left=24 trim_top=48 trim_right=16 trim_bottom=0 content_retained=98.1% success=True
2026-07-25 11:51:09 | INFO     | jewelry_detector.image_processor | Trimmed Object (ảnh gốc): [467, 793, 794, 973] | AI bbox gốc: [464,617,824,1029]
2026-07-25 11:51:09 | INFO     | jewelry_detector.image_processor | Object refined (OpenCV Trim): [467, 793, 794, 973]
2026-07-25 11:51:09 | INFO     | jewelry_detector.image_processor | Đã lưu ảnh kết quả: 889486 A_back_result.jpg
2026-07-25 11:51:09 | INFO     | jewelry_detector.image_processor | Tổng thời gian xử lý: 0.03s
2026-07-25 11:51:09 | INFO     | jewelry_detector.image_processor | Kích thước ảnh: 1717 x 1143 px
2026-07-25 11:51:09 | INFO     | jewelry_detector.image_processor | Panel pixel (AI): [858, 594, 1288, 1074]
2026-07-25 11:51:09 | INFO     | jewelry_detector.image_processor | Object pixel (AI): [944, 617, 1202, 1029]
2026-07-25 11:51:09 | INFO     | jewelry_detector.image_processor | Center pixel: [1073, 823]
2026-07-25 11:51:09 | INFO     | jewelry_detector.image_processor | OpenCV panel refine IoU = 0.856
2026-07-25 11:51:09 | INFO     | jewelry_detector.image_processor | Panel refined: [841, 575, 1305, 1094]
2026-07-25 11:51:09 | INFO     | jewelry_detector.image_processor | Panel refined (OpenCV): [841, 575, 1305, 1094]
2026-07-25 11:51:09 | INFO     | jewelry_detector.image_processor | Clean panel crop: raw_size=464x519 trim_left=23 trim_top=48 trim_right=17 trim_bottom=0 content_retained=97.1% success=True
2026-07-25 11:51:09 | INFO     | jewelry_detector.image_processor | Trimmed Object (ảnh gốc): [996, 817, 1153, 966] | AI bbox gốc: [944,617,1202,1029]
2026-07-25 11:51:09 | INFO     | jewelry_detector.image_processor | Object refined (OpenCV Trim): [996, 817, 1153, 966]
2026-07-25 11:51:09 | INFO     | jewelry_detector.image_processor | Đã lưu ảnh kết quả: 889486 A_right_result.jpg
2026-07-25 11:51:09 | INFO     | jewelry_detector.image_processor | Tổng thời gian xử lý: 0.02s
2026-07-25 11:51:09 | INFO     | jewelry_detector.image_processor | Kích thước ảnh: 1717 x 1143 px
2026-07-25 11:51:09 | INFO     | jewelry_detector.image_processor | Panel pixel (AI): [1288, 594, 1717, 1074]
2026-07-25 11:51:09 | INFO     | jewelry_detector.image_processor | Object pixel (AI): [1322, 617, 1665, 1029]
2026-07-25 11:51:09 | INFO     | jewelry_detector.image_processor | Center pixel: [1494, 823]
2026-07-25 11:51:09 | INFO     | jewelry_detector.image_processor | OpenCV panel refine IoU = 0.890
2026-07-25 11:51:09 | INFO     | jewelry_detector.image_processor | Panel refined: [1271, 575, 1717, 1094]
2026-07-25 11:51:09 | INFO     | jewelry_detector.image_processor | Panel refined (OpenCV): [1271, 575, 1717, 1094]
2026-07-25 11:51:09 | INFO     | jewelry_detector.image_processor | Clean panel crop: raw_size=446x519 trim_left=22 trim_top=48 trim_right=0 trim_bottom=0 content_retained=100.0% success=True
2026-07-25 11:51:09 | INFO     | jewelry_detector.image_processor | Trimmed Object (ảnh gốc): [1332, 801, 1667, 962] | AI bbox gốc: [1322,617,1665,1029]
2026-07-25 11:51:09 | INFO     | jewelry_detector.image_processor | Object refined (OpenCV Trim): [1332, 801, 1667, 962]
2026-07-25 11:51:09 | INFO     | jewelry_detector.image_processor | Đã lưu ảnh kết quả: 889486 A_bottom_result.jpg
2026-07-25 11:51:09 | INFO     | jewelry_detector.image_processor | Tổng thời gian xử lý: 0.03s
2026-07-25 11:51:09 | INFO     | jewelry_detector.image_processor | Kích thước ảnh: 1717 x 1143 px
2026-07-25 11:51:09 | INFO     | jewelry_detector.image_processor | Panel pixel (AI): [0, 629, 429, 1143]
2026-07-25 11:51:09 | INFO     | jewelry_detector.image_processor | Object pixel (AI): [17, 652, 412, 1120]
2026-07-25 11:51:09 | INFO     | jewelry_detector.image_processor | Center pixel: [215, 886]
2026-07-25 11:51:09 | INFO     | jewelry_detector.image_processor | Object refined (OpenCV Trim): [1, 780, 496, 989]
2026-07-25 11:51:09 | INFO     | jewelry_detector.image_processor | Đã lưu ảnh kết quả: 889486 A_perspective_result.jpg
2026-07-25 11:51:09 | INFO     | jewelry_detector.image_processor | Tổng thời gian xử lý: 0.02s
2026-07-25 11:51:23 | INFO     | jewelry_detector.image_processor | Kích thước ảnh: 1721 x 1142 px
2026-07-25 11:51:23 | INFO     | jewelry_detector.image_processor | Panel pixel (AI): [430, 91, 860, 571]
2026-07-25 11:51:23 | INFO     | jewelry_detector.image_processor | Object pixel (AI): [465, 114, 826, 548]
2026-07-25 11:51:23 | INFO     | jewelry_detector.image_processor | Center pixel: [645, 331]
2026-07-25 11:51:23 | INFO     | jewelry_detector.image_processor | OpenCV panel refine IoU = 0.857
2026-07-25 11:51:23 | INFO     | jewelry_detector.image_processor | Panel refined: [413, 72, 878, 590]
2026-07-25 11:51:23 | INFO     | jewelry_detector.image_processor | Panel refined (OpenCV): [413, 72, 878, 590]
2026-07-25 11:51:23 | INFO     | jewelry_detector.image_processor | Clean panel crop: raw_size=465x518 trim_left=28 trim_top=21 trim_right=13 trim_bottom=0 content_retained=96.8% success=True
2026-07-25 11:51:23 | INFO     | jewelry_detector.image_processor | Trimmed Object (ảnh gốc): [480, 278, 865, 461] | AI bbox gốc: [465,114,826,548]
2026-07-25 11:51:23 | INFO     | jewelry_detector.image_processor | Object refined (OpenCV Trim): [480, 278, 865, 461]
2026-07-25 11:51:23 | INFO     | jewelry_detector.image_processor | Đã lưu ảnh kết quả: 889486 B+F_front_result.jpg
2026-07-25 11:51:23 | INFO     | jewelry_detector.image_processor | Tổng thời gian xử lý: 0.03s
2026-07-25 11:51:23 | INFO     | jewelry_detector.image_processor | Kích thước ảnh: 1721 x 1142 px
2026-07-25 11:51:23 | INFO     | jewelry_detector.image_processor | Panel pixel (AI): [860, 91, 1291, 571]
2026-07-25 11:51:23 | INFO     | jewelry_detector.image_processor | Object pixel (AI): [912, 114, 1239, 548]
2026-07-25 11:51:23 | INFO     | jewelry_detector.image_processor | Center pixel: [1076, 331]
2026-07-25 11:51:23 | INFO     | jewelry_detector.image_processor | OpenCV panel refine IoU = 0.857
2026-07-25 11:51:23 | INFO     | jewelry_detector.image_processor | Panel refined: [843, 72, 1308, 590]
2026-07-25 11:51:23 | INFO     | jewelry_detector.image_processor | Panel refined (OpenCV): [843, 72, 1308, 590]
2026-07-25 11:51:23 | INFO     | jewelry_detector.image_processor | Clean panel crop: raw_size=465x518 trim_left=26 trim_top=21 trim_right=15 trim_bottom=0 content_retained=97.8% success=True
2026-07-25 11:51:23 | INFO     | jewelry_detector.image_processor | Trimmed Object (ảnh gốc): [1002, 294, 1147, 449] | AI bbox gốc: [912,114,1239,548]
2026-07-25 11:51:23 | INFO     | jewelry_detector.image_processor | Object refined (OpenCV Trim): [1002, 294, 1147, 449]
2026-07-25 11:51:23 | INFO     | jewelry_detector.image_processor | Đã lưu ảnh kết quả: 889486 B+F_left_result.jpg
2026-07-25 11:51:23 | INFO     | jewelry_detector.image_processor | Tổng thời gian xử lý: 0.02s
2026-07-25 11:51:23 | INFO     | jewelry_detector.image_processor | Kích thước ảnh: 1721 x 1142 px
2026-07-25 11:51:23 | INFO     | jewelry_detector.image_processor | Panel pixel (AI): [1291, 91, 1721, 571]
2026-07-25 11:51:23 | INFO     | jewelry_detector.image_processor | Object pixel (AI): [1342, 114, 1669, 548]
2026-07-25 11:51:23 | INFO     | jewelry_detector.image_processor | Center pixel: [1506, 331]
2026-07-25 11:51:23 | INFO     | jewelry_detector.image_processor | OpenCV panel refine IoU = 0.891
2026-07-25 11:51:23 | INFO     | jewelry_detector.image_processor | Panel refined: [1274, 72, 1721, 590]
2026-07-25 11:51:23 | INFO     | jewelry_detector.image_processor | Panel refined (OpenCV): [1274, 72, 1721, 590]
2026-07-25 11:51:23 | INFO     | jewelry_detector.image_processor | Clean panel crop: raw_size=447x518 trim_left=24 trim_top=21 trim_right=0 trim_bottom=0 content_retained=100.0% success=True
2026-07-25 11:51:23 | INFO     | jewelry_detector.image_processor | Trimmed Object (ảnh gốc): [1331, 273, 1699, 437] | AI bbox gốc: [1342,114,1669,548]
2026-07-25 11:51:23 | INFO     | jewelry_detector.image_processor | Object refined (OpenCV Trim): [1331, 273, 1699, 437]
2026-07-25 11:51:23 | INFO     | jewelry_detector.image_processor | Đã lưu ảnh kết quả: 889486 B+F_top_result.jpg
2026-07-25 11:51:23 | INFO     | jewelry_detector.image_processor | Tổng thời gian xử lý: 0.03s
2026-07-25 11:51:23 | INFO     | jewelry_detector.image_processor | Kích thước ảnh: 1721 x 1142 px
2026-07-25 11:51:23 | INFO     | jewelry_detector.image_processor | Panel pixel (AI): [430, 571, 860, 914]
2026-07-25 11:51:23 | INFO     | jewelry_detector.image_processor | Object pixel (AI): [465, 594, 826, 891]
2026-07-25 11:51:23 | INFO     | jewelry_detector.image_processor | Center pixel: [645, 742]
2026-07-25 11:51:23 | INFO     | jewelry_detector.image_processor | OpenCV panel refine IoU = 0.857
2026-07-25 11:51:23 | INFO     | jewelry_detector.image_processor | Panel refined: [413, 557, 878, 927]
2026-07-25 11:51:23 | INFO     | jewelry_detector.image_processor | Panel refined (OpenCV): [413, 557, 878, 927]
2026-07-25 11:51:23 | INFO     | jewelry_detector.image_processor | Clean panel crop: raw_size=465x370 trim_left=28 trim_top=61 trim_right=13 trim_bottom=0 content_retained=98.9% success=True
2026-07-25 11:51:23 | INFO     | jewelry_detector.image_processor | Trimmed Object (ảnh gốc): [448, 788, 815, 927] | AI bbox gốc: [465,594,826,891]
2026-07-25 11:51:23 | INFO     | jewelry_detector.image_processor | Object refined (OpenCV Trim): [448, 788, 815, 927]
2026-07-25 11:51:23 | INFO     | jewelry_detector.image_processor | Đã lưu ảnh kết quả: 889486 B+F_back_result.jpg
2026-07-25 11:51:23 | INFO     | jewelry_detector.image_processor | Tổng thời gian xử lý: 0.02s
2026-07-25 11:51:23 | INFO     | jewelry_detector.image_processor | Kích thước ảnh: 1721 x 1142 px
2026-07-25 11:51:23 | INFO     | jewelry_detector.image_processor | Panel pixel (AI): [860, 571, 1291, 914]
2026-07-25 11:51:23 | INFO     | jewelry_detector.image_processor | Object pixel (AI): [912, 594, 1239, 891]
2026-07-25 11:51:23 | INFO     | jewelry_detector.image_processor | Center pixel: [1076, 742]
2026-07-25 11:51:23 | INFO     | jewelry_detector.image_processor | OpenCV panel refine IoU = 0.857
2026-07-25 11:51:23 | INFO     | jewelry_detector.image_processor | Panel refined: [843, 557, 1308, 927]
2026-07-25 11:51:23 | INFO     | jewelry_detector.image_processor | Panel refined (OpenCV): [843, 557, 1308, 927]
2026-07-25 11:51:23 | INFO     | jewelry_detector.image_processor | Clean panel crop: raw_size=465x370 trim_left=26 trim_top=61 trim_right=15 trim_bottom=0 content_retained=97.5% success=True
2026-07-25 11:51:23 | INFO     | jewelry_detector.image_processor | Trimmed Object (ảnh gốc): [1004, 804, 1139, 927] | AI bbox gốc: [912,594,1239,891]
2026-07-25 11:51:23 | INFO     | jewelry_detector.image_processor | Object refined (OpenCV Trim): [1004, 804, 1139, 927]
2026-07-25 11:51:23 | INFO     | jewelry_detector.image_processor | Đã lưu ảnh kết quả: 889486 B+F_right_result.jpg
2026-07-25 11:51:23 | INFO     | jewelry_detector.image_processor | Tổng thời gian xử lý: 0.02s
2026-07-25 11:51:23 | INFO     | jewelry_detector.image_processor | Kích thước ảnh: 1721 x 1142 px
2026-07-25 11:51:23 | INFO     | jewelry_detector.image_processor | Panel pixel (AI): [1291, 571, 1721, 914]
2026-07-25 11:51:23 | INFO     | jewelry_detector.image_processor | Object pixel (AI): [1342, 594, 1669, 891]
2026-07-25 11:51:23 | INFO     | jewelry_detector.image_processor | Center pixel: [1506, 742]
2026-07-25 11:51:23 | INFO     | jewelry_detector.image_processor | OpenCV panel refine IoU = 0.891
2026-07-25 11:51:23 | INFO     | jewelry_detector.image_processor | Panel refined: [1274, 557, 1721, 927]
2026-07-25 11:51:23 | INFO     | jewelry_detector.image_processor | Panel refined (OpenCV): [1274, 557, 1721, 927]
2026-07-25 11:51:23 | INFO     | jewelry_detector.image_processor | Clean panel crop: raw_size=447x370 trim_left=24 trim_top=61 trim_right=0 trim_bottom=0 content_retained=100.0% success=True
2026-07-25 11:51:23 | INFO     | jewelry_detector.image_processor | Trimmed Object (ảnh gốc): [1323, 797, 1699, 927] | AI bbox gốc: [1342,594,1669,891]
2026-07-25 11:51:23 | INFO     | jewelry_detector.image_processor | Object refined (OpenCV Trim): [1323, 797, 1699, 927]
2026-07-25 11:51:23 | INFO     | jewelry_detector.image_processor | Đã lưu ảnh kết quả: 889486 B+F_bottom_result.jpg
2026-07-25 11:51:23 | INFO     | jewelry_detector.image_processor | Tổng thời gian xử lý: 0.02s
2026-07-25 11:51:23 | INFO     | jewelry_detector.image_processor | Kích thước ảnh: 1721 x 1142 px
2026-07-25 11:51:23 | INFO     | jewelry_detector.image_processor | Panel pixel (AI): [0, 628, 430, 1142]
2026-07-25 11:51:23 | INFO     | jewelry_detector.image_processor | Object pixel (AI): [34, 651, 396, 1119]
2026-07-25 11:51:23 | INFO     | jewelry_detector.image_processor | Center pixel: [215, 885]
2026-07-25 11:51:23 | INFO     | jewelry_detector.image_processor | Object refined (OpenCV Trim): [39, 751, 481, 925]
2026-07-25 11:51:23 | INFO     | jewelry_detector.image_processor | Đã lưu ảnh kết quả: 889486 B+F_perspective_result.jpg
2026-07-25 11:51:23 | INFO     | jewelry_detector.image_processor | Tổng thời gian xử lý: 0.02s
2026-07-25 11:51:37 | INFO     | jewelry_detector.image_processor | Kích thước ảnh: 1714 x 1138 px
2026-07-25 11:51:37 | INFO     | jewelry_detector.image_processor | Panel pixel (AI): [428, 91, 857, 603]
2026-07-25 11:51:37 | INFO     | jewelry_detector.image_processor | Object pixel (AI): [463, 114, 823, 580]
2026-07-25 11:51:37 | INFO     | jewelry_detector.image_processor | Center pixel: [643, 347]
2026-07-25 11:51:37 | INFO     | jewelry_detector.image_processor | OpenCV panel refine IoU = 0.886
2026-07-25 11:51:37 | INFO     | jewelry_detector.image_processor | Panel refined: [411, 93, 874, 624]
2026-07-25 11:51:37 | INFO     | jewelry_detector.image_processor | Panel refined (OpenCV): [411, 93, 874, 624]
2026-07-25 11:51:37 | INFO     | jewelry_detector.image_processor | Clean panel crop: raw_size=463x531 trim_left=24 trim_top=4 trim_right=15 trim_bottom=6 content_retained=97.3% success=True
2026-07-25 11:51:37 | INFO     | jewelry_detector.image_processor | Trimmed Object (ảnh gốc): [468, 285, 859, 466] | AI bbox gốc: [463,114,823,580]
2026-07-25 11:51:37 | INFO     | jewelry_detector.image_processor | Object refined (OpenCV Trim): [468, 285, 859, 466]
2026-07-25 11:51:37 | INFO     | jewelry_detector.image_processor | Đã lưu ảnh kết quả: 889486 C+E_front_result.jpg
2026-07-25 11:51:37 | INFO     | jewelry_detector.image_processor | Tổng thời gian xử lý: 0.03s
2026-07-25 11:51:37 | INFO     | jewelry_detector.image_processor | Kích thước ảnh: 1714 x 1138 px
2026-07-25 11:51:37 | INFO     | jewelry_detector.image_processor | Panel pixel (AI): [857, 91, 1286, 603]
2026-07-25 11:51:37 | INFO     | jewelry_detector.image_processor | Object pixel (AI): [943, 114, 1200, 580]
2026-07-25 11:51:37 | INFO     | jewelry_detector.image_processor | Center pixel: [1071, 347]
2026-07-25 11:51:37 | INFO     | jewelry_detector.image_processor | OpenCV panel refine IoU = 0.886
2026-07-25 11:51:37 | INFO     | jewelry_detector.image_processor | Panel refined: [840, 93, 1303, 624]
2026-07-25 11:51:37 | INFO     | jewelry_detector.image_processor | Panel refined (OpenCV): [840, 93, 1303, 624]
2026-07-25 11:51:37 | INFO     | jewelry_detector.image_processor | Clean panel crop: raw_size=463x531 trim_left=23 trim_top=4 trim_right=16 trim_bottom=6 content_retained=98.0% success=True
2026-07-25 11:51:37 | INFO     | jewelry_detector.image_processor | Trimmed Object (ảnh gốc): [1010, 296, 1159, 457] | AI bbox gốc: [943,114,1200,580]
2026-07-25 11:51:37 | INFO     | jewelry_detector.image_processor | Object refined (OpenCV Trim): [1010, 296, 1159, 457]
2026-07-25 11:51:37 | INFO     | jewelry_detector.image_processor | Đã lưu ảnh kết quả: 889486 C+E_left_result.jpg
2026-07-25 11:51:37 | INFO     | jewelry_detector.image_processor | Tổng thời gian xử lý: 0.03s
2026-07-25 11:51:37 | INFO     | jewelry_detector.image_processor | Kích thước ảnh: 1714 x 1138 px
2026-07-25 11:51:37 | INFO     | jewelry_detector.image_processor | Panel pixel (AI): [1286, 91, 1714, 603]
2026-07-25 11:51:37 | INFO     | jewelry_detector.image_processor | Object pixel (AI): [1337, 114, 1663, 580]
2026-07-25 11:51:37 | INFO     | jewelry_detector.image_processor | Center pixel: [1500, 347]
2026-07-25 11:51:37 | INFO     | jewelry_detector.image_processor | OpenCV panel refine IoU = 0.920
2026-07-25 11:51:37 | INFO     | jewelry_detector.image_processor | Panel refined: [1268, 93, 1714, 624]
2026-07-25 11:51:37 | INFO     | jewelry_detector.image_processor | Panel refined (OpenCV): [1268, 93, 1714, 624]
2026-07-25 11:51:37 | INFO     | jewelry_detector.image_processor | Clean panel crop: raw_size=446x531 trim_left=24 trim_top=4 trim_right=0 trim_bottom=6 content_retained=100.0% success=True
2026-07-25 11:51:37 | INFO     | jewelry_detector.image_processor | Trimmed Object (ảnh gốc): [1318, 283, 1697, 448] | AI bbox gốc: [1337,114,1663,580]
2026-07-25 11:51:37 | INFO     | jewelry_detector.image_processor | Object refined (OpenCV Trim): [1318, 283, 1697, 448]
2026-07-25 11:51:37 | INFO     | jewelry_detector.image_processor | Đã lưu ảnh kết quả: 889486 C+E_top_result.jpg
2026-07-25 11:51:37 | INFO     | jewelry_detector.image_processor | Tổng thời gian xử lý: 0.03s
2026-07-25 11:51:37 | INFO     | jewelry_detector.image_processor | Kích thước ảnh: 1714 x 1138 px
2026-07-25 11:51:37 | INFO     | jewelry_detector.image_processor | Panel pixel (AI): [428, 603, 857, 1115]
2026-07-25 11:51:37 | INFO     | jewelry_detector.image_processor | Object pixel (AI): [463, 626, 823, 1092]
2026-07-25 11:51:37 | INFO     | jewelry_detector.image_processor | Center pixel: [643, 871]
2026-07-25 11:51:37 | INFO     | jewelry_detector.image_processor | OpenCV panel refine IoU = 0.857
2026-07-25 11:51:37 | INFO     | jewelry_detector.image_processor | Panel refined: [411, 583, 874, 1136]
2026-07-25 11:51:37 | INFO     | jewelry_detector.image_processor | Panel refined (OpenCV): [411, 583, 874, 1136]
2026-07-25 11:51:37 | INFO     | jewelry_detector.image_processor | Clean panel crop: raw_size=463x553 trim_left=24 trim_top=39 trim_right=15 trim_bottom=0 content_retained=99.1% success=True
2026-07-25 11:51:37 | INFO     | jewelry_detector.image_processor | Trimmed Object (ảnh gốc): [449, 791, 823, 970] | AI bbox gốc: [463,626,823,1092]
2026-07-25 11:51:37 | INFO     | jewelry_detector.image_processor | Object refined (OpenCV Trim): [449, 791, 823, 970]
2026-07-25 11:51:37 | INFO     | jewelry_detector.image_processor | Đã lưu ảnh kết quả: 889486 C+E_back_result.jpg
2026-07-25 11:51:37 | INFO     | jewelry_detector.image_processor | Tổng thời gian xử lý: 0.03s
2026-07-25 11:51:37 | INFO     | jewelry_detector.image_processor | Kích thước ảnh: 1714 x 1138 px
2026-07-25 11:51:37 | INFO     | jewelry_detector.image_processor | Panel pixel (AI): [857, 603, 1286, 1115]
2026-07-25 11:51:37 | INFO     | jewelry_detector.image_processor | Object pixel (AI): [943, 626, 1200, 1092]
2026-07-25 11:51:37 | INFO     | jewelry_detector.image_processor | Center pixel: [1071, 871]
2026-07-25 11:51:37 | INFO     | jewelry_detector.image_processor | OpenCV panel refine IoU = 0.857
2026-07-25 11:51:37 | INFO     | jewelry_detector.image_processor | Panel refined: [840, 583, 1303, 1136]
2026-07-25 11:51:37 | INFO     | jewelry_detector.image_processor | Panel refined (OpenCV): [840, 583, 1303, 1136]
2026-07-25 11:51:37 | INFO     | jewelry_detector.image_processor | Clean panel crop: raw_size=463x553 trim_left=23 trim_top=39 trim_right=16 trim_bottom=0 content_retained=98.1% success=True
2026-07-25 11:51:37 | INFO     | jewelry_detector.image_processor | Trimmed Object (ảnh gốc): [987, 804, 1162, 968] | AI bbox gốc: [943,626,1200,1092]
2026-07-25 11:51:37 | INFO     | jewelry_detector.image_processor | Object refined (OpenCV Trim): [987, 804, 1162, 968]
2026-07-25 11:51:37 | INFO     | jewelry_detector.image_processor | Đã lưu ảnh kết quả: 889486 C+E_right_result.jpg
2026-07-25 11:51:37 | INFO     | jewelry_detector.image_processor | Tổng thời gian xử lý: 0.03s
2026-07-25 11:51:37 | INFO     | jewelry_detector.image_processor | Kích thước ảnh: 1714 x 1138 px
2026-07-25 11:51:37 | INFO     | jewelry_detector.image_processor | Panel pixel (AI): [1286, 603, 1714, 1115]
2026-07-25 11:51:37 | INFO     | jewelry_detector.image_processor | Object pixel (AI): [1337, 626, 1663, 1092]
2026-07-25 11:51:37 | INFO     | jewelry_detector.image_processor | Center pixel: [1500, 871]
2026-07-25 11:51:37 | INFO     | jewelry_detector.image_processor | OpenCV panel refine IoU = 0.890
2026-07-25 11:51:37 | INFO     | jewelry_detector.image_processor | Panel refined: [1268, 583, 1714, 1136]
2026-07-25 11:51:37 | INFO     | jewelry_detector.image_processor | Panel refined (OpenCV): [1268, 583, 1714, 1136]
2026-07-25 11:51:37 | INFO     | jewelry_detector.image_processor | Clean panel crop: raw_size=446x553 trim_left=24 trim_top=39 trim_right=0 trim_bottom=0 content_retained=100.0% success=True
2026-07-25 11:51:37 | INFO     | jewelry_detector.image_processor | Trimmed Object (ảnh gốc): [1311, 794, 1697, 962] | AI bbox gốc: [1337,626,1663,1092]
2026-07-25 11:51:37 | INFO     | jewelry_detector.image_processor | Object refined (OpenCV Trim): [1311, 794, 1697, 962]
2026-07-25 11:51:37 | INFO     | jewelry_detector.image_processor | Đã lưu ảnh kết quả: 889486 C+E_bottom_result.jpg
2026-07-25 11:51:37 | INFO     | jewelry_detector.image_processor | Tổng thời gian xử lý: 0.03s
2026-07-25 11:51:37 | INFO     | jewelry_detector.image_processor | Kích thước ảnh: 1714 x 1138 px
2026-07-25 11:51:37 | INFO     | jewelry_detector.image_processor | Panel pixel (AI): [0, 626, 428, 1115]
2026-07-25 11:51:37 | INFO     | jewelry_detector.image_processor | Object pixel (AI): [34, 649, 394, 1092]
2026-07-25 11:51:37 | INFO     | jewelry_detector.image_processor | Center pixel: [214, 871]
2026-07-25 11:51:37 | INFO     | jewelry_detector.image_processor | Object refined (OpenCV Trim): [24, 744, 478, 927]
2026-07-25 11:51:37 | INFO     | jewelry_detector.image_processor | Đã lưu ảnh kết quả: 889486 C+E_perspective_result.jpg
2026-07-25 11:51:37 | INFO     | jewelry_detector.image_processor | Tổng thời gian xử lý: 0.02s
2026-07-25 11:51:51 | INFO     | jewelry_detector.image_processor | Kích thước ảnh: 1717 x 1147 px
2026-07-25 11:51:51 | INFO     | jewelry_detector.image_processor | Panel pixel (AI): [429, 92, 858, 596]
2026-07-25 11:51:51 | INFO     | jewelry_detector.image_processor | Object pixel (AI): [464, 115, 824, 551]
2026-07-25 11:51:51 | INFO     | jewelry_detector.image_processor | Center pixel: [644, 333]
2026-07-25 11:51:51 | INFO     | jewelry_detector.image_processor | OpenCV panel refine IoU = 0.857
2026-07-25 11:51:51 | INFO     | jewelry_detector.image_processor | Panel refined: [412, 72, 876, 617]
2026-07-25 11:51:51 | INFO     | jewelry_detector.image_processor | Panel refined (OpenCV): [412, 72, 876, 617]
2026-07-25 11:51:51 | INFO     | jewelry_detector.image_processor | Clean panel crop: raw_size=464x545 trim_left=25 trim_top=23 trim_right=15 trim_bottom=0 content_retained=96.7% success=True
2026-07-25 11:51:51 | INFO     | jewelry_detector.image_processor | Trimmed Object (ảnh gốc): [484, 297, 835, 447] | AI bbox gốc: [464,115,824,551]
2026-07-25 11:51:51 | INFO     | jewelry_detector.image_processor | Object refined (OpenCV Trim): [484, 297, 835, 447]
2026-07-25 11:51:51 | INFO     | jewelry_detector.image_processor | Đã lưu ảnh kết quả: 889486 D_front_result.jpg
2026-07-25 11:51:51 | INFO     | jewelry_detector.image_processor | Tổng thời gian xử lý: 0.03s
2026-07-25 11:51:51 | INFO     | jewelry_detector.image_processor | Kích thước ảnh: 1717 x 1147 px
2026-07-25 11:51:51 | INFO     | jewelry_detector.image_processor | Panel pixel (AI): [858, 92, 1288, 596]
2026-07-25 11:51:51 | INFO     | jewelry_detector.image_processor | Object pixel (AI): [910, 115, 1236, 551]
2026-07-25 11:51:51 | INFO     | jewelry_detector.image_processor | Center pixel: [1073, 333]
2026-07-25 11:51:51 | INFO     | jewelry_detector.image_processor | OpenCV panel refine IoU = 0.857
2026-07-25 11:51:51 | INFO     | jewelry_detector.image_processor | Panel refined: [841, 72, 1305, 617]
2026-07-25 11:51:51 | INFO     | jewelry_detector.image_processor | Panel refined (OpenCV): [841, 72, 1305, 617]
2026-07-25 11:51:51 | INFO     | jewelry_detector.image_processor | Clean panel crop: raw_size=464x545 trim_left=24 trim_top=23 trim_right=16 trim_bottom=0 content_retained=99.8% success=True
2026-07-25 11:51:51 | INFO     | jewelry_detector.image_processor | Trimmed Object (ảnh gốc): [1034, 313, 1173, 455] | AI bbox gốc: [910,115,1236,551]
2026-07-25 11:51:51 | INFO     | jewelry_detector.image_processor | Object refined (OpenCV Trim): [1034, 313, 1173, 455]
2026-07-25 11:51:51 | INFO     | jewelry_detector.image_processor | Đã lưu ảnh kết quả: 889486 D_left_result.jpg
2026-07-25 11:51:51 | INFO     | jewelry_detector.image_processor | Tổng thời gian xử lý: 0.03s
2026-07-25 11:51:51 | INFO     | jewelry_detector.image_processor | Kích thước ảnh: 1717 x 1147 px
2026-07-25 11:51:51 | INFO     | jewelry_detector.image_processor | Panel pixel (AI): [1288, 92, 1717, 596]
2026-07-25 11:51:51 | INFO     | jewelry_detector.image_processor | Object pixel (AI): [1339, 115, 1665, 551]
2026-07-25 11:51:51 | INFO     | jewelry_detector.image_processor | Center pixel: [1502, 333]
2026-07-25 11:51:51 | INFO     | jewelry_detector.image_processor | OpenCV panel refine IoU = 0.891
2026-07-25 11:51:51 | INFO     | jewelry_detector.image_processor | Panel refined: [1271, 72, 1717, 617]
2026-07-25 11:51:51 | INFO     | jewelry_detector.image_processor | Panel refined (OpenCV): [1271, 72, 1717, 617]
2026-07-25 11:51:51 | INFO     | jewelry_detector.image_processor | Clean panel crop: raw_size=446x545 trim_left=23 trim_top=23 trim_right=0 trim_bottom=0 content_retained=100.0% success=True
2026-07-25 11:51:51 | INFO     | jewelry_detector.image_processor | Trimmed Object (ảnh gốc): [1312, 287, 1715, 442] | AI bbox gốc: [1339,115,1665,551]
2026-07-25 11:51:51 | INFO     | jewelry_detector.image_processor | Object refined (OpenCV Trim): [1312, 287, 1715, 442]
2026-07-25 11:51:51 | INFO     | jewelry_detector.image_processor | Đã lưu ảnh kết quả: 889486 D_top_result.jpg
2026-07-25 11:51:51 | INFO     | jewelry_detector.image_processor | Tổng thời gian xử lý: 0.03s
2026-07-25 11:51:51 | INFO     | jewelry_detector.image_processor | Kích thước ảnh: 1717 x 1147 px
2026-07-25 11:51:51 | INFO     | jewelry_detector.image_processor | Panel pixel (AI): [429, 596, 858, 1078]
2026-07-25 11:51:51 | INFO     | jewelry_detector.image_processor | Object pixel (AI): [464, 619, 824, 1032]
2026-07-25 11:51:51 | INFO     | jewelry_detector.image_processor | Center pixel: [644, 826]
2026-07-25 11:51:51 | INFO     | jewelry_detector.image_processor | OpenCV panel refine IoU = 0.857
2026-07-25 11:51:51 | INFO     | jewelry_detector.image_processor | Panel refined: [412, 577, 876, 1097]
2026-07-25 11:51:51 | INFO     | jewelry_detector.image_processor | Panel refined (OpenCV): [412, 577, 876, 1097]
2026-07-25 11:51:51 | INFO     | jewelry_detector.image_processor | Clean panel crop: raw_size=464x520 trim_left=25 trim_top=43 trim_right=15 trim_bottom=0 content_retained=99.4% success=True
2026-07-25 11:51:51 | INFO     | jewelry_detector.image_processor | Trimmed Object (ảnh gốc): [471, 788, 807, 938] | AI bbox gốc: [464,619,824,1032]
2026-07-25 11:51:51 | INFO     | jewelry_detector.image_processor | Object refined (OpenCV Trim): [471, 788, 807, 938]
2026-07-25 11:51:51 | INFO     | jewelry_detector.image_processor | Đã lưu ảnh kết quả: 889486 D_back_result.jpg
2026-07-25 11:51:51 | INFO     | jewelry_detector.image_processor | Tổng thời gian xử lý: 0.03s
2026-07-25 11:51:51 | INFO     | jewelry_detector.image_processor | Kích thước ảnh: 1717 x 1147 px
2026-07-25 11:51:51 | INFO     | jewelry_detector.image_processor | Panel pixel (AI): [858, 596, 1288, 1078]
2026-07-25 11:51:51 | INFO     | jewelry_detector.image_processor | Object pixel (AI): [910, 619, 1236, 1032]
2026-07-25 11:51:51 | INFO     | jewelry_detector.image_processor | Center pixel: [1073, 826]
2026-07-25 11:51:51 | INFO     | jewelry_detector.image_processor | OpenCV panel refine IoU = 0.857
2026-07-25 11:51:51 | INFO     | jewelry_detector.image_processor | Panel refined: [841, 577, 1305, 1097]
2026-07-25 11:51:51 | INFO     | jewelry_detector.image_processor | Panel refined (OpenCV): [841, 577, 1305, 1097]
2026-07-25 11:51:51 | INFO     | jewelry_detector.image_processor | Clean panel crop: raw_size=464x520 trim_left=24 trim_top=43 trim_right=16 trim_bottom=0 content_retained=98.3% success=True
2026-07-25 11:51:51 | INFO     | jewelry_detector.image_processor | Trimmed Object (ảnh gốc): [977, 821, 1133, 966] | AI bbox gốc: [910,619,1236,1032]
2026-07-25 11:51:51 | INFO     | jewelry_detector.image_processor | Object refined (OpenCV Trim): [977, 821, 1133, 966]
2026-07-25 11:51:51 | INFO     | jewelry_detector.image_processor | Đã lưu ảnh kết quả: 889486 D_right_result.jpg
2026-07-25 11:51:51 | INFO     | jewelry_detector.image_processor | Tổng thời gian xử lý: 0.03s
2026-07-25 11:51:51 | INFO     | jewelry_detector.image_processor | Kích thước ảnh: 1717 x 1147 px
2026-07-25 11:51:51 | INFO     | jewelry_detector.image_processor | Panel pixel (AI): [1288, 596, 1717, 1078]
2026-07-25 11:51:51 | INFO     | jewelry_detector.image_processor | Object pixel (AI): [1339, 619, 1665, 1032]
2026-07-25 11:51:51 | INFO     | jewelry_detector.image_processor | Center pixel: [1502, 826]
2026-07-25 11:51:51 | INFO     | jewelry_detector.image_processor | OpenCV panel refine IoU = 0.892
2026-07-25 11:51:51 | INFO     | jewelry_detector.image_processor | Panel refined: [1271, 577, 1717, 1097]
2026-07-25 11:51:51 | INFO     | jewelry_detector.image_processor | Panel refined (OpenCV): [1271, 577, 1717, 1097]
2026-07-25 11:51:51 | INFO     | jewelry_detector.image_processor | Clean panel crop: raw_size=446x520 trim_left=23 trim_top=43 trim_right=0 trim_bottom=0 content_retained=100.0% success=True
2026-07-25 11:51:51 | INFO     | jewelry_detector.image_processor | Trimmed Object (ảnh gốc): [1304, 796, 1715, 954] | AI bbox gốc: [1339,619,1665,1032]
2026-07-25 11:51:51 | INFO     | jewelry_detector.image_processor | Object refined (OpenCV Trim): [1304, 796, 1715, 954]
2026-07-25 11:51:51 | INFO     | jewelry_detector.image_processor | Đã lưu ảnh kết quả: 889486 D_bottom_result.jpg
2026-07-25 11:51:51 | INFO     | jewelry_detector.image_processor | Tổng thời gian xử lý: 0.03s
2026-07-25 11:51:51 | INFO     | jewelry_detector.image_processor | Kích thước ảnh: 1717 x 1147 px
2026-07-25 11:51:51 | INFO     | jewelry_detector.image_processor | Panel pixel (AI): [0, 631, 429, 1078]
2026-07-25 11:51:51 | INFO     | jewelry_detector.image_processor | Object pixel (AI): [34, 654, 395, 1055]
2026-07-25 11:51:51 | INFO     | jewelry_detector.image_processor | Center pixel: [215, 855]
2026-07-25 11:51:51 | INFO     | jewelry_detector.image_processor | Object refined (OpenCV Trim): [33, 789, 386, 897]
2026-07-25 11:51:51 | INFO     | jewelry_detector.image_processor | Đã lưu ảnh kết quả: 889486 D_perspective_result.jpg
2026-07-25 11:51:51 | INFO     | jewelry_detector.image_processor | Tổng thời gian xử lý: 0.02s
2026-07-25 11:52:03 | INFO     | jewelry_detector.image_processor | Kích thước ảnh: 1150 x 767 px
2026-07-25 11:52:03 | INFO     | jewelry_detector.image_processor | Panel pixel (AI): [288, 61, 575, 384]
2026-07-25 11:52:03 | INFO     | jewelry_detector.image_processor | Object pixel (AI): [310, 77, 552, 360]
2026-07-25 11:52:03 | INFO     | jewelry_detector.image_processor | Center pixel: [431, 219]
2026-07-25 11:52:03 | INFO     | jewelry_detector.image_processor | OpenCV panel refine IoU = 0.859
2026-07-25 11:52:03 | INFO     | jewelry_detector.image_processor | Panel refined: [276, 48, 586, 396]
2026-07-25 11:52:03 | INFO     | jewelry_detector.image_processor | Panel refined (OpenCV): [276, 48, 586, 396]
2026-07-25 11:52:03 | INFO     | jewelry_detector.image_processor | Clean panel crop: raw_size=310x348 trim_left=21 trim_top=20 trim_right=8 trim_bottom=0 content_retained=97.7% success=True
2026-07-25 11:52:03 | INFO     | jewelry_detector.image_processor | Trimmed Object (ảnh gốc): [305, 151, 577, 340] | AI bbox gốc: [311,77,552,360]
2026-07-25 11:52:03 | INFO     | jewelry_detector.image_processor | Object refined (OpenCV Trim): [305, 151, 577, 340]
2026-07-25 11:52:03 | INFO     | jewelry_detector.image_processor | Đã lưu ảnh kết quả: 889488_front_result.jpg
2026-07-25 11:52:03 | INFO     | jewelry_detector.image_processor | Tổng thời gian xử lý: 0.02s
2026-07-25 11:52:03 | INFO     | jewelry_detector.image_processor | Kích thước ảnh: 1150 x 767 px
2026-07-25 11:52:03 | INFO     | jewelry_detector.image_processor | Panel pixel (AI): [575, 61, 862, 384]
2026-07-25 11:52:03 | INFO     | jewelry_detector.image_processor | Object pixel (AI): [598, 77, 851, 360]
2026-07-25 11:52:03 | INFO     | jewelry_detector.image_processor | Center pixel: [724, 219]
2026-07-25 11:52:03 | INFO     | jewelry_detector.image_processor | OpenCV panel refine IoU = 0.859
2026-07-25 11:52:03 | INFO     | jewelry_detector.image_processor | Panel refined: [564, 48, 874, 396]
2026-07-25 11:52:03 | INFO     | jewelry_detector.image_processor | Panel refined (OpenCV): [564, 48, 874, 396]
2026-07-25 11:52:03 | INFO     | jewelry_detector.image_processor | Clean panel crop: raw_size=310x348 trim_left=17 trim_top=20 trim_right=12 trim_bottom=0 content_retained=96.4% success=True
2026-07-25 11:52:03 | INFO     | jewelry_detector.image_processor | Trimmed Object (ảnh gốc): [632, 189, 833, 322] | AI bbox gốc: [598,77,851,360]
2026-07-25 11:52:03 | INFO     | jewelry_detector.image_processor | Object refined (OpenCV Trim): [632, 189, 833, 322]
2026-07-25 11:52:03 | INFO     | jewelry_detector.image_processor | Đã lưu ảnh kết quả: 889488_left_result.jpg
2026-07-25 11:52:03 | INFO     | jewelry_detector.image_processor | Tổng thời gian xử lý: 0.02s
2026-07-25 11:52:03 | INFO     | jewelry_detector.image_processor | Kích thước ảnh: 1150 x 767 px
2026-07-25 11:52:03 | INFO     | jewelry_detector.image_processor | Panel pixel (AI): [862, 61, 1150, 384]
2026-07-25 11:52:03 | INFO     | jewelry_detector.image_processor | Object pixel (AI): [886, 77, 1127, 360]
2026-07-25 11:52:03 | INFO     | jewelry_detector.image_processor | Center pixel: [1006, 219]
2026-07-25 11:52:03 | INFO     | jewelry_detector.image_processor | OpenCV panel refine IoU = 0.890
2026-07-25 11:52:03 | INFO     | jewelry_detector.image_processor | Panel refined: [851, 48, 1150, 396]
2026-07-25 11:52:03 | INFO     | jewelry_detector.image_processor | Panel refined (OpenCV): [851, 48, 1150, 396]
2026-07-25 11:52:03 | INFO     | jewelry_detector.image_processor | Clean panel crop: raw_size=299x348 trim_left=14 trim_top=20 trim_right=3 trim_bottom=0 content_retained=100.0% success=True
2026-07-25 11:52:03 | INFO     | jewelry_detector.image_processor | Trimmed Object (ảnh gốc): [865, 114, 1107, 347] | AI bbox gốc: [885,77,1127,360]
2026-07-25 11:52:03 | INFO     | jewelry_detector.image_processor | Object refined (OpenCV Trim): [865, 114, 1107, 347]
2026-07-25 11:52:03 | INFO     | jewelry_detector.image_processor | Đã lưu ảnh kết quả: 889488_top_result.jpg
2026-07-25 11:52:03 | INFO     | jewelry_detector.image_processor | Tổng thời gian xử lý: 0.02s
2026-07-25 11:52:03 | INFO     | jewelry_detector.image_processor | Kích thước ảnh: 1150 x 767 px
2026-07-25 11:52:03 | INFO     | jewelry_detector.image_processor | Panel pixel (AI): [288, 384, 575, 614]
2026-07-25 11:52:03 | INFO     | jewelry_detector.image_processor | Object pixel (AI): [310, 399, 552, 591]
2026-07-25 11:52:03 | INFO     | jewelry_detector.image_processor | Center pixel: [431, 495]
2026-07-25 11:52:03 | INFO     | jewelry_detector.image_processor | OpenCV panel refine IoU = 0.857
2026-07-25 11:52:03 | INFO     | jewelry_detector.image_processor | Panel refined: [276, 374, 586, 623]
2026-07-25 11:52:03 | INFO     | jewelry_detector.image_processor | Panel refined (OpenCV): [276, 374, 586, 623]
2026-07-25 11:52:03 | INFO     | jewelry_detector.image_processor | Clean panel crop: raw_size=310x249 trim_left=21 trim_top=43 trim_right=8 trim_bottom=0 content_retained=99.5% success=True
2026-07-25 11:52:03 | INFO     | jewelry_detector.image_processor | Trimmed Object (ảnh gốc): [320, 454, 562, 623] | AI bbox gốc: [311,399,552,591]
2026-07-25 11:52:03 | INFO     | jewelry_detector.image_processor | Object refined (OpenCV Trim): [320, 454, 562, 623]
2026-07-25 11:52:03 | INFO     | jewelry_detector.image_processor | Đã lưu ảnh kết quả: 889488_back_result.jpg
2026-07-25 11:52:03 | INFO     | jewelry_detector.image_processor | Tổng thời gian xử lý: 0.01s
2026-07-25 11:52:03 | INFO     | jewelry_detector.image_processor | Kích thước ảnh: 1150 x 767 px
2026-07-25 11:52:03 | INFO     | jewelry_detector.image_processor | Panel pixel (AI): [575, 384, 862, 614]
2026-07-25 11:52:03 | INFO     | jewelry_detector.image_processor | Object pixel (AI): [598, 399, 851, 591]
2026-07-25 11:52:03 | INFO     | jewelry_detector.image_processor | Center pixel: [724, 495]
2026-07-25 11:52:03 | INFO     | jewelry_detector.image_processor | OpenCV panel refine IoU = 0.857
2026-07-25 11:52:03 | INFO     | jewelry_detector.image_processor | Panel refined: [564, 374, 874, 623]
2026-07-25 11:52:03 | INFO     | jewelry_detector.image_processor | Panel refined (OpenCV): [564, 374, 874, 623]
2026-07-25 11:52:03 | INFO     | jewelry_detector.image_processor | Clean panel crop: raw_size=310x249 trim_left=17 trim_top=43 trim_right=12 trim_bottom=0 content_retained=97.9% success=True
2026-07-25 11:52:03 | INFO     | jewelry_detector.image_processor | Trimmed Object (ảnh gốc): [629, 527, 823, 623] | AI bbox gốc: [598,399,851,591]
2026-07-25 11:52:03 | INFO     | jewelry_detector.image_processor | Object refined (OpenCV Trim): [629, 527, 823, 623]
2026-07-25 11:52:03 | INFO     | jewelry_detector.image_processor | Đã lưu ảnh kết quả: 889488_right_result.jpg
2026-07-25 11:52:03 | INFO     | jewelry_detector.image_processor | Tổng thời gian xử lý: 0.01s
2026-07-25 11:52:03 | INFO     | jewelry_detector.image_processor | Kích thước ảnh: 1150 x 767 px
2026-07-25 11:52:03 | INFO     | jewelry_detector.image_processor | Panel pixel (AI): [862, 384, 1150, 614]
2026-07-25 11:52:03 | INFO     | jewelry_detector.image_processor | Object pixel (AI): [886, 399, 1127, 591]
2026-07-25 11:52:03 | INFO     | jewelry_detector.image_processor | Center pixel: [1006, 495]
2026-07-25 11:52:03 | INFO     | jewelry_detector.image_processor | OpenCV panel refine IoU = 0.889
2026-07-25 11:52:03 | INFO     | jewelry_detector.image_processor | Panel refined: [851, 374, 1150, 623]
2026-07-25 11:52:03 | INFO     | jewelry_detector.image_processor | Panel refined (OpenCV): [851, 374, 1150, 623]
2026-07-25 11:52:03 | INFO     | jewelry_detector.image_processor | Clean panel crop: raw_size=299x249 trim_left=14 trim_top=43 trim_right=3 trim_bottom=0 content_retained=100.0% success=True
2026-07-25 11:52:03 | INFO     | jewelry_detector.image_processor | Trimmed Object (ảnh gốc): [867, 493, 1107, 623] | AI bbox gốc: [885,399,1127,591]
2026-07-25 11:52:03 | INFO     | jewelry_detector.image_processor | Object refined (OpenCV Trim): [867, 493, 1107, 623]
2026-07-25 11:52:03 | INFO     | jewelry_detector.image_processor | Đã lưu ảnh kết quả: 889488_bottom_result.jpg
2026-07-25 11:52:03 | INFO     | jewelry_detector.image_processor | Tổng thời gian xử lý: 0.01s
2026-07-25 11:52:03 | INFO     | jewelry_detector.image_processor | Kích thước ảnh: 1150 x 767 px
2026-07-25 11:52:03 | INFO     | jewelry_detector.image_processor | Panel pixel (AI): [0, 422, 288, 767]
2026-07-25 11:52:03 | INFO     | jewelry_detector.image_processor | Object pixel (AI): [12, 437, 276, 744]
2026-07-25 11:52:03 | INFO     | jewelry_detector.image_processor | Center pixel: [144, 591]
2026-07-25 11:52:03 | INFO     | jewelry_detector.image_processor | Object refined (OpenCV Trim): [23, 534, 329, 682]
2026-07-25 11:52:03 | INFO     | jewelry_detector.image_processor | Đã lưu ảnh kết quả: 889488_perspective_result.jpg
2026-07-25 11:52:03 | INFO     | jewelry_detector.image_processor | Tổng thời gian xử lý: 0.01s
2026-07-25 11:52:18 | INFO     | jewelry_detector.image_processor | Kích thước ảnh: 1767 x 1176 px
2026-07-25 11:52:18 | INFO     | jewelry_detector.image_processor | Panel pixel (AI): [442, 106, 884, 623]
2026-07-25 11:52:18 | INFO     | jewelry_detector.image_processor | Object pixel (AI): [530, 141, 795, 564]
2026-07-25 11:52:18 | INFO     | jewelry_detector.image_processor | Center pixel: [663, 353]
2026-07-25 11:52:18 | INFO     | jewelry_detector.image_processor | OpenCV panel refine IoU = 0.857
2026-07-25 11:52:18 | INFO     | jewelry_detector.image_processor | Panel refined: [424, 85, 901, 644]
2026-07-25 11:52:18 | INFO     | jewelry_detector.image_processor | Panel refined (OpenCV): [424, 85, 901, 644]
2026-07-25 11:52:18 | INFO     | jewelry_detector.image_processor | Clean panel crop: raw_size=477x559 trim_left=31 trim_top=20 trim_right=14 trim_bottom=8 content_retained=97.7% success=True
2026-07-25 11:52:18 | INFO     | jewelry_detector.image_processor | Trimmed Object (ảnh gốc): [566, 198, 864, 577] | AI bbox gốc: [530,141,795,564]
2026-07-25 11:52:18 | INFO     | jewelry_detector.image_processor | Object refined (OpenCV Trim): [566, 198, 864, 577]
2026-07-25 11:52:18 | INFO     | jewelry_detector.image_processor | Đã lưu ảnh kết quả: 889524-A_front_result.jpg
2026-07-25 11:52:18 | INFO     | jewelry_detector.image_processor | Tổng thời gian xử lý: 0.04s
2026-07-25 11:52:18 | INFO     | jewelry_detector.image_processor | Kích thước ảnh: 1767 x 1176 px
2026-07-25 11:52:18 | INFO     | jewelry_detector.image_processor | Panel pixel (AI): [884, 106, 1325, 623]
2026-07-25 11:52:18 | INFO     | jewelry_detector.image_processor | Object pixel (AI): [972, 141, 1237, 564]
2026-07-25 11:52:18 | INFO     | jewelry_detector.image_processor | Center pixel: [1104, 353]
2026-07-25 11:52:18 | INFO     | jewelry_detector.image_processor | OpenCV panel refine IoU = 0.857
2026-07-25 11:52:18 | INFO     | jewelry_detector.image_processor | Panel refined: [866, 85, 1343, 644]
2026-07-25 11:52:18 | INFO     | jewelry_detector.image_processor | Panel refined (OpenCV): [866, 85, 1343, 644]
2026-07-25 11:52:18 | INFO     | jewelry_detector.image_processor | Clean panel crop: raw_size=477x559 trim_left=24 trim_top=20 trim_right=20 trim_bottom=8 content_retained=99.6% success=True
2026-07-25 11:52:18 | INFO     | jewelry_detector.image_processor | Trimmed Object (ảnh gốc): [1035, 226, 1190, 606] | AI bbox gốc: [972,141,1237,564]
2026-07-25 11:52:18 | INFO     | jewelry_detector.image_processor | Object refined (OpenCV Trim): [1035, 226, 1190, 606]
2026-07-25 11:52:18 | INFO     | jewelry_detector.image_processor | Đã lưu ảnh kết quả: 889524-A_left_result.jpg
2026-07-25 11:52:18 | INFO     | jewelry_detector.image_processor | Tổng thời gian xử lý: 0.04s
2026-07-25 11:52:18 | INFO     | jewelry_detector.image_processor | Kích thước ảnh: 1767 x 1176 px
2026-07-25 11:52:18 | INFO     | jewelry_detector.image_processor | Panel pixel (AI): [1325, 106, 1767, 623]
2026-07-25 11:52:18 | INFO     | jewelry_detector.image_processor | Object pixel (AI): [1414, 141, 1679, 564]
2026-07-25 11:52:18 | INFO     | jewelry_detector.image_processor | Center pixel: [1546, 353]
2026-07-25 11:52:18 | INFO     | jewelry_detector.image_processor | OpenCV panel refine IoU = 0.891
2026-07-25 11:52:18 | INFO     | jewelry_detector.image_processor | Panel refined: [1308, 85, 1767, 644]
2026-07-25 11:52:18 | INFO     | jewelry_detector.image_processor | Panel refined (OpenCV): [1308, 85, 1767, 644]
2026-07-25 11:52:18 | INFO     | jewelry_detector.image_processor | Clean panel crop: raw_size=459x559 trim_left=18 trim_top=20 trim_right=8 trim_bottom=8 content_retained=99.8% success=True
2026-07-25 11:52:18 | INFO     | jewelry_detector.image_processor | Trimmed Object (ảnh gốc): [1401, 293, 1647, 438] | AI bbox gốc: [1414,141,1679,564]
2026-07-25 11:52:18 | INFO     | jewelry_detector.image_processor | Object refined (OpenCV Trim): [1401, 293, 1647, 438]
2026-07-25 11:52:18 | INFO     | jewelry_detector.image_processor | Đã lưu ảnh kết quả: 889524-A_top_result.jpg
2026-07-25 11:52:18 | INFO     | jewelry_detector.image_processor | Tổng thời gian xử lý: 0.03s
2026-07-25 11:52:18 | INFO     | jewelry_detector.image_processor | Kích thước ảnh: 1767 x 1176 px
2026-07-25 11:52:18 | INFO     | jewelry_detector.image_processor | Panel pixel (AI): [442, 623, 884, 1141]
2026-07-25 11:52:18 | INFO     | jewelry_detector.image_processor | Object pixel (AI): [530, 659, 795, 1070]
2026-07-25 11:52:18 | INFO     | jewelry_detector.image_processor | Center pixel: [663, 864]
2026-07-25 11:52:18 | INFO     | jewelry_detector.image_processor | OpenCV panel refine IoU = 0.859
2026-07-25 11:52:18 | INFO     | jewelry_detector.image_processor | Panel refined: [424, 603, 901, 1161]
2026-07-25 11:52:18 | INFO     | jewelry_detector.image_processor | Panel refined (OpenCV): [424, 603, 901, 1161]
2026-07-25 11:52:18 | INFO     | jewelry_detector.image_processor | Clean panel crop: raw_size=477x558 trim_left=31 trim_top=36 trim_right=14 trim_bottom=0 content_retained=99.6% success=True
2026-07-25 11:52:18 | INFO     | jewelry_detector.image_processor | Trimmed Object (ảnh gốc): [474, 693, 788, 1075] | AI bbox gốc: [530,659,795,1070]
2026-07-25 11:52:18 | INFO     | jewelry_detector.image_processor | Object refined (OpenCV Trim): [474, 693, 788, 1075]
2026-07-25 11:52:18 | INFO     | jewelry_detector.image_processor | Đã lưu ảnh kết quả: 889524-A_back_result.jpg
2026-07-25 11:52:18 | INFO     | jewelry_detector.image_processor | Tổng thời gian xử lý: 0.03s
2026-07-25 11:52:18 | INFO     | jewelry_detector.image_processor | Kích thước ảnh: 1767 x 1176 px
2026-07-25 11:52:18 | INFO     | jewelry_detector.image_processor | Panel pixel (AI): [884, 623, 1325, 1141]
2026-07-25 11:52:18 | INFO     | jewelry_detector.image_processor | Object pixel (AI): [972, 659, 1237, 1070]
2026-07-25 11:52:18 | INFO     | jewelry_detector.image_processor | Center pixel: [1104, 864]
2026-07-25 11:52:18 | INFO     | jewelry_detector.image_processor | OpenCV panel refine IoU = 0.859
2026-07-25 11:52:18 | INFO     | jewelry_detector.image_processor | Panel refined: [866, 603, 1343, 1161]
2026-07-25 11:52:18 | INFO     | jewelry_detector.image_processor | Panel refined (OpenCV): [866, 603, 1343, 1161]
2026-07-25 11:52:18 | INFO     | jewelry_detector.image_processor | Clean panel crop: raw_size=477x558 trim_left=24 trim_top=36 trim_right=20 trim_bottom=0 content_retained=98.2% success=True
2026-07-25 11:52:18 | INFO     | jewelry_detector.image_processor | Trimmed Object (ảnh gốc): [1038, 709, 1181, 1061] | AI bbox gốc: [972,659,1237,1070]
2026-07-25 11:52:18 | INFO     | jewelry_detector.image_processor | Object refined (OpenCV Trim): [1038, 709, 1181, 1061]
2026-07-25 11:52:18 | INFO     | jewelry_detector.image_processor | Đã lưu ảnh kết quả: 889524-A_right_result.jpg
2026-07-25 11:52:18 | INFO     | jewelry_detector.image_processor | Tổng thời gian xử lý: 0.03s
2026-07-25 11:52:18 | INFO     | jewelry_detector.image_processor | Kích thước ảnh: 1767 x 1176 px
2026-07-25 11:52:18 | INFO     | jewelry_detector.image_processor | Panel pixel (AI): [1325, 623, 1767, 1141]
2026-07-25 11:52:18 | INFO     | jewelry_detector.image_processor | Object pixel (AI): [1414, 659, 1679, 1070]
2026-07-25 11:52:18 | INFO     | jewelry_detector.image_processor | Center pixel: [1546, 864]
2026-07-25 11:52:18 | INFO     | jewelry_detector.image_processor | OpenCV panel refine IoU = 0.892
2026-07-25 11:52:18 | INFO     | jewelry_detector.image_processor | Panel refined: [1308, 603, 1767, 1161]
2026-07-25 11:52:18 | INFO     | jewelry_detector.image_processor | Panel refined (OpenCV): [1308, 603, 1767, 1161]
2026-07-25 11:52:18 | INFO     | jewelry_detector.image_processor | Clean panel crop: raw_size=459x558 trim_left=18 trim_top=36 trim_right=8 trim_bottom=0 content_retained=99.7% success=True
2026-07-25 11:52:18 | INFO     | jewelry_detector.image_processor | Trimmed Object (ảnh gốc): [1436, 806, 1665, 930] | AI bbox gốc: [1414,659,1679,1070]
2026-07-25 11:52:18 | INFO     | jewelry_detector.image_processor | Object refined (OpenCV Trim): [1436, 806, 1665, 930]
2026-07-25 11:52:18 | INFO     | jewelry_detector.image_processor | Đã lưu ảnh kết quả: 889524-A_bottom_result.jpg
2026-07-25 11:52:18 | INFO     | jewelry_detector.image_processor | Tổng thời gian xử lý: 0.03s
2026-07-25 11:52:18 | INFO     | jewelry_detector.image_processor | Kích thước ảnh: 1767 x 1176 px
2026-07-25 11:52:18 | INFO     | jewelry_detector.image_processor | Panel pixel (AI): [0, 647, 442, 1141]
2026-07-25 11:52:18 | INFO     | jewelry_detector.image_processor | Object pixel (AI): [35, 706, 353, 1058]
2026-07-25 11:52:18 | INFO     | jewelry_detector.image_processor | Center pixel: [194, 882]
2026-07-25 11:52:18 | INFO     | jewelry_detector.image_processor | Object refined (OpenCV Trim): [81, 768, 350, 1041]
2026-07-25 11:52:18 | INFO     | jewelry_detector.image_processor | Đã lưu ảnh kết quả: 889524-A_perspective_result.jpg
2026-07-25 11:52:18 | INFO     | jewelry_detector.image_processor | Tổng thời gian xử lý: 0.03s
2026-07-25 11:52:32 | INFO     | jewelry_detector.image_processor | Kích thước ảnh: 1744 x 1165 px
2026-07-25 11:52:32 | INFO     | jewelry_detector.image_processor | Panel pixel (AI): [453, 105, 872, 617]
2026-07-25 11:52:32 | INFO     | jewelry_detector.image_processor | Object pixel (AI): [610, 151, 698, 559]
2026-07-25 11:52:32 | INFO     | jewelry_detector.image_processor | Center pixel: [654, 355]
2026-07-25 11:52:32 | INFO     | jewelry_detector.image_processor | OpenCV panel refine IoU = 0.857
2026-07-25 11:52:32 | INFO     | jewelry_detector.image_processor | Panel refined: [437, 84, 889, 638]
2026-07-25 11:52:32 | INFO     | jewelry_detector.image_processor | Panel refined (OpenCV): [437, 84, 889, 638]
2026-07-25 11:52:32 | INFO     | jewelry_detector.image_processor | Clean panel crop: raw_size=452x554 trim_left=15 trim_top=21 trim_right=12 trim_bottom=11 content_retained=99.1% success=True
2026-07-25 11:52:32 | INFO     | jewelry_detector.image_processor | Trimmed Object (ảnh gốc): [600, 207, 729, 580] | AI bbox gốc: [610,151,698,559]
2026-07-25 11:52:32 | INFO     | jewelry_detector.image_processor | Object refined (OpenCV Trim): [600, 207, 729, 580]
2026-07-25 11:52:32 | INFO     | jewelry_detector.image_processor | Đã lưu ảnh kết quả: 889525_front_result.jpg
2026-07-25 11:52:32 | INFO     | jewelry_detector.image_processor | Tổng thời gian xử lý: 0.04s
2026-07-25 11:52:32 | INFO     | jewelry_detector.image_processor | Kích thước ảnh: 1744 x 1165 px
2026-07-25 11:52:32 | INFO     | jewelry_detector.image_processor | Panel pixel (AI): [872, 105, 1291, 617]
2026-07-25 11:52:32 | INFO     | jewelry_detector.image_processor | Object pixel (AI): [1012, 151, 1186, 559]
2026-07-25 11:52:32 | INFO     | jewelry_detector.image_processor | Center pixel: [1099, 355]
2026-07-25 11:52:32 | INFO     | jewelry_detector.image_processor | OpenCV panel refine IoU = 0.857
2026-07-25 11:52:32 | INFO     | jewelry_detector.image_processor | Panel refined: [855, 84, 1307, 638]
2026-07-25 11:52:32 | INFO     | jewelry_detector.image_processor | Panel refined (OpenCV): [855, 84, 1307, 638]
2026-07-25 11:52:32 | INFO     | jewelry_detector.image_processor | Clean panel crop: raw_size=452x554 trim_left=25 trim_top=21 trim_right=2 trim_bottom=11 content_retained=100.0% success=True
2026-07-25 11:52:32 | INFO     | jewelry_detector.image_processor | Trimmed Object (ảnh gốc): [939, 178, 1276, 593] | AI bbox gốc: [1012,151,1186,559]
2026-07-25 11:52:32 | INFO     | jewelry_detector.image_processor | Object refined (OpenCV Trim): [939, 178, 1276, 593]
2026-07-25 11:52:32 | INFO     | jewelry_detector.image_processor | Đã lưu ảnh kết quả: 889525_left_result.jpg
2026-07-25 11:52:32 | INFO     | jewelry_detector.image_processor | Tổng thời gian xử lý: 0.04s
2026-07-25 11:52:32 | INFO     | jewelry_detector.image_processor | Kích thước ảnh: 1744 x 1165 px
2026-07-25 11:52:32 | INFO     | jewelry_detector.image_processor | Panel pixel (AI): [1291, 105, 1709, 617]
2026-07-25 11:52:32 | INFO     | jewelry_detector.image_processor | Object pixel (AI): [1430, 151, 1570, 559]
2026-07-25 11:52:32 | INFO     | jewelry_detector.image_processor | Center pixel: [1500, 355]
2026-07-25 11:52:32 | INFO     | jewelry_detector.image_processor | OpenCV panel refine IoU = 0.857
2026-07-25 11:52:32 | INFO     | jewelry_detector.image_processor | Panel refined: [1274, 84, 1726, 638]
2026-07-25 11:52:32 | INFO     | jewelry_detector.image_processor | Panel refined (OpenCV): [1274, 84, 1726, 638]
2026-07-25 11:52:32 | INFO     | jewelry_detector.image_processor | Clean panel crop: raw_size=452x554 trim_left=34 trim_top=21 trim_right=0 trim_bottom=11 content_retained=100.0% success=True
2026-07-25 11:52:32 | INFO     | jewelry_detector.image_processor | Trimmed Object (ảnh gốc): [1454, 206, 1584, 495] | AI bbox gốc: [1430,151,1570,559]
2026-07-25 11:52:32 | INFO     | jewelry_detector.image_processor | Object refined (OpenCV Trim): [1454, 206, 1584, 495]
2026-07-25 11:52:32 | INFO     | jewelry_detector.image_processor | Đã lưu ảnh kết quả: 889525_top_result.jpg
2026-07-25 11:52:32 | INFO     | jewelry_detector.image_processor | Tổng thời gian xử lý: 0.03s
2026-07-25 11:52:32 | INFO     | jewelry_detector.image_processor | Kích thước ảnh: 1744 x 1165 px
2026-07-25 11:52:32 | INFO     | jewelry_detector.image_processor | Panel pixel (AI): [453, 617, 872, 1130]
2026-07-25 11:52:32 | INFO     | jewelry_detector.image_processor | Object pixel (AI): [610, 664, 698, 1072]
2026-07-25 11:52:32 | INFO     | jewelry_detector.image_processor | Center pixel: [654, 868]
2026-07-25 11:52:32 | INFO     | jewelry_detector.image_processor | OpenCV panel refine IoU = 0.857
2026-07-25 11:52:32 | INFO     | jewelry_detector.image_processor | Panel refined: [437, 597, 889, 1151]
2026-07-25 11:52:32 | INFO     | jewelry_detector.image_processor | Panel refined (OpenCV): [437, 597, 889, 1151]
2026-07-25 11:52:32 | INFO     | jewelry_detector.image_processor | Clean panel crop: raw_size=452x554 trim_left=15 trim_top=33 trim_right=12 trim_bottom=0 content_retained=99.8% success=True
2026-07-25 11:52:32 | INFO     | jewelry_detector.image_processor | Trimmed Object (ảnh gốc): [584, 684, 713, 1060] | AI bbox gốc: [610,664,698,1072]
2026-07-25 11:52:32 | INFO     | jewelry_detector.image_processor | Object refined (OpenCV Trim): [584, 684, 713, 1060]
2026-07-25 11:52:32 | INFO     | jewelry_detector.image_processor | Đã lưu ảnh kết quả: 889525_back_result.jpg
2026-07-25 11:52:32 | INFO     | jewelry_detector.image_processor | Tổng thời gian xử lý: 0.03s
2026-07-25 11:52:32 | INFO     | jewelry_detector.image_processor | Kích thước ảnh: 1744 x 1165 px
2026-07-25 11:52:32 | INFO     | jewelry_detector.image_processor | Panel pixel (AI): [872, 617, 1291, 1130]
2026-07-25 11:52:32 | INFO     | jewelry_detector.image_processor | Object pixel (AI): [1012, 664, 1186, 1072]
2026-07-25 11:52:32 | INFO     | jewelry_detector.image_processor | Center pixel: [1099, 868]
2026-07-25 11:52:32 | INFO     | jewelry_detector.image_processor | OpenCV panel refine IoU = 0.857
2026-07-25 11:52:32 | INFO     | jewelry_detector.image_processor | Panel refined: [855, 597, 1307, 1151]
2026-07-25 11:52:32 | INFO     | jewelry_detector.image_processor | Panel refined (OpenCV): [855, 597, 1307, 1151]
2026-07-25 11:52:32 | INFO     | jewelry_detector.image_processor | Clean panel crop: raw_size=452x554 trim_left=25 trim_top=33 trim_right=2 trim_bottom=0 content_retained=100.0% success=True
2026-07-25 11:52:32 | INFO     | jewelry_detector.image_processor | Trimmed Object (ảnh gốc): [917, 691, 1241, 1076] | AI bbox gốc: [1012,664,1186,1072]
2026-07-25 11:52:32 | INFO     | jewelry_detector.image_processor | Object refined (OpenCV Trim): [917, 691, 1241, 1076]
2026-07-25 11:52:32 | INFO     | jewelry_detector.image_processor | Đã lưu ảnh kết quả: 889525_right_result.jpg
2026-07-25 11:52:32 | INFO     | jewelry_detector.image_processor | Tổng thời gian xử lý: 0.04s
2026-07-25 11:52:32 | INFO     | jewelry_detector.image_processor | Kích thước ảnh: 1744 x 1165 px
2026-07-25 11:52:32 | INFO     | jewelry_detector.image_processor | Panel pixel (AI): [1291, 617, 1709, 1130]
2026-07-25 11:52:32 | INFO     | jewelry_detector.image_processor | Object pixel (AI): [1430, 664, 1570, 1072]
2026-07-25 11:52:32 | INFO     | jewelry_detector.image_processor | Center pixel: [1500, 868]
2026-07-25 11:52:32 | INFO     | jewelry_detector.image_processor | OpenCV panel refine IoU = 0.857
2026-07-25 11:52:32 | INFO     | jewelry_detector.image_processor | Panel refined: [1274, 597, 1726, 1151]
2026-07-25 11:52:32 | INFO     | jewelry_detector.image_processor | Panel refined (OpenCV): [1274, 597, 1726, 1151]
2026-07-25 11:52:32 | INFO     | jewelry_detector.image_processor | Clean panel crop: raw_size=452x554 trim_left=34 trim_top=33 trim_right=0 trim_bottom=0 content_retained=100.0% success=True
2026-07-25 11:52:32 | INFO     | jewelry_detector.image_processor | Trimmed Object (ảnh gốc): [1445, 728, 1603, 1071] | AI bbox gốc: [1430,664,1570,1072]
2026-07-25 11:52:32 | INFO     | jewelry_detector.image_processor | Object refined (OpenCV Trim): [1445, 728, 1603, 1071]
2026-07-25 11:52:32 | INFO     | jewelry_detector.image_processor | Đã lưu ảnh kết quả: 889525_bottom_result.jpg
2026-07-25 11:52:32 | INFO     | jewelry_detector.image_processor | Tổng thời gian xử lý: 0.03s
2026-07-25 11:52:32 | INFO     | jewelry_detector.image_processor | Kích thước ảnh: 1744 x 1165 px
2026-07-25 11:52:32 | INFO     | jewelry_detector.image_processor | Panel pixel (AI): [0, 641, 453, 1130]
2026-07-25 11:52:32 | INFO     | jewelry_detector.image_processor | Object pixel (AI): [87, 699, 314, 1048]
2026-07-25 11:52:32 | INFO     | jewelry_detector.image_processor | Center pixel: [201, 874]
2026-07-25 11:52:32 | INFO     | jewelry_detector.image_processor | Object refined (OpenCV Trim): [109, 739, 304, 1046]
2026-07-25 11:52:32 | INFO     | jewelry_detector.image_processor | Đã lưu ảnh kết quả: 889525_perspective_result.jpg
2026-07-25 11:52:32 | INFO     | jewelry_detector.image_processor | Tổng thời gian xử lý: 0.03s
2026-07-25 11:52:46 | INFO     | jewelry_detector.image_processor | Kích thước ảnh: 1745 x 1164 px
2026-07-25 11:52:46 | INFO     | jewelry_detector.image_processor | Panel pixel (AI): [454, 105, 872, 617]
2026-07-25 11:52:46 | INFO     | jewelry_detector.image_processor | Object pixel (AI): [489, 140, 838, 559]
2026-07-25 11:52:46 | INFO     | jewelry_detector.image_processor | Center pixel: [663, 349]
2026-07-25 11:52:46 | INFO     | jewelry_detector.image_processor | OpenCV panel refine IoU = 0.890
2026-07-25 11:52:46 | INFO     | jewelry_detector.image_processor | Panel refined: [437, 106, 889, 637]
2026-07-25 11:52:46 | INFO     | jewelry_detector.image_processor | Panel refined (OpenCV): [437, 106, 889, 637]
2026-07-25 11:52:46 | INFO     | jewelry_detector.image_processor | Clean panel crop: raw_size=452x531 trim_left=16 trim_top=3 trim_right=11 trim_bottom=6 content_retained=99.2% success=True
2026-07-25 11:52:46 | INFO     | jewelry_detector.image_processor | Trimmed Object (ảnh gốc): [506, 217, 814, 551] | AI bbox gốc: [489,140,838,559]
2026-07-25 11:52:46 | INFO     | jewelry_detector.image_processor | Object refined (OpenCV Trim): [506, 217, 814, 551]
2026-07-25 11:52:46 | INFO     | jewelry_detector.image_processor | Đã lưu ảnh kết quả: 889526-S52_front_result.jpg
2026-07-25 11:52:46 | INFO     | jewelry_detector.image_processor | Tổng thời gian xử lý: 0.04s
2026-07-25 11:52:46 | INFO     | jewelry_detector.image_processor | Kích thước ảnh: 1745 x 1164 px
2026-07-25 11:52:46 | INFO     | jewelry_detector.image_processor | Panel pixel (AI): [872, 105, 1291, 617]
2026-07-25 11:52:46 | INFO     | jewelry_detector.image_processor | Object pixel (AI): [907, 140, 1256, 559]
2026-07-25 11:52:46 | INFO     | jewelry_detector.image_processor | Center pixel: [1082, 349]
2026-07-25 11:52:46 | INFO     | jewelry_detector.image_processor | OpenCV panel refine IoU = 0.890
2026-07-25 11:52:46 | INFO     | jewelry_detector.image_processor | Panel refined: [856, 106, 1308, 637]
2026-07-25 11:52:46 | INFO     | jewelry_detector.image_processor | Panel refined (OpenCV): [856, 106, 1308, 637]
2026-07-25 11:52:46 | INFO     | jewelry_detector.image_processor | Clean panel crop: raw_size=452x531 trim_left=25 trim_top=3 trim_right=2 trim_bottom=6 content_retained=100.0% success=True
2026-07-25 11:52:46 | INFO     | jewelry_detector.image_processor | Trimmed Object (ảnh gốc): [1031, 194, 1153, 526] | AI bbox gốc: [907,140,1256,559]
2026-07-25 11:52:46 | INFO     | jewelry_detector.image_processor | Object refined (OpenCV Trim): [1031, 194, 1153, 526]
2026-07-25 11:52:46 | INFO     | jewelry_detector.image_processor | Đã lưu ảnh kết quả: 889526-S52_left_result.jpg
2026-07-25 11:52:46 | INFO     | jewelry_detector.image_processor | Tổng thời gian xử lý: 0.03s
2026-07-25 11:52:46 | INFO     | jewelry_detector.image_processor | Kích thước ảnh: 1745 x 1164 px
2026-07-25 11:52:46 | INFO     | jewelry_detector.image_processor | Panel pixel (AI): [1291, 105, 1710, 617]
2026-07-25 11:52:46 | INFO     | jewelry_detector.image_processor | Object pixel (AI): [1326, 140, 1675, 559]
2026-07-25 11:52:46 | INFO     | jewelry_detector.image_processor | Center pixel: [1501, 349]
2026-07-25 11:52:46 | INFO     | jewelry_detector.image_processor | OpenCV panel refine IoU = 0.890
2026-07-25 11:52:46 | INFO     | jewelry_detector.image_processor | Panel refined: [1275, 106, 1727, 637]
2026-07-25 11:52:46 | INFO     | jewelry_detector.image_processor | Panel refined (OpenCV): [1275, 106, 1727, 637]
2026-07-25 11:52:46 | INFO     | jewelry_detector.image_processor | Clean panel crop: raw_size=452x531 trim_left=34 trim_top=3 trim_right=0 trim_bottom=6 content_retained=100.0% success=True
2026-07-25 11:52:46 | INFO     | jewelry_detector.image_processor | Trimmed Object (ảnh gốc): [1356, 298, 1711, 404] | AI bbox gốc: [1326,140,1675,559]
2026-07-25 11:52:46 | INFO     | jewelry_detector.image_processor | Object refined (OpenCV Trim): [1356, 298, 1711, 404]
2026-07-25 11:52:46 | INFO     | jewelry_detector.image_processor | Đã lưu ảnh kết quả: 889526-S52_top_result.jpg
2026-07-25 11:52:46 | INFO     | jewelry_detector.image_processor | Tổng thời gian xử lý: 0.03s
2026-07-25 11:52:46 | INFO     | jewelry_detector.image_processor | Kích thước ảnh: 1745 x 1164 px
2026-07-25 11:52:46 | INFO     | jewelry_detector.image_processor | Panel pixel (AI): [454, 617, 872, 1129]
2026-07-25 11:52:46 | INFO     | jewelry_detector.image_processor | Object pixel (AI): [489, 652, 838, 1071]
2026-07-25 11:52:46 | INFO     | jewelry_detector.image_processor | Center pixel: [663, 861]
2026-07-25 11:52:46 | INFO     | jewelry_detector.image_processor | OpenCV panel refine IoU = 0.857
2026-07-25 11:52:46 | INFO     | jewelry_detector.image_processor | Panel refined: [437, 596, 889, 1150]
2026-07-25 11:52:46 | INFO     | jewelry_detector.image_processor | Panel refined (OpenCV): [437, 596, 889, 1150]
2026-07-25 11:52:46 | INFO     | jewelry_detector.image_processor | Clean panel crop: raw_size=452x554 trim_left=16 trim_top=38 trim_right=11 trim_bottom=0 content_retained=99.8% success=True
2026-07-25 11:52:46 | INFO     | jewelry_detector.image_processor | Trimmed Object (ảnh gốc): [508, 722, 824, 1065] | AI bbox gốc: [489,652,838,1071]
2026-07-25 11:52:46 | INFO     | jewelry_detector.image_processor | Object refined (OpenCV Trim): [508, 722, 824, 1065]
2026-07-25 11:52:46 | INFO     | jewelry_detector.image_processor | Đã lưu ảnh kết quả: 889526-S52_back_result.jpg
2026-07-25 11:52:46 | INFO     | jewelry_detector.image_processor | Tổng thời gian xử lý: 0.04s
2026-07-25 11:52:46 | INFO     | jewelry_detector.image_processor | Kích thước ảnh: 1745 x 1164 px
2026-07-25 11:52:46 | INFO     | jewelry_detector.image_processor | Panel pixel (AI): [872, 617, 1291, 1129]
2026-07-25 11:52:46 | INFO     | jewelry_detector.image_processor | Object pixel (AI): [907, 652, 1256, 1071]
2026-07-25 11:52:46 | INFO     | jewelry_detector.image_processor | Center pixel: [1082, 861]
2026-07-25 11:52:46 | INFO     | jewelry_detector.image_processor | OpenCV panel refine IoU = 0.857
2026-07-25 11:52:46 | INFO     | jewelry_detector.image_processor | Panel refined: [856, 596, 1308, 1150]
2026-07-25 11:52:46 | INFO     | jewelry_detector.image_processor | Panel refined (OpenCV): [856, 596, 1308, 1150]
2026-07-25 11:52:46 | INFO     | jewelry_detector.image_processor | Clean panel crop: raw_size=452x554 trim_left=25 trim_top=38 trim_right=2 trim_bottom=0 content_retained=100.0% success=True
2026-07-25 11:52:46 | INFO     | jewelry_detector.image_processor | Trimmed Object (ảnh gốc): [1032, 707, 1151, 1029] | AI bbox gốc: [907,652,1256,1071]
2026-07-25 11:52:46 | INFO     | jewelry_detector.image_processor | Object refined (OpenCV Trim): [1032, 707, 1151, 1029]
2026-07-25 11:52:46 | INFO     | jewelry_detector.image_processor | Đã lưu ảnh kết quả: 889526-S52_right_result.jpg
2026-07-25 11:52:46 | INFO     | jewelry_detector.image_processor | Tổng thời gian xử lý: 0.03s
2026-07-25 11:52:46 | INFO     | jewelry_detector.image_processor | Kích thước ảnh: 1745 x 1164 px
2026-07-25 11:52:46 | INFO     | jewelry_detector.image_processor | Panel pixel (AI): [1291, 617, 1710, 1129]
2026-07-25 11:52:46 | INFO     | jewelry_detector.image_processor | Object pixel (AI): [1326, 652, 1675, 1071]
2026-07-25 11:52:46 | INFO     | jewelry_detector.image_processor | Center pixel: [1501, 861]
2026-07-25 11:52:46 | INFO     | jewelry_detector.image_processor | OpenCV panel refine IoU = 0.857
2026-07-25 11:52:46 | INFO     | jewelry_detector.image_processor | Panel refined: [1275, 596, 1727, 1150]
2026-07-25 11:52:46 | INFO     | jewelry_detector.image_processor | Panel refined (OpenCV): [1275, 596, 1727, 1150]
2026-07-25 11:52:46 | INFO     | jewelry_detector.image_processor | Clean panel crop: raw_size=452x554 trim_left=34 trim_top=38 trim_right=0 trim_bottom=0 content_retained=100.0% success=True
2026-07-25 11:52:46 | INFO     | jewelry_detector.image_processor | Trimmed Object (ảnh gốc): [1356, 830, 1710, 936] | AI bbox gốc: [1326,652,1675,1071]
2026-07-25 11:52:46 | INFO     | jewelry_detector.image_processor | Object refined (OpenCV Trim): [1356, 830, 1710, 936]
2026-07-25 11:52:46 | INFO     | jewelry_detector.image_processor | Đã lưu ảnh kết quả: 889526-S52_bottom_result.jpg
2026-07-25 11:52:46 | INFO     | jewelry_detector.image_processor | Tổng thời gian xử lý: 0.03s
2026-07-25 11:52:46 | INFO     | jewelry_detector.image_processor | Kích thước ảnh: 1745 x 1164 px
2026-07-25 11:52:46 | INFO     | jewelry_detector.image_processor | Panel pixel (AI): [0, 640, 454, 1129]
2026-07-25 11:52:46 | INFO     | jewelry_detector.image_processor | Object pixel (AI): [35, 675, 419, 1071]
2026-07-25 11:52:46 | INFO     | jewelry_detector.image_processor | Center pixel: [227, 873]
2026-07-25 11:52:46 | INFO     | jewelry_detector.image_processor | Object refined (OpenCV Trim): [51, 740, 372, 1040]
2026-07-25 11:52:46 | INFO     | jewelry_detector.image_processor | Đã lưu ảnh kết quả: 889526-S52_perspective_result.jpg
2026-07-25 11:52:46 | INFO     | jewelry_detector.image_processor | Tổng thời gian xử lý: 0.03s
2026-07-25 11:53:00 | INFO     | jewelry_detector.image_processor | Kích thước ảnh: 1835 x 1230 px
2026-07-25 11:53:00 | INFO     | jewelry_detector.image_processor | Panel pixel (AI): [459, 111, 918, 652]
2026-07-25 11:53:00 | INFO     | jewelry_detector.image_processor | Object pixel (AI): [606, 184, 771, 554]
2026-07-25 11:53:00 | INFO     | jewelry_detector.image_processor | Center pixel: [688, 369]
2026-07-25 11:53:00 | INFO     | jewelry_detector.image_processor | OpenCV panel refine IoU = 0.856
2026-07-25 11:53:00 | INFO     | jewelry_detector.image_processor | Panel refined: [440, 89, 936, 674]
2026-07-25 11:53:00 | INFO     | jewelry_detector.image_processor | Panel refined (OpenCV): [440, 89, 936, 674]
2026-07-25 11:53:00 | INFO     | jewelry_detector.image_processor | Clean panel crop: raw_size=496x585 trim_left=34 trim_top=24 trim_right=13 trim_bottom=10 content_retained=96.0% success=True
2026-07-25 11:53:00 | INFO     | jewelry_detector.image_processor | Trimmed Object (ảnh gốc): [612, 279, 780, 560] | AI bbox gốc: [606,185,771,553]
2026-07-25 11:53:00 | INFO     | jewelry_detector.image_processor | Object refined (OpenCV Trim): [612, 279, 780, 560]
2026-07-25 11:53:00 | INFO     | jewelry_detector.image_processor | Đã lưu ảnh kết quả: FINE23.COMP40_DI_12142022_front_result.jpg
2026-07-25 11:53:00 | INFO     | jewelry_detector.image_processor | Tổng thời gian xử lý: 0.04s
2026-07-25 11:53:00 | INFO     | jewelry_detector.image_processor | Kích thước ảnh: 1835 x 1230 px
2026-07-25 11:53:00 | INFO     | jewelry_detector.image_processor | Panel pixel (AI): [918, 111, 1376, 652]
2026-07-25 11:53:00 | INFO     | jewelry_detector.image_processor | Object pixel (AI): [1064, 184, 1229, 554]
2026-07-25 11:53:00 | INFO     | jewelry_detector.image_processor | Center pixel: [1156, 369]
2026-07-25 11:53:00 | INFO     | jewelry_detector.image_processor | OpenCV panel refine IoU = 0.888
2026-07-25 11:53:00 | INFO     | jewelry_detector.image_processor | Panel refined: [899, 110, 1395, 674]
2026-07-25 11:53:00 | INFO     | jewelry_detector.image_processor | Panel refined (OpenCV): [899, 110, 1395, 674]
2026-07-25 11:53:00 | INFO     | jewelry_detector.image_processor | Clean panel crop: raw_size=496x564 trim_left=27 trim_top=3 trim_right=20 trim_bottom=10 content_retained=99.8% success=True
2026-07-25 11:53:00 | INFO     | jewelry_detector.image_processor | Trimmed Object (ảnh gốc): [1052, 286, 1300, 615] | AI bbox gốc: [1064,185,1229,553]
2026-07-25 11:53:00 | INFO     | jewelry_detector.image_processor | Object refined (OpenCV Trim): [1052, 286, 1300, 615]
2026-07-25 11:53:00 | INFO     | jewelry_detector.image_processor | Đã lưu ảnh kết quả: FINE23.COMP40_DI_12142022_left_result.jpg
2026-07-25 11:53:00 | INFO     | jewelry_detector.image_processor | Tổng thời gian xử lý: 0.04s
2026-07-25 11:53:00 | INFO     | jewelry_detector.image_processor | Kích thước ảnh: 1835 x 1230 px
2026-07-25 11:53:00 | INFO     | jewelry_detector.image_processor | Panel pixel (AI): [1376, 111, 1835, 652]
2026-07-25 11:53:00 | INFO     | jewelry_detector.image_processor | Object pixel (AI): [1523, 184, 1688, 554]
2026-07-25 11:53:00 | INFO     | jewelry_detector.image_processor | Center pixel: [1606, 369]
2026-07-25 11:53:00 | INFO     | jewelry_detector.image_processor | OpenCV panel refine IoU = 0.890
2026-07-25 11:53:00 | INFO     | jewelry_detector.image_processor | Panel refined: [1358, 89, 1835, 674]
2026-07-25 11:53:00 | INFO     | jewelry_detector.image_processor | Panel refined (OpenCV): [1358, 89, 1835, 674]
2026-07-25 11:53:00 | INFO     | jewelry_detector.image_processor | Clean panel crop: raw_size=477x585 trim_left=20 trim_top=24 trim_right=8 trim_bottom=10 content_retained=94.1% success=True
2026-07-25 11:53:00 | INFO     | jewelry_detector.image_processor | Trimmed Object (ảnh gốc): [1518, 305, 1661, 539] | AI bbox gốc: [1523,185,1688,553]
2026-07-25 11:53:00 | INFO     | jewelry_detector.image_processor | Object refined (OpenCV Trim): [1518, 305, 1661, 539]
2026-07-25 11:53:00 | INFO     | jewelry_detector.image_processor | Đã lưu ảnh kết quả: FINE23.COMP40_DI_12142022_top_result.jpg
2026-07-25 11:53:00 | INFO     | jewelry_detector.image_processor | Tổng thời gian xử lý: 0.03s
2026-07-25 11:53:00 | INFO     | jewelry_detector.image_processor | Kích thước ảnh: 1835 x 1230 px
2026-07-25 11:53:00 | INFO     | jewelry_detector.image_processor | Panel pixel (AI): [459, 652, 918, 1193]
2026-07-25 11:53:00 | INFO     | jewelry_detector.image_processor | Object pixel (AI): [606, 738, 771, 1082]
2026-07-25 11:53:00 | INFO     | jewelry_detector.image_processor | Center pixel: [688, 910]
2026-07-25 11:53:00 | INFO     | jewelry_detector.image_processor | OpenCV panel refine IoU = 0.856
2026-07-25 11:53:00 | INFO     | jewelry_detector.image_processor | Panel refined: [440, 630, 936, 1215]
2026-07-25 11:53:00 | INFO     | jewelry_detector.image_processor | Panel refined (OpenCV): [440, 630, 936, 1215]
2026-07-25 11:53:00 | INFO     | jewelry_detector.image_processor | Clean panel crop: raw_size=496x585 trim_left=34 trim_top=37 trim_right=13 trim_bottom=0 content_retained=99.5% success=True
2026-07-25 11:53:00 | INFO     | jewelry_detector.image_processor | Trimmed Object (ảnh gốc): [616, 849, 772, 1133] | AI bbox gốc: [606,738,771,1082]
2026-07-25 11:53:00 | INFO     | jewelry_detector.image_processor | Object refined (OpenCV Trim): [616, 849, 772, 1133]
2026-07-25 11:53:00 | INFO     | jewelry_detector.image_processor | Đã lưu ảnh kết quả: FINE23.COMP40_DI_12142022_back_result.jpg
2026-07-25 11:53:00 | INFO     | jewelry_detector.image_processor | Tổng thời gian xử lý: 0.03s
2026-07-25 11:53:00 | INFO     | jewelry_detector.image_processor | Kích thước ảnh: 1835 x 1230 px
2026-07-25 11:53:00 | INFO     | jewelry_detector.image_processor | Panel pixel (AI): [918, 652, 1376, 1193]
2026-07-25 11:53:00 | INFO     | jewelry_detector.image_processor | Object pixel (AI): [1064, 738, 1229, 1082]
2026-07-25 11:53:00 | INFO     | jewelry_detector.image_processor | Center pixel: [1156, 910]
2026-07-25 11:53:00 | INFO     | jewelry_detector.image_processor | OpenCV panel refine IoU = 0.856
2026-07-25 11:53:00 | INFO     | jewelry_detector.image_processor | Panel refined: [899, 630, 1395, 1215]
2026-07-25 11:53:00 | INFO     | jewelry_detector.image_processor | Panel refined (OpenCV): [899, 630, 1395, 1215]
2026-07-25 11:53:00 | INFO     | jewelry_detector.image_processor | Clean panel crop: raw_size=496x585 trim_left=27 trim_top=37 trim_right=20 trim_bottom=0 content_retained=98.9% success=True
2026-07-25 11:53:00 | INFO     | jewelry_detector.image_processor | Trimmed Object (ảnh gốc): [987, 839, 1243, 1167] | AI bbox gốc: [1064,738,1229,1082]
2026-07-25 11:53:00 | INFO     | jewelry_detector.image_processor | Object refined (OpenCV Trim): [987, 839, 1243, 1167]
2026-07-25 11:53:00 | INFO     | jewelry_detector.image_processor | Đã lưu ảnh kết quả: FINE23.COMP40_DI_12142022_right_result.jpg
2026-07-25 11:53:00 | INFO     | jewelry_detector.image_processor | Tổng thời gian xử lý: 0.04s
2026-07-25 11:53:00 | INFO     | jewelry_detector.image_processor | Kích thước ảnh: 1835 x 1230 px
2026-07-25 11:53:00 | INFO     | jewelry_detector.image_processor | Panel pixel (AI): [1376, 652, 1835, 1193]
2026-07-25 11:53:00 | INFO     | jewelry_detector.image_processor | Object pixel (AI): [1523, 738, 1688, 1082]
2026-07-25 11:53:00 | INFO     | jewelry_detector.image_processor | Center pixel: [1606, 910]
2026-07-25 11:53:00 | INFO     | jewelry_detector.image_processor | OpenCV panel refine IoU = 0.890
2026-07-25 11:53:00 | INFO     | jewelry_detector.image_processor | Panel refined: [1358, 630, 1835, 1215]
2026-07-25 11:53:00 | INFO     | jewelry_detector.image_processor | Panel refined (OpenCV): [1358, 630, 1835, 1215]
2026-07-25 11:53:00 | INFO     | jewelry_detector.image_processor | Clean panel crop: raw_size=477x585 trim_left=20 trim_top=37 trim_right=8 trim_bottom=0 content_retained=100.0% success=True
2026-07-25 11:53:00 | INFO     | jewelry_detector.image_processor | Trimmed Object (ảnh gốc): [1515, 895, 1661, 1120] | AI bbox gốc: [1523,738,1688,1082]
2026-07-25 11:53:00 | INFO     | jewelry_detector.image_processor | Object refined (OpenCV Trim): [1515, 895, 1661, 1120]
2026-07-25 11:53:00 | INFO     | jewelry_detector.image_processor | Đã lưu ảnh kết quả: FINE23.COMP40_DI_12142022_bottom_result.jpg
2026-07-25 11:53:00 | INFO     | jewelry_detector.image_processor | Tổng thời gian xử lý: 0.03s
2026-07-25 11:53:00 | INFO     | jewelry_detector.image_processor | Kích thước ảnh: 1835 x 1230 px
2026-07-25 11:53:00 | INFO     | jewelry_detector.image_processor | Panel pixel (AI): [0, 676, 459, 1193]
2026-07-25 11:53:00 | INFO     | jewelry_detector.image_processor | Object pixel (AI): [92, 738, 330, 1082]
2026-07-25 11:53:00 | INFO     | jewelry_detector.image_processor | Center pixel: [211, 910]
2026-07-25 11:53:00 | INFO     | jewelry_detector.image_processor | Object refined (OpenCV Trim): [142, 769, 306, 1071]
2026-07-25 11:53:00 | INFO     | jewelry_detector.image_processor | Đã lưu ảnh kết quả: FINE23.COMP40_DI_12142022_perspective_result.jpg
2026-07-25 11:53:00 | INFO     | jewelry_detector.image_processor | Tổng thời gian xử lý: 0.03s
2026-07-25 11:58:40 | INFO     | jewelry_detector.image_processor | Kích thước ảnh: 1191 x 795 px
2026-07-25 11:58:40 | INFO     | jewelry_detector.image_processor | Panel pixel (AI): [298, 72, 584, 405]
2026-07-25 11:58:40 | INFO     | jewelry_detector.image_processor | Object pixel (AI): [357, 103, 524, 374]
2026-07-25 11:58:40 | INFO     | jewelry_detector.image_processor | Center pixel: [441, 238]
2026-07-25 11:58:40 | INFO     | jewelry_detector.image_processor | OpenCV panel refine IoU = 0.856
2026-07-25 11:58:40 | INFO     | jewelry_detector.image_processor | Panel refined: [286, 58, 595, 419]
2026-07-25 11:58:40 | INFO     | jewelry_detector.image_processor | Panel refined (OpenCV): [286, 58, 595, 419]
2026-07-25 11:58:40 | INFO     | jewelry_detector.image_processor | Clean panel crop: raw_size=309x361 trim_left=20 trim_top=14 trim_right=0 trim_bottom=0 content_retained=98.5% success=True
2026-07-25 11:58:40 | INFO     | jewelry_detector.image_processor | Trimmed Object (ảnh gốc): [309, 91, 544, 403] | AI bbox gốc: [357,103,524,374]
2026-07-25 11:58:40 | INFO     | jewelry_detector.image_processor | Object refined (OpenCV Trim): [309, 91, 544, 403]
2026-07-25 11:58:40 | INFO     | jewelry_detector.image_processor | Đã lưu ảnh kết quả: 889485_front_result.jpg
2026-07-25 11:58:40 | INFO     | jewelry_detector.image_processor | Tổng thời gian xử lý: 0.07s
2026-07-25 11:58:40 | INFO     | jewelry_detector.image_processor | Kích thước ảnh: 1191 x 795 px
2026-07-25 11:58:40 | INFO     | jewelry_detector.image_processor | Panel pixel (AI): [607, 72, 893, 405]
2026-07-25 11:58:40 | INFO     | jewelry_detector.image_processor | Object pixel (AI): [667, 103, 834, 374]
2026-07-25 11:58:40 | INFO     | jewelry_detector.image_processor | Center pixel: [750, 238]
2026-07-25 11:58:40 | INFO     | jewelry_detector.image_processor | OpenCV panel refine IoU = 0.856
2026-07-25 11:58:40 | INFO     | jewelry_detector.image_processor | Panel refined: [596, 58, 905, 419]
2026-07-25 11:58:40 | INFO     | jewelry_detector.image_processor | Panel refined (OpenCV): [596, 58, 905, 419]
2026-07-25 11:58:40 | INFO     | jewelry_detector.image_processor | Clean panel crop: raw_size=309x361 trim_left=3 trim_top=14 trim_right=16 trim_bottom=0 content_retained=99.5% success=True
2026-07-25 11:58:40 | INFO     | jewelry_detector.image_processor | Trimmed Object (ảnh gốc): [599, 112, 889, 384] | AI bbox gốc: [667,103,834,374]
2026-07-25 11:58:40 | INFO     | jewelry_detector.image_processor | Object refined (OpenCV Trim): [599, 112, 889, 384]
2026-07-25 11:58:40 | INFO     | jewelry_detector.image_processor | Đã lưu ảnh kết quả: 889485_left_result.jpg
2026-07-25 11:58:40 | INFO     | jewelry_detector.image_processor | Tổng thời gian xử lý: 0.02s
2026-07-25 11:58:40 | INFO     | jewelry_detector.image_processor | Kích thước ảnh: 1191 x 795 px
2026-07-25 11:58:40 | INFO     | jewelry_detector.image_processor | Panel pixel (AI): [917, 72, 1191, 405]
2026-07-25 11:58:40 | INFO     | jewelry_detector.image_processor | Object pixel (AI): [977, 103, 1143, 374]
2026-07-25 11:58:40 | INFO     | jewelry_detector.image_processor | Center pixel: [1060, 238]
2026-07-25 11:58:40 | INFO     | jewelry_detector.image_processor | OpenCV panel refine IoU = 0.889
2026-07-25 11:58:40 | INFO     | jewelry_detector.image_processor | Panel refined: [906, 58, 1191, 419]
2026-07-25 11:58:40 | INFO     | jewelry_detector.image_processor | Panel refined (OpenCV): [906, 58, 1191, 419]
2026-07-25 11:58:40 | INFO     | jewelry_detector.image_processor | Clean panel crop: raw_size=285x361 trim_left=0 trim_top=14 trim_right=9 trim_bottom=0 content_retained=100.0% success=True
2026-07-25 11:58:40 | INFO     | jewelry_detector.image_processor | Trimmed Object (ảnh gốc): [941, 72, 1128, 352] | AI bbox gốc: [977,103,1143,374]
2026-07-25 11:58:40 | INFO     | jewelry_detector.image_processor | Object refined (OpenCV Trim): [941, 72, 1128, 352]
2026-07-25 11:58:40 | INFO     | jewelry_detector.image_processor | Đã lưu ảnh kết quả: 889485_top_result.jpg
2026-07-25 11:58:40 | INFO     | jewelry_detector.image_processor | Tổng thời gian xử lý: 0.02s
2026-07-25 11:58:40 | INFO     | jewelry_detector.image_processor | Kích thước ảnh: 1191 x 795 px
2026-07-25 11:58:40 | INFO     | jewelry_detector.image_processor | Panel pixel (AI): [298, 421, 584, 755]
2026-07-25 11:58:40 | INFO     | jewelry_detector.image_processor | Object pixel (AI): [357, 453, 524, 723]
2026-07-25 11:58:40 | INFO     | jewelry_detector.image_processor | Center pixel: [441, 588]
2026-07-25 11:58:40 | INFO     | jewelry_detector.image_processor | OpenCV panel refine IoU = 0.856
2026-07-25 11:58:40 | INFO     | jewelry_detector.image_processor | Panel refined: [286, 408, 595, 769]
2026-07-25 11:58:40 | INFO     | jewelry_detector.image_processor | Panel refined (OpenCV): [286, 408, 595, 769]
2026-07-25 11:58:40 | INFO     | jewelry_detector.image_processor | Clean panel crop: raw_size=309x361 trim_left=20 trim_top=23 trim_right=0 trim_bottom=0 content_retained=99.7% success=True
2026-07-25 11:58:40 | INFO     | jewelry_detector.image_processor | Trimmed Object (ảnh gốc): [324, 453, 581, 768] | AI bbox gốc: [357,453,524,723]
2026-07-25 11:58:40 | INFO     | jewelry_detector.image_processor | Object refined (OpenCV Trim): [324, 453, 581, 768]
2026-07-25 11:58:40 | INFO     | jewelry_detector.image_processor | Đã lưu ảnh kết quả: 889485_back_result.jpg
2026-07-25 11:58:40 | INFO     | jewelry_detector.image_processor | Tổng thời gian xử lý: 0.02s
2026-07-25 11:58:40 | INFO     | jewelry_detector.image_processor | Kích thước ảnh: 1191 x 795 px
2026-07-25 11:58:40 | INFO     | jewelry_detector.image_processor | Panel pixel (AI): [607, 421, 893, 755]
2026-07-25 11:58:40 | INFO     | jewelry_detector.image_processor | Object pixel (AI): [667, 453, 834, 723]
2026-07-25 11:58:40 | INFO     | jewelry_detector.image_processor | Center pixel: [750, 588]
2026-07-25 11:58:40 | INFO     | jewelry_detector.image_processor | OpenCV panel refine IoU = 0.856
2026-07-25 11:58:40 | INFO     | jewelry_detector.image_processor | Panel refined: [596, 408, 905, 769]
2026-07-25 11:58:40 | INFO     | jewelry_detector.image_processor | Panel refined (OpenCV): [596, 408, 905, 769]
2026-07-25 11:58:41 | INFO     | jewelry_detector.image_processor | Clean panel crop: raw_size=309x361 trim_left=3 trim_top=23 trim_right=16 trim_bottom=0 content_retained=99.0% success=True
2026-07-25 11:58:41 | INFO     | jewelry_detector.image_processor | Trimmed Object (ảnh gốc): [599, 456, 889, 745] | AI bbox gốc: [667,453,834,723]
2026-07-25 11:58:41 | INFO     | jewelry_detector.image_processor | Object refined (OpenCV Trim): [599, 456, 889, 745]
2026-07-25 11:58:41 | INFO     | jewelry_detector.image_processor | Đã lưu ảnh kết quả: 889485_right_result.jpg
2026-07-25 11:58:41 | INFO     | jewelry_detector.image_processor | Tổng thời gian xử lý: 0.02s
2026-07-25 11:58:41 | INFO     | jewelry_detector.image_processor | Kích thước ảnh: 1191 x 795 px
2026-07-25 11:58:41 | INFO     | jewelry_detector.image_processor | Panel pixel (AI): [917, 421, 1191, 755]
2026-07-25 11:58:41 | INFO     | jewelry_detector.image_processor | Object pixel (AI): [977, 453, 1143, 723]
2026-07-25 11:58:41 | INFO     | jewelry_detector.image_processor | Center pixel: [1060, 588]
2026-07-25 11:58:41 | INFO     | jewelry_detector.image_processor | OpenCV panel refine IoU = 0.889
2026-07-25 11:58:41 | INFO     | jewelry_detector.image_processor | Panel refined: [906, 408, 1191, 769]
2026-07-25 11:58:41 | INFO     | jewelry_detector.image_processor | Panel refined (OpenCV): [906, 408, 1191, 769]
2026-07-25 11:58:41 | INFO     | jewelry_detector.image_processor | Clean panel crop: raw_size=285x361 trim_left=0 trim_top=23 trim_right=9 trim_bottom=0 content_retained=100.0% success=True
2026-07-25 11:58:41 | INFO     | jewelry_detector.image_processor | Trimmed Object (ảnh gốc): [948, 506, 1129, 769] | AI bbox gốc: [977,453,1143,723]
2026-07-25 11:58:41 | INFO     | jewelry_detector.image_processor | Object refined (OpenCV Trim): [948, 506, 1129, 769]
2026-07-25 11:58:41 | INFO     | jewelry_detector.image_processor | Đã lưu ảnh kết quả: 889485_bottom_result.jpg
2026-07-25 11:58:41 | INFO     | jewelry_detector.image_processor | Tổng thời gian xử lý: 0.02s
2026-07-25 11:58:41 | INFO     | jewelry_detector.image_processor | Kích thước ảnh: 1191 x 795 px
2026-07-25 11:58:41 | INFO     | jewelry_detector.image_processor | Panel pixel (AI): [0, 421, 298, 755]
2026-07-25 11:58:41 | INFO     | jewelry_detector.image_processor | Object pixel (AI): [48, 453, 238, 723]
2026-07-25 11:58:41 | INFO     | jewelry_detector.image_processor | Center pixel: [143, 588]
2026-07-25 11:58:41 | INFO     | jewelry_detector.image_processor | Object refined (OpenCV Trim): [0, 420, 245, 719]
2026-07-25 11:58:41 | INFO     | jewelry_detector.image_processor | Đã lưu ảnh kết quả: 889485_perspective_result.jpg
2026-07-25 11:58:41 | INFO     | jewelry_detector.image_processor | Tổng thời gian xử lý: 0.02s
2026-07-25 11:58:59 | INFO     | jewelry_detector.image_processor | Kích thước ảnh: 1717 x 1143 px
2026-07-25 11:58:59 | INFO     | jewelry_detector.image_processor | Panel pixel (AI): [429, 91, 858, 594]
2026-07-25 11:58:59 | INFO     | jewelry_detector.image_processor | Object pixel (AI): [464, 114, 824, 549]
2026-07-25 11:58:59 | INFO     | jewelry_detector.image_processor | Center pixel: [644, 331]
2026-07-25 11:58:59 | INFO     | jewelry_detector.image_processor | OpenCV panel refine IoU = 0.886
2026-07-25 11:58:59 | INFO     | jewelry_detector.image_processor | Panel refined: [412, 94, 876, 614]
2026-07-25 11:58:59 | INFO     | jewelry_detector.image_processor | Panel refined (OpenCV): [412, 94, 876, 614]
2026-07-25 11:58:59 | INFO     | jewelry_detector.image_processor | Clean panel crop: raw_size=464x520 trim_left=24 trim_top=4 trim_right=16 trim_bottom=0 content_retained=96.5% success=True
2026-07-25 11:58:59 | INFO     | jewelry_detector.image_processor | Trimmed Object (ảnh gốc): [473, 264, 856, 485] | AI bbox gốc: [464,114,824,549]
2026-07-25 11:58:59 | INFO     | jewelry_detector.image_processor | Object refined (OpenCV Trim): [473, 264, 856, 485]
2026-07-25 11:58:59 | INFO     | jewelry_detector.image_processor | Đã lưu ảnh kết quả: 889486 A_front_result.jpg
2026-07-25 11:58:59 | INFO     | jewelry_detector.image_processor | Tổng thời gian xử lý: 0.03s
2026-07-25 11:58:59 | INFO     | jewelry_detector.image_processor | Kích thước ảnh: 1717 x 1143 px
2026-07-25 11:58:59 | INFO     | jewelry_detector.image_processor | Panel pixel (AI): [858, 91, 1288, 594]
2026-07-25 11:58:59 | INFO     | jewelry_detector.image_processor | Object pixel (AI): [944, 137, 1202, 526]
2026-07-25 11:58:59 | INFO     | jewelry_detector.image_processor | Center pixel: [1073, 331]
2026-07-25 11:58:59 | INFO     | jewelry_detector.image_processor | OpenCV panel refine IoU = 0.886
2026-07-25 11:58:59 | INFO     | jewelry_detector.image_processor | Panel refined: [841, 94, 1305, 614]
2026-07-25 11:58:59 | INFO     | jewelry_detector.image_processor | Panel refined (OpenCV): [841, 94, 1305, 614]
2026-07-25 11:58:59 | INFO     | jewelry_detector.image_processor | Clean panel crop: raw_size=464x520 trim_left=23 trim_top=4 trim_right=17 trim_bottom=0 content_retained=99.5% success=True
2026-07-25 11:58:59 | INFO     | jewelry_detector.image_processor | Trimmed Object (ảnh gốc): [984, 288, 1163, 471] | AI bbox gốc: [944,137,1202,526]
2026-07-25 11:58:59 | INFO     | jewelry_detector.image_processor | Object refined (OpenCV Trim): [984, 288, 1163, 471]
2026-07-25 11:58:59 | INFO     | jewelry_detector.image_processor | Đã lưu ảnh kết quả: 889486 A_left_result.jpg
2026-07-25 11:58:59 | INFO     | jewelry_detector.image_processor | Tổng thời gian xử lý: 0.03s
2026-07-25 11:58:59 | INFO     | jewelry_detector.image_processor | Kích thước ảnh: 1717 x 1143 px
2026-07-25 11:58:59 | INFO     | jewelry_detector.image_processor | Panel pixel (AI): [1288, 91, 1717, 594]
2026-07-25 11:58:59 | INFO     | jewelry_detector.image_processor | Object pixel (AI): [1339, 137, 1648, 526]
2026-07-25 11:58:59 | INFO     | jewelry_detector.image_processor | Center pixel: [1494, 331]
2026-07-25 11:58:59 | INFO     | jewelry_detector.image_processor | OpenCV panel refine IoU = 0.922
2026-07-25 11:58:59 | INFO     | jewelry_detector.image_processor | Panel refined: [1271, 94, 1717, 614]
2026-07-25 11:58:59 | INFO     | jewelry_detector.image_processor | Panel refined (OpenCV): [1271, 94, 1717, 614]
2026-07-25 11:58:59 | INFO     | jewelry_detector.image_processor | Clean panel crop: raw_size=446x520 trim_left=22 trim_top=4 trim_right=0 trim_bottom=0 content_retained=100.0% success=True
2026-07-25 11:58:59 | INFO     | jewelry_detector.image_processor | Trimmed Object (ảnh gốc): [1320, 266, 1686, 462] | AI bbox gốc: [1339,137,1648,526]
2026-07-25 11:58:59 | INFO     | jewelry_detector.image_processor | Object refined (OpenCV Trim): [1320, 266, 1686, 462]
2026-07-25 11:58:59 | INFO     | jewelry_detector.image_processor | Đã lưu ảnh kết quả: 889486 A_top_result.jpg
2026-07-25 11:58:59 | INFO     | jewelry_detector.image_processor | Tổng thời gian xử lý: 0.03s
2026-07-25 11:58:59 | INFO     | jewelry_detector.image_processor | Kích thước ảnh: 1717 x 1143 px
2026-07-25 11:58:59 | INFO     | jewelry_detector.image_processor | Panel pixel (AI): [429, 594, 858, 1097]
2026-07-25 11:58:59 | INFO     | jewelry_detector.image_processor | Object pixel (AI): [464, 617, 824, 1052]
2026-07-25 11:58:59 | INFO     | jewelry_detector.image_processor | Center pixel: [644, 834]
2026-07-25 11:58:59 | INFO     | jewelry_detector.image_processor | OpenCV panel refine IoU = 0.857
2026-07-25 11:58:59 | INFO     | jewelry_detector.image_processor | Panel refined: [412, 574, 876, 1117]
2026-07-25 11:58:59 | INFO     | jewelry_detector.image_processor | Panel refined (OpenCV): [412, 574, 876, 1117]
2026-07-25 11:58:59 | INFO     | jewelry_detector.image_processor | Clean panel crop: raw_size=464x543 trim_left=24 trim_top=49 trim_right=16 trim_bottom=0 content_retained=98.1% success=True
2026-07-25 11:58:59 | INFO     | jewelry_detector.image_processor | Trimmed Object (ảnh gốc): [448, 774, 813, 992] | AI bbox gốc: [464,617,824,1052]
2026-07-25 11:58:59 | INFO     | jewelry_detector.image_processor | Object refined (OpenCV Trim): [448, 774, 813, 992]
2026-07-25 11:58:59 | INFO     | jewelry_detector.image_processor | Đã lưu ảnh kết quả: 889486 A_back_result.jpg
2026-07-25 11:58:59 | INFO     | jewelry_detector.image_processor | Tổng thời gian xử lý: 0.03s
2026-07-25 11:58:59 | INFO     | jewelry_detector.image_processor | Kích thước ảnh: 1717 x 1143 px
2026-07-25 11:58:59 | INFO     | jewelry_detector.image_processor | Panel pixel (AI): [858, 594, 1288, 1097]
2026-07-25 11:58:59 | INFO     | jewelry_detector.image_processor | Object pixel (AI): [944, 617, 1202, 1052]
2026-07-25 11:58:59 | INFO     | jewelry_detector.image_processor | Center pixel: [1073, 834]
2026-07-25 11:58:59 | INFO     | jewelry_detector.image_processor | OpenCV panel refine IoU = 0.857
2026-07-25 11:58:59 | INFO     | jewelry_detector.image_processor | Panel refined: [841, 574, 1305, 1117]
2026-07-25 11:58:59 | INFO     | jewelry_detector.image_processor | Panel refined (OpenCV): [841, 574, 1305, 1117]
2026-07-25 11:58:59 | INFO     | jewelry_detector.image_processor | Clean panel crop: raw_size=464x543 trim_left=23 trim_top=49 trim_right=17 trim_bottom=0 content_retained=97.1% success=True
2026-07-25 11:58:59 | INFO     | jewelry_detector.image_processor | Trimmed Object (ảnh gốc): [977, 798, 1172, 985] | AI bbox gốc: [944,617,1202,1052]
2026-07-25 11:58:59 | INFO     | jewelry_detector.image_processor | Object refined (OpenCV Trim): [977, 798, 1172, 985]
2026-07-25 11:58:59 | INFO     | jewelry_detector.image_processor | Đã lưu ảnh kết quả: 889486 A_right_result.jpg
2026-07-25 11:58:59 | INFO     | jewelry_detector.image_processor | Tổng thời gian xử lý: 0.03s
2026-07-25 11:58:59 | INFO     | jewelry_detector.image_processor | Kích thước ảnh: 1717 x 1143 px
2026-07-25 11:58:59 | INFO     | jewelry_detector.image_processor | Panel pixel (AI): [1288, 594, 1717, 1097]
2026-07-25 11:58:59 | INFO     | jewelry_detector.image_processor | Object pixel (AI): [1339, 617, 1648, 1052]
2026-07-25 11:58:59 | INFO     | jewelry_detector.image_processor | Center pixel: [1494, 834]
2026-07-25 11:58:59 | INFO     | jewelry_detector.image_processor | OpenCV panel refine IoU = 0.891
2026-07-25 11:58:59 | INFO     | jewelry_detector.image_processor | Panel refined: [1271, 574, 1717, 1117]
2026-07-25 11:58:59 | INFO     | jewelry_detector.image_processor | Panel refined (OpenCV): [1271, 574, 1717, 1117]
2026-07-25 11:58:59 | INFO     | jewelry_detector.image_processor | Clean panel crop: raw_size=446x543 trim_left=22 trim_top=49 trim_right=0 trim_bottom=0 content_retained=100.0% success=True
2026-07-25 11:58:59 | INFO     | jewelry_detector.image_processor | Trimmed Object (ảnh gốc): [1313, 782, 1686, 981] | AI bbox gốc: [1339,617,1648,1052]
2026-07-25 11:58:59 | INFO     | jewelry_detector.image_processor | Object refined (OpenCV Trim): [1313, 782, 1686, 981]
2026-07-25 11:58:59 | INFO     | jewelry_detector.image_processor | Đã lưu ảnh kết quả: 889486 A_bottom_result.jpg
2026-07-25 11:58:59 | INFO     | jewelry_detector.image_processor | Tổng thời gian xử lý: 0.03s
2026-07-25 11:58:59 | INFO     | jewelry_detector.image_processor | Kích thước ảnh: 1717 x 1143 px
2026-07-25 11:58:59 | INFO     | jewelry_detector.image_processor | Panel pixel (AI): [0, 754, 429, 1143]
2026-07-25 11:58:59 | INFO     | jewelry_detector.image_processor | Object pixel (AI): [17, 777, 395, 1120]
2026-07-25 11:58:59 | INFO     | jewelry_detector.image_processor | Center pixel: [206, 949]
2026-07-25 11:58:59 | INFO     | jewelry_detector.image_processor | Object refined (OpenCV Trim): [0, 755, 498, 1143]
2026-07-25 11:58:59 | INFO     | jewelry_detector.image_processor | Đã lưu ảnh kết quả: 889486 A_perspective_result.jpg
2026-07-25 11:58:59 | INFO     | jewelry_detector.image_processor | Tổng thời gian xử lý: 0.03s
2026-07-25 11:59:13 | INFO     | jewelry_detector.image_processor | Kích thước ảnh: 1721 x 1142 px
2026-07-25 11:59:13 | INFO     | jewelry_detector.image_processor | Panel pixel (AI): [430, 91, 860, 571]
2026-07-25 11:59:13 | INFO     | jewelry_detector.image_processor | Object pixel (AI): [465, 114, 826, 548]
2026-07-25 11:59:13 | INFO     | jewelry_detector.image_processor | Center pixel: [645, 331]
2026-07-25 11:59:13 | INFO     | jewelry_detector.image_processor | OpenCV panel refine IoU = 0.857
2026-07-25 11:59:13 | INFO     | jewelry_detector.image_processor | Panel refined: [413, 72, 878, 590]
2026-07-25 11:59:13 | INFO     | jewelry_detector.image_processor | Panel refined (OpenCV): [413, 72, 878, 590]
2026-07-25 11:59:13 | INFO     | jewelry_detector.image_processor | Clean panel crop: raw_size=465x518 trim_left=28 trim_top=21 trim_right=13 trim_bottom=0 content_retained=96.8% success=True
2026-07-25 11:59:13 | INFO     | jewelry_detector.image_processor | Trimmed Object (ảnh gốc): [461, 259, 865, 480] | AI bbox gốc: [465,114,826,548]
2026-07-25 11:59:13 | INFO     | jewelry_detector.image_processor | Object refined (OpenCV Trim): [461, 259, 865, 480]
2026-07-25 11:59:13 | INFO     | jewelry_detector.image_processor | Đã lưu ảnh kết quả: 889486 B+F_front_result.jpg
2026-07-25 11:59:13 | INFO     | jewelry_detector.image_processor | Tổng thời gian xử lý: 0.03s
2026-07-25 11:59:13 | INFO     | jewelry_detector.image_processor | Kích thước ảnh: 1721 x 1142 px
2026-07-25 11:59:13 | INFO     | jewelry_detector.image_processor | Panel pixel (AI): [860, 91, 1291, 571]
2026-07-25 11:59:13 | INFO     | jewelry_detector.image_processor | Object pixel (AI): [895, 114, 1274, 548]
2026-07-25 11:59:13 | INFO     | jewelry_detector.image_processor | Center pixel: [1084, 331]
2026-07-25 11:59:13 | INFO     | jewelry_detector.image_processor | OpenCV panel refine IoU = 0.857
2026-07-25 11:59:13 | INFO     | jewelry_detector.image_processor | Panel refined: [843, 72, 1308, 590]
2026-07-25 11:59:13 | INFO     | jewelry_detector.image_processor | Panel refined (OpenCV): [843, 72, 1308, 590]
2026-07-25 11:59:13 | INFO     | jewelry_detector.image_processor | Clean panel crop: raw_size=465x518 trim_left=26 trim_top=21 trim_right=15 trim_bottom=0 content_retained=97.8% success=True
2026-07-25 11:59:13 | INFO     | jewelry_detector.image_processor | Trimmed Object (ảnh gốc): [983, 275, 1166, 468] | AI bbox gốc: [895,114,1274,548]
2026-07-25 11:59:13 | INFO     | jewelry_detector.image_processor | Object refined (OpenCV Trim): [983, 275, 1166, 468]
2026-07-25 11:59:13 | INFO     | jewelry_detector.image_processor | Đã lưu ảnh kết quả: 889486 B+F_left_result.jpg
2026-07-25 11:59:13 | INFO     | jewelry_detector.image_processor | Tổng thời gian xử lý: 0.03s
2026-07-25 11:59:13 | INFO     | jewelry_detector.image_processor | Kích thước ảnh: 1721 x 1142 px
2026-07-25 11:59:13 | INFO     | jewelry_detector.image_processor | Panel pixel (AI): [1291, 91, 1721, 571]
2026-07-25 11:59:13 | INFO     | jewelry_detector.image_processor | Object pixel (AI): [1325, 114, 1687, 548]
2026-07-25 11:59:13 | INFO     | jewelry_detector.image_processor | Center pixel: [1506, 331]
2026-07-25 11:59:13 | INFO     | jewelry_detector.image_processor | OpenCV panel refine IoU = 0.891
2026-07-25 11:59:13 | INFO     | jewelry_detector.image_processor | Panel refined: [1274, 72, 1721, 590]
2026-07-25 11:59:13 | INFO     | jewelry_detector.image_processor | Panel refined (OpenCV): [1274, 72, 1721, 590]
2026-07-25 11:59:13 | INFO     | jewelry_detector.image_processor | Clean panel crop: raw_size=447x518 trim_left=24 trim_top=21 trim_right=0 trim_bottom=0 content_retained=100.0% success=True
2026-07-25 11:59:13 | INFO     | jewelry_detector.image_processor | Trimmed Object (ảnh gốc): [1312, 254, 1718, 456] | AI bbox gốc: [1325,114,1687,548]
2026-07-25 11:59:13 | INFO     | jewelry_detector.image_processor | Object refined (OpenCV Trim): [1312, 254, 1718, 456]
2026-07-25 11:59:13 | INFO     | jewelry_detector.image_processor | Đã lưu ảnh kết quả: 889486 B+F_top_result.jpg
2026-07-25 11:59:13 | INFO     | jewelry_detector.image_processor | Tổng thời gian xử lý: 0.03s
2026-07-25 11:59:13 | INFO     | jewelry_detector.image_processor | Kích thước ảnh: 1721 x 1142 px
2026-07-25 11:59:13 | INFO     | jewelry_detector.image_processor | Panel pixel (AI): [430, 571, 860, 914]
2026-07-25 11:59:13 | INFO     | jewelry_detector.image_processor | Object pixel (AI): [465, 594, 826, 891]
2026-07-25 11:59:13 | INFO     | jewelry_detector.image_processor | Center pixel: [645, 742]
2026-07-25 11:59:13 | INFO     | jewelry_detector.image_processor | OpenCV panel refine IoU = 0.857
2026-07-25 11:59:13 | INFO     | jewelry_detector.image_processor | Panel refined: [413, 557, 878, 927]
2026-07-25 11:59:13 | INFO     | jewelry_detector.image_processor | Panel refined (OpenCV): [413, 557, 878, 927]
2026-07-25 11:59:13 | INFO     | jewelry_detector.image_processor | Clean panel crop: raw_size=465x370 trim_left=28 trim_top=61 trim_right=13 trim_bottom=0 content_retained=98.9% success=True
2026-07-25 11:59:13 | INFO     | jewelry_detector.image_processor | Trimmed Object (ảnh gốc): [441, 773, 830, 927] | AI bbox gốc: [465,594,826,891]
2026-07-25 11:59:13 | INFO     | jewelry_detector.image_processor | Object refined (OpenCV Trim): [441, 773, 830, 927]
2026-07-25 11:59:13 | INFO     | jewelry_detector.image_processor | Đã lưu ảnh kết quả: 889486 B+F_back_result.jpg
2026-07-25 11:59:13 | INFO     | jewelry_detector.image_processor | Tổng thời gian xử lý: 0.02s
2026-07-25 11:59:13 | INFO     | jewelry_detector.image_processor | Kích thước ảnh: 1721 x 1142 px
2026-07-25 11:59:13 | INFO     | jewelry_detector.image_processor | Panel pixel (AI): [860, 571, 1291, 914]
2026-07-25 11:59:13 | INFO     | jewelry_detector.image_processor | Object pixel (AI): [895, 594, 1274, 891]
2026-07-25 11:59:13 | INFO     | jewelry_detector.image_processor | Center pixel: [1084, 742]
2026-07-25 11:59:13 | INFO     | jewelry_detector.image_processor | OpenCV panel refine IoU = 0.857
2026-07-25 11:59:13 | INFO     | jewelry_detector.image_processor | Panel refined: [843, 557, 1308, 927]
2026-07-25 11:59:13 | INFO     | jewelry_detector.image_processor | Panel refined (OpenCV): [843, 557, 1308, 927]
2026-07-25 11:59:13 | INFO     | jewelry_detector.image_processor | Clean panel crop: raw_size=465x370 trim_left=26 trim_top=61 trim_right=15 trim_bottom=0 content_retained=97.5% success=True
2026-07-25 11:59:13 | INFO     | jewelry_detector.image_processor | Trimmed Object (ảnh gốc): [989, 789, 1154, 927] | AI bbox gốc: [895,594,1274,891]
2026-07-25 11:59:13 | INFO     | jewelry_detector.image_processor | Object refined (OpenCV Trim): [989, 789, 1154, 927]
2026-07-25 11:59:13 | INFO     | jewelry_detector.image_processor | Đã lưu ảnh kết quả: 889486 B+F_right_result.jpg
2026-07-25 11:59:13 | INFO     | jewelry_detector.image_processor | Tổng thời gian xử lý: 0.02s
2026-07-25 11:59:13 | INFO     | jewelry_detector.image_processor | Kích thước ảnh: 1721 x 1142 px
2026-07-25 11:59:13 | INFO     | jewelry_detector.image_processor | Panel pixel (AI): [1291, 571, 1721, 914]
2026-07-25 11:59:13 | INFO     | jewelry_detector.image_processor | Object pixel (AI): [1325, 594, 1687, 891]
2026-07-25 11:59:13 | INFO     | jewelry_detector.image_processor | Center pixel: [1506, 742]
2026-07-25 11:59:13 | INFO     | jewelry_detector.image_processor | OpenCV panel refine IoU = 0.891
2026-07-25 11:59:13 | INFO     | jewelry_detector.image_processor | Panel refined: [1274, 557, 1721, 927]
2026-07-25 11:59:13 | INFO     | jewelry_detector.image_processor | Panel refined (OpenCV): [1274, 557, 1721, 927]
2026-07-25 11:59:13 | INFO     | jewelry_detector.image_processor | Clean panel crop: raw_size=447x370 trim_left=24 trim_top=61 trim_right=0 trim_bottom=0 content_retained=100.0% success=True
2026-07-25 11:59:13 | INFO     | jewelry_detector.image_processor | Trimmed Object (ảnh gốc): [1308, 782, 1714, 927] | AI bbox gốc: [1325,594,1687,891]
2026-07-25 11:59:13 | INFO     | jewelry_detector.image_processor | Object refined (OpenCV Trim): [1308, 782, 1714, 927]
2026-07-25 11:59:13 | INFO     | jewelry_detector.image_processor | Đã lưu ảnh kết quả: 889486 B+F_bottom_result.jpg
2026-07-25 11:59:13 | INFO     | jewelry_detector.image_processor | Tổng thời gian xử lý: 0.03s
2026-07-25 11:59:13 | INFO     | jewelry_detector.image_processor | Kích thước ảnh: 1721 x 1142 px
2026-07-25 11:59:13 | INFO     | jewelry_detector.image_processor | Panel pixel (AI): [0, 571, 430, 914]
2026-07-25 11:59:13 | INFO     | jewelry_detector.image_processor | Object pixel (AI): [34, 594, 396, 891]
2026-07-25 11:59:13 | INFO     | jewelry_detector.image_processor | Center pixel: [215, 742]
2026-07-25 11:59:13 | INFO     | jewelry_detector.image_processor | Object refined (OpenCV Trim): [0, 526, 499, 944]
2026-07-25 11:59:13 | INFO     | jewelry_detector.image_processor | Đã lưu ảnh kết quả: 889486 B+F_perspective_result.jpg
2026-07-25 11:59:13 | INFO     | jewelry_detector.image_processor | Tổng thời gian xử lý: 0.03s
2026-07-25 11:59:26 | INFO     | jewelry_detector.image_processor | Kích thước ảnh: 1714 x 1138 px
2026-07-25 11:59:26 | INFO     | jewelry_detector.image_processor | Panel pixel (AI): [428, 91, 857, 592]
2026-07-25 11:59:26 | INFO     | jewelry_detector.image_processor | Object pixel (AI): [463, 114, 823, 546]
2026-07-25 11:59:26 | INFO     | jewelry_detector.image_processor | Center pixel: [643, 330]
2026-07-25 11:59:26 | INFO     | jewelry_detector.image_processor | OpenCV panel refine IoU = 0.886
2026-07-25 11:59:26 | INFO     | jewelry_detector.image_processor | Panel refined: [411, 93, 874, 612]
2026-07-25 11:59:26 | INFO     | jewelry_detector.image_processor | Panel refined (OpenCV): [411, 93, 874, 612]
2026-07-25 11:59:26 | INFO     | jewelry_detector.image_processor | Clean panel crop: raw_size=463x519 trim_left=24 trim_top=4 trim_right=15 trim_bottom=0 content_retained=97.3% success=True
2026-07-25 11:59:26 | INFO     | jewelry_detector.image_processor | Trimmed Object (ảnh gốc): [449, 266, 859, 485] | AI bbox gốc: [463,114,823,546]
2026-07-25 11:59:26 | INFO     | jewelry_detector.image_processor | Object refined (OpenCV Trim): [449, 266, 859, 485]
2026-07-25 11:59:26 | INFO     | jewelry_detector.image_processor | Đã lưu ảnh kết quả: 889486 C+E_front_result.jpg
2026-07-25 11:59:26 | INFO     | jewelry_detector.image_processor | Tổng thời gian xử lý: 0.03s
2026-07-25 11:59:26 | INFO     | jewelry_detector.image_processor | Kích thước ảnh: 1714 x 1138 px
2026-07-25 11:59:26 | INFO     | jewelry_detector.image_processor | Panel pixel (AI): [857, 91, 1286, 592]
2026-07-25 11:59:26 | INFO     | jewelry_detector.image_processor | Object pixel (AI): [943, 114, 1200, 546]
2026-07-25 11:59:26 | INFO     | jewelry_detector.image_processor | Center pixel: [1071, 330]
2026-07-25 11:59:26 | INFO     | jewelry_detector.image_processor | OpenCV panel refine IoU = 0.886
2026-07-25 11:59:26 | INFO     | jewelry_detector.image_processor | Panel refined: [840, 93, 1303, 612]
2026-07-25 11:59:26 | INFO     | jewelry_detector.image_processor | Panel refined (OpenCV): [840, 93, 1303, 612]
2026-07-25 11:59:26 | INFO     | jewelry_detector.image_processor | Clean panel crop: raw_size=463x519 trim_left=23 trim_top=4 trim_right=16 trim_bottom=0 content_retained=98.0% success=True
2026-07-25 11:59:26 | INFO     | jewelry_detector.image_processor | Trimmed Object (ảnh gốc): [991, 277, 1178, 476] | AI bbox gốc: [943,114,1200,546]
2026-07-25 11:59:26 | INFO     | jewelry_detector.image_processor | Object refined (OpenCV Trim): [991, 277, 1178, 476]
2026-07-25 11:59:26 | INFO     | jewelry_detector.image_processor | Đã lưu ảnh kết quả: 889486 C+E_left_result.jpg
2026-07-25 11:59:26 | INFO     | jewelry_detector.image_processor | Tổng thời gian xử lý: 0.03s
2026-07-25 11:59:26 | INFO     | jewelry_detector.image_processor | Kích thước ảnh: 1714 x 1138 px
2026-07-25 11:59:26 | INFO     | jewelry_detector.image_processor | Panel pixel (AI): [1286, 91, 1714, 592]
2026-07-25 11:59:26 | INFO     | jewelry_detector.image_processor | Object pixel (AI): [1337, 114, 1663, 546]
2026-07-25 11:59:26 | INFO     | jewelry_detector.image_processor | Center pixel: [1500, 330]
2026-07-25 11:59:26 | INFO     | jewelry_detector.image_processor | OpenCV panel refine IoU = 0.920
2026-07-25 11:59:26 | INFO     | jewelry_detector.image_processor | Panel refined: [1268, 93, 1714, 612]
2026-07-25 11:59:26 | INFO     | jewelry_detector.image_processor | Panel refined (OpenCV): [1268, 93, 1714, 612]
2026-07-25 11:59:26 | INFO     | jewelry_detector.image_processor | Clean panel crop: raw_size=446x519 trim_left=24 trim_top=4 trim_right=0 trim_bottom=0 content_retained=100.0% success=True
2026-07-25 11:59:26 | INFO     | jewelry_detector.image_processor | Trimmed Object (ảnh gốc): [1299, 264, 1714, 467] | AI bbox gốc: [1337,114,1663,546]
2026-07-25 11:59:26 | INFO     | jewelry_detector.image_processor | Object refined (OpenCV Trim): [1299, 264, 1714, 467]
2026-07-25 11:59:26 | INFO     | jewelry_detector.image_processor | Đã lưu ảnh kết quả: 889486 C+E_top_result.jpg
2026-07-25 11:59:26 | INFO     | jewelry_detector.image_processor | Tổng thời gian xử lý: 0.03s
2026-07-25 11:59:26 | INFO     | jewelry_detector.image_processor | Kích thước ảnh: 1714 x 1138 px
2026-07-25 11:59:26 | INFO     | jewelry_detector.image_processor | Panel pixel (AI): [428, 592, 857, 1070]
2026-07-25 11:59:26 | INFO     | jewelry_detector.image_processor | Object pixel (AI): [463, 615, 823, 1024]
2026-07-25 11:59:26 | INFO     | jewelry_detector.image_processor | Center pixel: [643, 819]
2026-07-25 11:59:26 | INFO     | jewelry_detector.image_processor | OpenCV panel refine IoU = 0.857
2026-07-25 11:59:26 | INFO     | jewelry_detector.image_processor | Panel refined: [411, 573, 874, 1089]
2026-07-25 11:59:26 | INFO     | jewelry_detector.image_processor | Panel refined (OpenCV): [411, 573, 874, 1089]
2026-07-25 11:59:26 | INFO     | jewelry_detector.image_processor | Clean panel crop: raw_size=463x516 trim_left=24 trim_top=49 trim_right=15 trim_bottom=0 content_retained=99.1% success=True
2026-07-25 11:59:26 | INFO     | jewelry_detector.image_processor | Trimmed Object (ảnh gốc): [435, 772, 842, 989] | AI bbox gốc: [463,615,823,1024]
2026-07-25 11:59:26 | INFO     | jewelry_detector.image_processor | Object refined (OpenCV Trim): [435, 772, 842, 989]
2026-07-25 11:59:26 | INFO     | jewelry_detector.image_processor | Đã lưu ảnh kết quả: 889486 C+E_back_result.jpg
2026-07-25 11:59:26 | INFO     | jewelry_detector.image_processor | Tổng thời gian xử lý: 0.03s
2026-07-25 11:59:26 | INFO     | jewelry_detector.image_processor | Kích thước ảnh: 1714 x 1138 px
2026-07-25 11:59:26 | INFO     | jewelry_detector.image_processor | Panel pixel (AI): [857, 592, 1286, 1070]
2026-07-25 11:59:26 | INFO     | jewelry_detector.image_processor | Object pixel (AI): [943, 615, 1200, 1024]
2026-07-25 11:59:26 | INFO     | jewelry_detector.image_processor | Center pixel: [1071, 819]
2026-07-25 11:59:26 | INFO     | jewelry_detector.image_processor | OpenCV panel refine IoU = 0.857
2026-07-25 11:59:26 | INFO     | jewelry_detector.image_processor | Panel refined: [840, 573, 1303, 1089]
2026-07-25 11:59:26 | INFO     | jewelry_detector.image_processor | Panel refined (OpenCV): [840, 573, 1303, 1089]
2026-07-25 11:59:26 | INFO     | jewelry_detector.image_processor | Clean panel crop: raw_size=463x516 trim_left=23 trim_top=49 trim_right=16 trim_bottom=0 content_retained=98.1% success=True
2026-07-25 11:59:26 | INFO     | jewelry_detector.image_processor | Trimmed Object (ảnh gốc): [968, 785, 1181, 987] | AI bbox gốc: [943,615,1200,1024]
2026-07-25 11:59:26 | INFO     | jewelry_detector.image_processor | Object refined (OpenCV Trim): [968, 785, 1181, 987]
2026-07-25 11:59:26 | INFO     | jewelry_detector.image_processor | Đã lưu ảnh kết quả: 889486 C+E_right_result.jpg
2026-07-25 11:59:26 | INFO     | jewelry_detector.image_processor | Tổng thời gian xử lý: 0.03s
2026-07-25 11:59:26 | INFO     | jewelry_detector.image_processor | Kích thước ảnh: 1714 x 1138 px
2026-07-25 11:59:26 | INFO     | jewelry_detector.image_processor | Panel pixel (AI): [1286, 592, 1714, 1070]
2026-07-25 11:59:26 | INFO     | jewelry_detector.image_processor | Object pixel (AI): [1337, 615, 1663, 1024]
2026-07-25 11:59:26 | INFO     | jewelry_detector.image_processor | Center pixel: [1500, 819]
2026-07-25 11:59:26 | INFO     | jewelry_detector.image_processor | OpenCV panel refine IoU = 0.890
2026-07-25 11:59:26 | INFO     | jewelry_detector.image_processor | Panel refined: [1268, 573, 1714, 1089]
2026-07-25 11:59:26 | INFO     | jewelry_detector.image_processor | Panel refined (OpenCV): [1268, 573, 1714, 1089]
2026-07-25 11:59:26 | INFO     | jewelry_detector.image_processor | Clean panel crop: raw_size=446x516 trim_left=24 trim_top=49 trim_right=0 trim_bottom=0 content_retained=100.0% success=True
2026-07-25 11:59:26 | INFO     | jewelry_detector.image_processor | Trimmed Object (ảnh gốc): [1292, 775, 1714, 981] | AI bbox gốc: [1337,615,1663,1024]
2026-07-25 11:59:26 | INFO     | jewelry_detector.image_processor | Object refined (OpenCV Trim): [1292, 775, 1714, 981]
2026-07-25 11:59:26 | INFO     | jewelry_detector.image_processor | Đã lưu ảnh kết quả: 889486 C+E_bottom_result.jpg
2026-07-25 11:59:26 | INFO     | jewelry_detector.image_processor | Tổng thời gian xử lý: 0.03s
2026-07-25 11:59:26 | INFO     | jewelry_detector.image_processor | Kích thước ảnh: 1714 x 1138 px
2026-07-25 11:59:26 | INFO     | jewelry_detector.image_processor | Panel pixel (AI): [0, 728, 428, 1138]
2026-07-25 11:59:26 | INFO     | jewelry_detector.image_processor | Object pixel (AI): [17, 751, 411, 1115]
2026-07-25 11:59:26 | INFO     | jewelry_detector.image_processor | Center pixel: [214, 933]
2026-07-25 11:59:26 | INFO     | jewelry_detector.image_processor | Object refined (OpenCV Trim): [0, 724, 513, 1138]
2026-07-25 11:59:26 | INFO     | jewelry_detector.image_processor | Đã lưu ảnh kết quả: 889486 C+E_perspective_result.jpg
2026-07-25 11:59:26 | INFO     | jewelry_detector.image_processor | Tổng thời gian xử lý: 0.03s
2026-07-25 11:59:40 | INFO     | jewelry_detector.image_processor | Kích thước ảnh: 1717 x 1147 px
2026-07-25 11:59:40 | INFO     | jewelry_detector.image_processor | Panel pixel (AI): [429, 92, 858, 596]
2026-07-25 11:59:40 | INFO     | jewelry_detector.image_processor | Object pixel (AI): [472, 115, 816, 562]
2026-07-25 11:59:40 | INFO     | jewelry_detector.image_processor | Center pixel: [644, 338]
2026-07-25 11:59:40 | INFO     | jewelry_detector.image_processor | OpenCV panel refine IoU = 0.857
2026-07-25 11:59:40 | INFO     | jewelry_detector.image_processor | Panel refined: [412, 72, 876, 617]
2026-07-25 11:59:40 | INFO     | jewelry_detector.image_processor | Panel refined (OpenCV): [412, 72, 876, 617]
2026-07-25 11:59:40 | INFO     | jewelry_detector.image_processor | Clean panel crop: raw_size=464x545 trim_left=25 trim_top=23 trim_right=15 trim_bottom=0 content_retained=96.7% success=True
2026-07-25 11:59:40 | INFO     | jewelry_detector.image_processor | Trimmed Object (ảnh gốc): [465, 278, 854, 466] | AI bbox gốc: [472,115,816,562]
2026-07-25 11:59:40 | INFO     | jewelry_detector.image_processor | Object refined (OpenCV Trim): [465, 278, 854, 466]
2026-07-25 11:59:40 | INFO     | jewelry_detector.image_processor | Đã lưu ảnh kết quả: 889486 D_front_result.jpg
2026-07-25 11:59:40 | INFO     | jewelry_detector.image_processor | Tổng thời gian xử lý: 0.04s
2026-07-25 11:59:40 | INFO     | jewelry_detector.image_processor | Kích thước ảnh: 1717 x 1147 px
2026-07-25 11:59:40 | INFO     | jewelry_detector.image_processor | Panel pixel (AI): [858, 92, 1288, 596]
2026-07-25 11:59:40 | INFO     | jewelry_detector.image_processor | Object pixel (AI): [944, 138, 1202, 551]
2026-07-25 11:59:40 | INFO     | jewelry_detector.image_processor | Center pixel: [1073, 344]
2026-07-25 11:59:40 | INFO     | jewelry_detector.image_processor | OpenCV panel refine IoU = 0.857
2026-07-25 11:59:40 | INFO     | jewelry_detector.image_processor | Panel refined: [841, 72, 1305, 617]
2026-07-25 11:59:40 | INFO     | jewelry_detector.image_processor | Panel refined (OpenCV): [841, 72, 1305, 617]
2026-07-25 11:59:40 | INFO     | jewelry_detector.image_processor | Clean panel crop: raw_size=464x545 trim_left=24 trim_top=23 trim_right=16 trim_bottom=0 content_retained=99.8% success=True
2026-07-25 11:59:40 | INFO     | jewelry_detector.image_processor | Trimmed Object (ảnh gốc): [1015, 294, 1192, 474] | AI bbox gốc: [944,138,1202,551]
2026-07-25 11:59:40 | INFO     | jewelry_detector.image_processor | Object refined (OpenCV Trim): [1015, 294, 1192, 474]
2026-07-25 11:59:40 | INFO     | jewelry_detector.image_processor | Đã lưu ảnh kết quả: 889486 D_left_result.jpg
2026-07-25 11:59:40 | INFO     | jewelry_detector.image_processor | Tổng thời gian xử lý: 0.03s
2026-07-25 11:59:40 | INFO     | jewelry_detector.image_processor | Kích thước ảnh: 1717 x 1147 px
2026-07-25 11:59:40 | INFO     | jewelry_detector.image_processor | Panel pixel (AI): [1288, 92, 1717, 596]
2026-07-25 11:59:40 | INFO     | jewelry_detector.image_processor | Object pixel (AI): [1331, 138, 1674, 551]
2026-07-25 11:59:40 | INFO     | jewelry_detector.image_processor | Center pixel: [1502, 344]
2026-07-25 11:59:40 | INFO     | jewelry_detector.image_processor | OpenCV panel refine IoU = 0.891
2026-07-25 11:59:40 | INFO     | jewelry_detector.image_processor | Panel refined: [1271, 72, 1717, 617]
2026-07-25 11:59:40 | INFO     | jewelry_detector.image_processor | Panel refined (OpenCV): [1271, 72, 1717, 617]
2026-07-25 11:59:40 | INFO     | jewelry_detector.image_processor | Clean panel crop: raw_size=446x545 trim_left=23 trim_top=23 trim_right=0 trim_bottom=0 content_retained=100.0% success=True
2026-07-25 11:59:40 | INFO     | jewelry_detector.image_processor | Trimmed Object (ảnh gốc): [1294, 268, 1717, 461] | AI bbox gốc: [1331,138,1674,551]
2026-07-25 11:59:40 | INFO     | jewelry_detector.image_processor | Object refined (OpenCV Trim): [1294, 268, 1717, 461]
2026-07-25 11:59:40 | INFO     | jewelry_detector.image_processor | Đã lưu ảnh kết quả: 889486 D_top_result.jpg
2026-07-25 11:59:40 | INFO     | jewelry_detector.image_processor | Tổng thời gian xử lý: 0.04s
2026-07-25 11:59:40 | INFO     | jewelry_detector.image_processor | Kích thước ảnh: 1717 x 1147 px
2026-07-25 11:59:40 | INFO     | jewelry_detector.image_processor | Panel pixel (AI): [429, 596, 858, 1055]
2026-07-25 11:59:40 | INFO     | jewelry_detector.image_processor | Object pixel (AI): [472, 619, 816, 1032]
2026-07-25 11:59:40 | INFO     | jewelry_detector.image_processor | Center pixel: [644, 826]
2026-07-25 11:59:40 | INFO     | jewelry_detector.image_processor | OpenCV panel refine IoU = 0.856
2026-07-25 11:59:40 | INFO     | jewelry_detector.image_processor | Panel refined: [412, 578, 876, 1074]
2026-07-25 11:59:40 | INFO     | jewelry_detector.image_processor | Panel refined (OpenCV): [412, 578, 876, 1074]
2026-07-25 11:59:40 | INFO     | jewelry_detector.image_processor | Clean panel crop: raw_size=464x496 trim_left=25 trim_top=42 trim_right=15 trim_bottom=0 content_retained=99.4% success=True
2026-07-25 11:59:40 | INFO     | jewelry_detector.image_processor | Trimmed Object (ảnh gốc): [452, 769, 826, 957] | AI bbox gốc: [472,619,816,1032]
2026-07-25 11:59:40 | INFO     | jewelry_detector.image_processor | Object refined (OpenCV Trim): [452, 769, 826, 957]
2026-07-25 11:59:40 | INFO     | jewelry_detector.image_processor | Đã lưu ảnh kết quả: 889486 D_back_result.jpg
2026-07-25 11:59:40 | INFO     | jewelry_detector.image_processor | Tổng thời gian xử lý: 0.03s
2026-07-25 11:59:40 | INFO     | jewelry_detector.image_processor | Kích thước ảnh: 1717 x 1147 px
2026-07-25 11:59:40 | INFO     | jewelry_detector.image_processor | Panel pixel (AI): [858, 596, 1288, 1055]
2026-07-25 11:59:40 | INFO     | jewelry_detector.image_processor | Object pixel (AI): [944, 619, 1202, 1032]
2026-07-25 11:59:40 | INFO     | jewelry_detector.image_processor | Center pixel: [1073, 826]
2026-07-25 11:59:40 | INFO     | jewelry_detector.image_processor | OpenCV panel refine IoU = 0.856
2026-07-25 11:59:40 | INFO     | jewelry_detector.image_processor | Panel refined: [841, 578, 1305, 1074]
2026-07-25 11:59:40 | INFO     | jewelry_detector.image_processor | Panel refined (OpenCV): [841, 578, 1305, 1074]
2026-07-25 11:59:40 | INFO     | jewelry_detector.image_processor | Clean panel crop: raw_size=464x496 trim_left=24 trim_top=42 trim_right=16 trim_bottom=0 content_retained=98.3% success=True
2026-07-25 11:59:40 | INFO     | jewelry_detector.image_processor | Trimmed Object (ảnh gốc): [958, 802, 1152, 985] | AI bbox gốc: [944,619,1202,1032]
2026-07-25 11:59:40 | INFO     | jewelry_detector.image_processor | Object refined (OpenCV Trim): [958, 802, 1152, 985]
2026-07-25 11:59:40 | INFO     | jewelry_detector.image_processor | Đã lưu ảnh kết quả: 889486 D_right_result.jpg
2026-07-25 11:59:40 | INFO     | jewelry_detector.image_processor | Tổng thời gian xử lý: 0.03s
2026-07-25 11:59:40 | INFO     | jewelry_detector.image_processor | Kích thước ảnh: 1717 x 1147 px
2026-07-25 11:59:40 | INFO     | jewelry_detector.image_processor | Panel pixel (AI): [1288, 596, 1717, 1055]
2026-07-25 11:59:40 | INFO     | jewelry_detector.image_processor | Object pixel (AI): [1331, 619, 1674, 1032]
2026-07-25 11:59:40 | INFO     | jewelry_detector.image_processor | Center pixel: [1502, 826]
2026-07-25 11:59:40 | INFO     | jewelry_detector.image_processor | OpenCV panel refine IoU = 0.890
2026-07-25 11:59:40 | INFO     | jewelry_detector.image_processor | Panel refined: [1271, 578, 1717, 1074]
2026-07-25 11:59:40 | INFO     | jewelry_detector.image_processor | Panel refined (OpenCV): [1271, 578, 1717, 1074]
2026-07-25 11:59:40 | INFO     | jewelry_detector.image_processor | Clean panel crop: raw_size=446x496 trim_left=23 trim_top=42 trim_right=0 trim_bottom=0 content_retained=100.0% success=True
2026-07-25 11:59:40 | INFO     | jewelry_detector.image_processor | Trimmed Object (ảnh gốc): [1294, 777, 1717, 973] | AI bbox gốc: [1331,619,1674,1032]
2026-07-25 11:59:40 | INFO     | jewelry_detector.image_processor | Object refined (OpenCV Trim): [1294, 777, 1717, 973]
2026-07-25 11:59:40 | INFO     | jewelry_detector.image_processor | Đã lưu ảnh kết quả: 889486 D_bottom_result.jpg
2026-07-25 11:59:40 | INFO     | jewelry_detector.image_processor | Tổng thời gian xử lý: 0.03s
2026-07-25 11:59:40 | INFO     | jewelry_detector.image_processor | Kích thước ảnh: 1717 x 1147 px
2026-07-25 11:59:40 | INFO     | jewelry_detector.image_processor | Panel pixel (AI): [0, 711, 429, 1055]
2026-07-25 11:59:40 | INFO     | jewelry_detector.image_processor | Object pixel (AI): [17, 734, 412, 1032]
2026-07-25 11:59:40 | INFO     | jewelry_detector.image_processor | Center pixel: [215, 883]
2026-07-25 11:59:40 | INFO     | jewelry_detector.image_processor | Object refined (OpenCV Trim): [15, 771, 515, 944]
2026-07-25 11:59:40 | INFO     | jewelry_detector.image_processor | Đã lưu ảnh kết quả: 889486 D_perspective_result.jpg
2026-07-25 11:59:40 | INFO     | jewelry_detector.image_processor | Tổng thời gian xử lý: 0.02s
2026-07-25 11:59:52 | INFO     | jewelry_detector.image_processor | Kích thước ảnh: 1150 x 767 px
2026-07-25 11:59:52 | INFO     | jewelry_detector.image_processor | Panel pixel (AI): [299, 61, 575, 384]
2026-07-25 11:59:52 | INFO     | jewelry_detector.image_processor | Object pixel (AI): [310, 77, 564, 368]
2026-07-25 11:59:52 | INFO     | jewelry_detector.image_processor | Center pixel: [437, 222]
2026-07-25 11:59:52 | INFO     | jewelry_detector.image_processor | OpenCV panel refine IoU = 0.857
2026-07-25 11:59:52 | INFO     | jewelry_detector.image_processor | Panel refined: [288, 48, 586, 396]
2026-07-25 11:59:52 | INFO     | jewelry_detector.image_processor | Panel refined (OpenCV): [288, 48, 586, 396]
2026-07-25 11:59:52 | INFO     | jewelry_detector.image_processor | Clean panel crop: raw_size=298x348 trim_left=9 trim_top=20 trim_right=8 trim_bottom=0 content_retained=99.5% success=True
2026-07-25 11:59:52 | INFO     | jewelry_detector.image_processor | Trimmed Object (ảnh gốc): [297, 136, 578, 355] | AI bbox gốc: [311,77,563,368]
2026-07-25 11:59:52 | INFO     | jewelry_detector.image_processor | Object refined (OpenCV Trim): [297, 136, 578, 355]
2026-07-25 11:59:52 | INFO     | jewelry_detector.image_processor | Đã lưu ảnh kết quả: 889488_front_result.jpg
2026-07-25 11:59:52 | INFO     | jewelry_detector.image_processor | Tổng thời gian xử lý: 0.02s
2026-07-25 11:59:52 | INFO     | jewelry_detector.image_processor | Kích thước ảnh: 1150 x 767 px
2026-07-25 11:59:52 | INFO     | jewelry_detector.image_processor | Panel pixel (AI): [575, 61, 851, 384]
2026-07-25 11:59:52 | INFO     | jewelry_detector.image_processor | Object pixel (AI): [586, 77, 840, 368]
2026-07-25 11:59:52 | INFO     | jewelry_detector.image_processor | Center pixel: [713, 222]
2026-07-25 11:59:52 | INFO     | jewelry_detector.image_processor | OpenCV panel refine IoU = 0.857
2026-07-25 11:59:52 | INFO     | jewelry_detector.image_processor | Panel refined: [564, 48, 862, 396]
2026-07-25 11:59:52 | INFO     | jewelry_detector.image_processor | Panel refined (OpenCV): [564, 48, 862, 396]
2026-07-25 11:59:52 | INFO     | jewelry_detector.image_processor | Clean panel crop: raw_size=298x348 trim_left=17 trim_top=20 trim_right=0 trim_bottom=0 content_retained=99.2% success=True
2026-07-25 11:59:52 | INFO     | jewelry_detector.image_processor | Trimmed Object (ảnh gốc): [617, 174, 848, 337] | AI bbox gốc: [587,77,839,368]
2026-07-25 11:59:52 | INFO     | jewelry_detector.image_processor | Object refined (OpenCV Trim): [617, 174, 848, 337]
2026-07-25 11:59:52 | INFO     | jewelry_detector.image_processor | Đã lưu ảnh kết quả: 889488_left_result.jpg
2026-07-25 11:59:52 | INFO     | jewelry_detector.image_processor | Tổng thời gian xử lý: 0.02s
2026-07-25 11:59:52 | INFO     | jewelry_detector.image_processor | Kích thước ảnh: 1150 x 767 px
2026-07-25 11:59:52 | INFO     | jewelry_detector.image_processor | Panel pixel (AI): [851, 61, 1127, 384]
2026-07-25 11:59:52 | INFO     | jewelry_detector.image_processor | Object pixel (AI): [862, 77, 1116, 368]
2026-07-25 11:59:52 | INFO     | jewelry_detector.image_processor | Center pixel: [989, 222]
2026-07-25 11:59:52 | INFO     | jewelry_detector.image_processor | OpenCV panel refine IoU = 0.857
2026-07-25 11:59:52 | INFO     | jewelry_detector.image_processor | Panel refined: [840, 48, 1138, 396]
2026-07-25 11:59:52 | INFO     | jewelry_detector.image_processor | Panel refined (OpenCV): [840, 48, 1138, 396]
2026-07-25 11:59:52 | INFO     | jewelry_detector.image_processor | Clean panel crop: raw_size=298x348 trim_left=25 trim_top=20 trim_right=0 trim_bottom=0 content_retained=100.0% success=True
2026-07-25 11:59:52 | INFO     | jewelry_detector.image_processor | Trimmed Object (ảnh gốc): [865, 99, 1122, 362] | AI bbox gốc: [863,77,1115,368]
2026-07-25 11:59:52 | INFO     | jewelry_detector.image_processor | Object refined (OpenCV Trim): [865, 99, 1122, 362]
2026-07-25 11:59:52 | INFO     | jewelry_detector.image_processor | Đã lưu ảnh kết quả: 889488_top_result.jpg
2026-07-25 11:59:52 | INFO     | jewelry_detector.image_processor | Tổng thời gian xử lý: 0.02s
2026-07-25 11:59:52 | INFO     | jewelry_detector.image_processor | Kích thước ảnh: 1150 x 767 px
2026-07-25 11:59:52 | INFO     | jewelry_detector.image_processor | Panel pixel (AI): [299, 384, 575, 752]
2026-07-25 11:59:52 | INFO     | jewelry_detector.image_processor | Object pixel (AI): [310, 399, 564, 736]
2026-07-25 11:59:52 | INFO     | jewelry_detector.image_processor | Center pixel: [437, 568]
2026-07-25 11:59:52 | INFO     | jewelry_detector.image_processor | OpenCV panel refine IoU = 0.859
2026-07-25 11:59:52 | INFO     | jewelry_detector.image_processor | Panel refined: [288, 369, 586, 766]
2026-07-25 11:59:52 | INFO     | jewelry_detector.image_processor | Panel refined (OpenCV): [288, 369, 586, 766]
2026-07-25 11:59:52 | INFO     | jewelry_detector.image_processor | Clean panel crop: raw_size=298x397 trim_left=9 trim_top=48 trim_right=8 trim_bottom=2 content_retained=99.9% success=True
2026-07-25 11:59:52 | INFO     | jewelry_detector.image_processor | Trimmed Object (ảnh gốc): [297, 439, 577, 764] | AI bbox gốc: [311,399,563,736]
2026-07-25 11:59:52 | INFO     | jewelry_detector.image_processor | Object refined (OpenCV Trim): [297, 439, 577, 764]
2026-07-25 11:59:52 | INFO     | jewelry_detector.image_processor | Đã lưu ảnh kết quả: 889488_back_result.jpg
2026-07-25 11:59:52 | INFO     | jewelry_detector.image_processor | Tổng thời gian xử lý: 0.02s
2026-07-25 11:59:52 | INFO     | jewelry_detector.image_processor | Kích thước ảnh: 1150 x 767 px
2026-07-25 11:59:52 | INFO     | jewelry_detector.image_processor | Panel pixel (AI): [575, 384, 851, 752]
2026-07-25 11:59:52 | INFO     | jewelry_detector.image_processor | Object pixel (AI): [586, 399, 840, 736]
2026-07-25 11:59:52 | INFO     | jewelry_detector.image_processor | Center pixel: [713, 568]
2026-07-25 11:59:52 | INFO     | jewelry_detector.image_processor | OpenCV panel refine IoU = 0.859
2026-07-25 11:59:52 | INFO     | jewelry_detector.image_processor | Panel refined: [564, 369, 862, 766]
2026-07-25 11:59:52 | INFO     | jewelry_detector.image_processor | Panel refined (OpenCV): [564, 369, 862, 766]
2026-07-25 11:59:52 | INFO     | jewelry_detector.image_processor | Clean panel crop: raw_size=298x397 trim_left=17 trim_top=48 trim_right=0 trim_bottom=2 content_retained=100.0% success=True
2026-07-25 11:59:52 | INFO     | jewelry_detector.image_processor | Trimmed Object (ảnh gốc): [591, 512, 838, 684] | AI bbox gốc: [587,399,839,736]
2026-07-25 11:59:52 | INFO     | jewelry_detector.image_processor | Object refined (OpenCV Trim): [591, 512, 838, 684]
2026-07-25 11:59:52 | INFO     | jewelry_detector.image_processor | Đã lưu ảnh kết quả: 889488_right_result.jpg
2026-07-25 11:59:52 | INFO     | jewelry_detector.image_processor | Tổng thời gian xử lý: 0.02s
2026-07-25 11:59:52 | INFO     | jewelry_detector.image_processor | Kích thước ảnh: 1150 x 767 px
2026-07-25 11:59:52 | INFO     | jewelry_detector.image_processor | Panel pixel (AI): [851, 384, 1127, 752]
2026-07-25 11:59:52 | INFO     | jewelry_detector.image_processor | Object pixel (AI): [862, 399, 1116, 736]
2026-07-25 11:59:52 | INFO     | jewelry_detector.image_processor | Center pixel: [989, 568]
2026-07-25 11:59:52 | INFO     | jewelry_detector.image_processor | OpenCV panel refine IoU = 0.859
2026-07-25 11:59:52 | INFO     | jewelry_detector.image_processor | Panel refined: [840, 369, 1138, 766]
2026-07-25 11:59:52 | INFO     | jewelry_detector.image_processor | Panel refined (OpenCV): [840, 369, 1138, 766]
2026-07-25 11:59:52 | INFO     | jewelry_detector.image_processor | Clean panel crop: raw_size=298x397 trim_left=25 trim_top=48 trim_right=0 trim_bottom=2 content_retained=100.0% success=True
2026-07-25 11:59:52 | INFO     | jewelry_detector.image_processor | Trimmed Object (ảnh gốc): [865, 478, 1122, 742] | AI bbox gốc: [863,399,1115,736]
2026-07-25 11:59:52 | INFO     | jewelry_detector.image_processor | Object refined (OpenCV Trim): [865, 478, 1122, 742]
2026-07-25 11:59:52 | INFO     | jewelry_detector.image_processor | Đã lưu ảnh kết quả: 889488_bottom_result.jpg
2026-07-25 11:59:52 | INFO     | jewelry_detector.image_processor | Tổng thời gian xử lý: 0.02s
2026-07-25 11:59:52 | INFO     | jewelry_detector.image_processor | Kích thước ảnh: 1150 x 767 px
2026-07-25 11:59:52 | INFO     | jewelry_detector.image_processor | Panel pixel (AI): [0, 460, 299, 752]
2026-07-25 11:59:52 | INFO     | jewelry_detector.image_processor | Object pixel (AI): [12, 476, 288, 736]
2026-07-25 11:59:52 | INFO     | jewelry_detector.image_processor | Center pixel: [150, 606]
2026-07-25 11:59:52 | INFO     | jewelry_detector.image_processor | Object refined (OpenCV Trim): [4, 430, 357, 767]
2026-07-25 11:59:52 | INFO     | jewelry_detector.image_processor | Đã lưu ảnh kết quả: 889488_perspective_result.jpg
2026-07-25 11:59:52 | INFO     | jewelry_detector.image_processor | Tổng thời gian xử lý: 0.02s
2026-07-25 12:00:09 | INFO     | jewelry_detector.image_processor | Kích thước ảnh: 1767 x 1176 px
2026-07-25 12:00:09 | INFO     | jewelry_detector.image_processor | Panel pixel (AI): [442, 106, 884, 612]
2026-07-25 12:00:09 | INFO     | jewelry_detector.image_processor | Object pixel (AI): [548, 153, 813, 553]
2026-07-25 12:00:09 | INFO     | jewelry_detector.image_processor | Center pixel: [680, 353]
2026-07-25 12:00:09 | INFO     | jewelry_detector.image_processor | OpenCV panel refine IoU = 0.858
2026-07-25 12:00:09 | INFO     | jewelry_detector.image_processor | Panel refined: [424, 86, 901, 632]
2026-07-25 12:00:09 | INFO     | jewelry_detector.image_processor | Panel refined (OpenCV): [424, 86, 901, 632]
2026-07-25 12:00:09 | INFO     | jewelry_detector.image_processor | Clean panel crop: raw_size=477x546 trim_left=31 trim_top=19 trim_right=14 trim_bottom=0 content_retained=97.7% success=True
2026-07-25 12:00:09 | INFO     | jewelry_detector.image_processor | Trimmed Object (ảnh gốc): [546, 178, 884, 597] | AI bbox gốc: [548,153,813,553]
2026-07-25 12:00:09 | INFO     | jewelry_detector.image_processor | Object refined (OpenCV Trim): [546, 178, 884, 597]
2026-07-25 12:00:09 | INFO     | jewelry_detector.image_processor | Đã lưu ảnh kết quả: 889524-A_front_result.jpg
2026-07-25 12:00:09 | INFO     | jewelry_detector.image_processor | Tổng thời gian xử lý: 0.04s
2026-07-25 12:00:09 | INFO     | jewelry_detector.image_processor | Kích thước ảnh: 1767 x 1176 px
2026-07-25 12:00:09 | INFO     | jewelry_detector.image_processor | Panel pixel (AI): [884, 106, 1325, 612]
2026-07-25 12:00:09 | INFO     | jewelry_detector.image_processor | Object pixel (AI): [1007, 153, 1237, 553]
2026-07-25 12:00:09 | INFO     | jewelry_detector.image_processor | Center pixel: [1122, 353]
2026-07-25 12:00:09 | INFO     | jewelry_detector.image_processor | OpenCV panel refine IoU = 0.858
2026-07-25 12:00:09 | INFO     | jewelry_detector.image_processor | Panel refined: [866, 86, 1343, 632]
2026-07-25 12:00:09 | INFO     | jewelry_detector.image_processor | Panel refined (OpenCV): [866, 86, 1343, 632]
2026-07-25 12:00:09 | INFO     | jewelry_detector.image_processor | Clean panel crop: raw_size=477x546 trim_left=24 trim_top=19 trim_right=20 trim_bottom=0 content_retained=99.6% success=True
2026-07-25 12:00:09 | INFO     | jewelry_detector.image_processor | Trimmed Object (ảnh gốc): [1015, 206, 1210, 626] | AI bbox gốc: [1007,153,1237,553]
2026-07-25 12:00:09 | INFO     | jewelry_detector.image_processor | Object refined (OpenCV Trim): [1015, 206, 1210, 626]
2026-07-25 12:00:09 | INFO     | jewelry_detector.image_processor | Đã lưu ảnh kết quả: 889524-A_left_result.jpg
2026-07-25 12:00:09 | INFO     | jewelry_detector.image_processor | Tổng thời gian xử lý: 0.03s
2026-07-25 12:00:09 | INFO     | jewelry_detector.image_processor | Kích thước ảnh: 1767 x 1176 px
2026-07-25 12:00:09 | INFO     | jewelry_detector.image_processor | Panel pixel (AI): [1325, 106, 1767, 612]
2026-07-25 12:00:09 | INFO     | jewelry_detector.image_processor | Object pixel (AI): [1431, 153, 1679, 553]
2026-07-25 12:00:09 | INFO     | jewelry_detector.image_processor | Center pixel: [1555, 353]
2026-07-25 12:00:09 | INFO     | jewelry_detector.image_processor | OpenCV panel refine IoU = 0.891
2026-07-25 12:00:09 | INFO     | jewelry_detector.image_processor | Panel refined: [1308, 86, 1767, 632]
2026-07-25 12:00:09 | INFO     | jewelry_detector.image_processor | Panel refined (OpenCV): [1308, 86, 1767, 632]
2026-07-25 12:00:09 | INFO     | jewelry_detector.image_processor | Clean panel crop: raw_size=459x546 trim_left=18 trim_top=19 trim_right=8 trim_bottom=0 content_retained=99.9% success=True
2026-07-25 12:00:09 | INFO     | jewelry_detector.image_processor | Trimmed Object (ảnh gốc): [1381, 273, 1667, 458] | AI bbox gốc: [1431,153,1679,553]
2026-07-25 12:00:09 | INFO     | jewelry_detector.image_processor | Object refined (OpenCV Trim): [1381, 273, 1667, 458]
2026-07-25 12:00:09 | INFO     | jewelry_detector.image_processor | Đã lưu ảnh kết quả: 889524-A_top_result.jpg
2026-07-25 12:00:09 | INFO     | jewelry_detector.image_processor | Tổng thời gian xử lý: 0.03s
2026-07-25 12:00:09 | INFO     | jewelry_detector.image_processor | Kích thước ảnh: 1767 x 1176 px
2026-07-25 12:00:09 | INFO     | jewelry_detector.image_processor | Panel pixel (AI): [442, 612, 884, 1164]
2026-07-25 12:00:09 | INFO     | jewelry_detector.image_processor | Object pixel (AI): [548, 659, 813, 1117]
2026-07-25 12:00:09 | INFO     | jewelry_detector.image_processor | Center pixel: [680, 888]
2026-07-25 12:00:09 | INFO     | jewelry_detector.image_processor | OpenCV panel refine IoU = 0.872
2026-07-25 12:00:09 | INFO     | jewelry_detector.image_processor | Panel refined: [424, 589, 901, 1176]
2026-07-25 12:00:09 | INFO     | jewelry_detector.image_processor | Panel refined (OpenCV): [424, 589, 901, 1176]
2026-07-25 12:00:09 | INFO     | jewelry_detector.image_processor | Clean panel crop: raw_size=477x587 trim_left=31 trim_top=50 trim_right=14 trim_bottom=6 content_retained=96.5% success=True
2026-07-25 12:00:09 | INFO     | jewelry_detector.image_processor | Trimmed Object (ảnh gốc): [455, 673, 808, 1095] | AI bbox gốc: [548,659,813,1117]
2026-07-25 12:00:09 | INFO     | jewelry_detector.image_processor | Object refined (OpenCV Trim): [455, 673, 808, 1095]
2026-07-25 12:00:09 | INFO     | jewelry_detector.image_processor | Đã lưu ảnh kết quả: 889524-A_back_result.jpg
2026-07-25 12:00:09 | INFO     | jewelry_detector.image_processor | Tổng thời gian xử lý: 0.04s
2026-07-25 12:00:09 | INFO     | jewelry_detector.image_processor | Kích thước ảnh: 1767 x 1176 px
2026-07-25 12:00:09 | INFO     | jewelry_detector.image_processor | Panel pixel (AI): [884, 612, 1325, 1164]
2026-07-25 12:00:09 | INFO     | jewelry_detector.image_processor | Object pixel (AI): [1007, 659, 1237, 1117]
2026-07-25 12:00:09 | INFO     | jewelry_detector.image_processor | Center pixel: [1122, 888]
2026-07-25 12:00:09 | INFO     | jewelry_detector.image_processor | OpenCV panel refine IoU = 0.872
2026-07-25 12:00:09 | INFO     | jewelry_detector.image_processor | Panel refined: [866, 589, 1343, 1176]
2026-07-25 12:00:09 | INFO     | jewelry_detector.image_processor | Panel refined (OpenCV): [866, 589, 1343, 1176]
2026-07-25 12:00:09 | INFO     | jewelry_detector.image_processor | Clean panel crop: raw_size=477x587 trim_left=24 trim_top=50 trim_right=20 trim_bottom=6 content_retained=90.0% success=True
2026-07-25 12:00:09 | INFO     | jewelry_detector.image_processor | Trimmed Object (ảnh gốc): [1018, 689, 1201, 1081] | AI bbox gốc: [1007,659,1237,1117]
2026-07-25 12:00:09 | INFO     | jewelry_detector.image_processor | Object refined (OpenCV Trim): [1018, 689, 1201, 1081]
2026-07-25 12:00:09 | INFO     | jewelry_detector.image_processor | Đã lưu ảnh kết quả: 889524-A_right_result.jpg
2026-07-25 12:00:09 | INFO     | jewelry_detector.image_processor | Tổng thời gian xử lý: 0.03s
2026-07-25 12:00:09 | INFO     | jewelry_detector.image_processor | Kích thước ảnh: 1767 x 1176 px
2026-07-25 12:00:09 | INFO     | jewelry_detector.image_processor | Panel pixel (AI): [1325, 612, 1767, 1164]
2026-07-25 12:00:09 | INFO     | jewelry_detector.image_processor | Object pixel (AI): [1431, 659, 1679, 1117]
2026-07-25 12:00:09 | INFO     | jewelry_detector.image_processor | Center pixel: [1555, 888]
2026-07-25 12:00:09 | INFO     | jewelry_detector.image_processor | OpenCV panel refine IoU = 0.906
2026-07-25 12:00:09 | INFO     | jewelry_detector.image_processor | Panel refined: [1308, 589, 1767, 1176]
2026-07-25 12:00:09 | INFO     | jewelry_detector.image_processor | Panel refined (OpenCV): [1308, 589, 1767, 1176]
2026-07-25 12:00:09 | INFO     | jewelry_detector.image_processor | Clean panel crop: raw_size=459x587 trim_left=18 trim_top=50 trim_right=8 trim_bottom=6 content_retained=93.1% success=True
2026-07-25 12:00:09 | INFO     | jewelry_detector.image_processor | Trimmed Object (ảnh gốc): [1416, 786, 1685, 950] | AI bbox gốc: [1431,659,1679,1117]
2026-07-25 12:00:09 | INFO     | jewelry_detector.image_processor | Object refined (OpenCV Trim): [1416, 786, 1685, 950]
2026-07-25 12:00:09 | INFO     | jewelry_detector.image_processor | Đã lưu ảnh kết quả: 889524-A_bottom_result.jpg
2026-07-25 12:00:09 | INFO     | jewelry_detector.image_processor | Tổng thời gian xử lý: 0.03s
2026-07-25 12:00:09 | INFO     | jewelry_detector.image_processor | Kích thước ảnh: 1767 x 1176 px
2026-07-25 12:00:09 | INFO     | jewelry_detector.image_processor | Panel pixel (AI): [0, 612, 442, 1164]
2026-07-25 12:00:09 | INFO     | jewelry_detector.image_processor | Object pixel (AI): [35, 659, 353, 1117]
2026-07-25 12:00:09 | INFO     | jewelry_detector.image_processor | Center pixel: [194, 888]
2026-07-25 12:00:09 | INFO     | jewelry_detector.image_processor | Object refined (OpenCV Trim): [0, 589, 444, 1175]
2026-07-25 12:00:09 | INFO     | jewelry_detector.image_processor | Đã lưu ảnh kết quả: 889524-A_perspective_result.jpg
2026-07-25 12:00:09 | INFO     | jewelry_detector.image_processor | Tổng thời gian xử lý: 0.03s
2026-07-25 12:00:22 | INFO     | jewelry_detector.image_processor | Kích thước ảnh: 1744 x 1165 px
2026-07-25 12:00:22 | INFO     | jewelry_detector.image_processor | Panel pixel (AI): [453, 105, 837, 606]
2026-07-25 12:00:22 | INFO     | jewelry_detector.image_processor | Object pixel (AI): [593, 175, 698, 559]
2026-07-25 12:00:22 | INFO     | jewelry_detector.image_processor | Center pixel: [645, 367]
2026-07-25 12:00:22 | INFO     | jewelry_detector.image_processor | OpenCV panel refine IoU = 0.858
2026-07-25 12:00:22 | INFO     | jewelry_detector.image_processor | Panel refined: [438, 85, 852, 626]
2026-07-25 12:00:22 | INFO     | jewelry_detector.image_processor | Panel refined (OpenCV): [438, 85, 852, 626]
2026-07-25 12:00:22 | INFO     | jewelry_detector.image_processor | Clean panel crop: raw_size=414x541 trim_left=14 trim_top=20 trim_right=0 trim_bottom=0 content_retained=99.2% success=True
2026-07-25 12:00:22 | INFO     | jewelry_detector.image_processor | Trimmed Object (ảnh gốc): [581, 188, 748, 599] | AI bbox gốc: [593,175,698,559]
2026-07-25 12:00:22 | INFO     | jewelry_detector.image_processor | Object refined (OpenCV Trim): [581, 188, 748, 599]
2026-07-25 12:00:22 | INFO     | jewelry_detector.image_processor | Đã lưu ảnh kết quả: 889525_front_result.jpg
2026-07-25 12:00:22 | INFO     | jewelry_detector.image_processor | Tổng thời gian xử lý: 0.03s
2026-07-25 12:00:22 | INFO     | jewelry_detector.image_processor | Kích thước ảnh: 1744 x 1165 px
2026-07-25 12:00:22 | INFO     | jewelry_detector.image_processor | Panel pixel (AI): [872, 105, 1256, 606]
2026-07-25 12:00:22 | INFO     | jewelry_detector.image_processor | Object pixel (AI): [994, 175, 1186, 559]
2026-07-25 12:00:22 | INFO     | jewelry_detector.image_processor | Center pixel: [1090, 367]
2026-07-25 12:00:22 | INFO     | jewelry_detector.image_processor | OpenCV panel refine IoU = 0.858
2026-07-25 12:00:22 | INFO     | jewelry_detector.image_processor | Panel refined: [857, 85, 1271, 626]
2026-07-25 12:00:22 | INFO     | jewelry_detector.image_processor | Panel refined (OpenCV): [857, 85, 1271, 626]
2026-07-25 12:00:22 | INFO     | jewelry_detector.image_processor | Clean panel crop: raw_size=414x541 trim_left=23 trim_top=20 trim_right=0 trim_bottom=0 content_retained=100.0% success=True
2026-07-25 12:00:22 | INFO     | jewelry_detector.image_processor | Trimmed Object (ảnh gốc): [921, 160, 1271, 611] | AI bbox gốc: [994,175,1186,559]
2026-07-25 12:00:22 | INFO     | jewelry_detector.image_processor | Object refined (OpenCV Trim): [921, 160, 1271, 611]
2026-07-25 12:00:23 | INFO     | jewelry_detector.image_processor | Đã lưu ảnh kết quả: 889525_left_result.jpg
2026-07-25 12:00:23 | INFO     | jewelry_detector.image_processor | Tổng thời gian xử lý: 0.04s
2026-07-25 12:00:23 | INFO     | jewelry_detector.image_processor | Kích thước ảnh: 1744 x 1165 px
2026-07-25 12:00:23 | INFO     | jewelry_detector.image_processor | Panel pixel (AI): [1291, 105, 1674, 606]
2026-07-25 12:00:23 | INFO     | jewelry_detector.image_processor | Object pixel (AI): [1413, 175, 1570, 559]
2026-07-25 12:00:23 | INFO     | jewelry_detector.image_processor | Center pixel: [1491, 367]
2026-07-25 12:00:23 | INFO     | jewelry_detector.image_processor | OpenCV panel refine IoU = 0.856
2026-07-25 12:00:23 | INFO     | jewelry_detector.image_processor | Panel refined: [1275, 85, 1690, 626]
2026-07-25 12:00:23 | INFO     | jewelry_detector.image_processor | Panel refined (OpenCV): [1275, 85, 1690, 626]
2026-07-25 12:00:23 | INFO     | jewelry_detector.image_processor | Clean panel crop: raw_size=415x541 trim_left=33 trim_top=20 trim_right=0 trim_bottom=0 content_retained=100.0% success=True
2026-07-25 12:00:23 | INFO     | jewelry_detector.image_processor | Trimmed Object (ảnh gốc): [1436, 188, 1602, 513] | AI bbox gốc: [1413,175,1570,559]
2026-07-25 12:00:23 | INFO     | jewelry_detector.image_processor | Object refined (OpenCV Trim): [1436, 188, 1602, 513]
2026-07-25 12:00:23 | INFO     | jewelry_detector.image_processor | Đã lưu ảnh kết quả: 889525_top_result.jpg
2026-07-25 12:00:23 | INFO     | jewelry_detector.image_processor | Tổng thời gian xử lý: 0.03s
2026-07-25 12:00:23 | INFO     | jewelry_detector.image_processor | Kích thước ảnh: 1744 x 1165 px
2026-07-25 12:00:23 | INFO     | jewelry_detector.image_processor | Panel pixel (AI): [453, 606, 837, 1095]
2026-07-25 12:00:23 | INFO     | jewelry_detector.image_processor | Object pixel (AI): [593, 699, 698, 1048]
2026-07-25 12:00:23 | INFO     | jewelry_detector.image_processor | Center pixel: [645, 874]
2026-07-25 12:00:23 | INFO     | jewelry_detector.image_processor | OpenCV panel refine IoU = 0.857
2026-07-25 12:00:23 | INFO     | jewelry_detector.image_processor | Panel refined: [438, 586, 852, 1115]
2026-07-25 12:00:23 | INFO     | jewelry_detector.image_processor | Panel refined (OpenCV): [438, 586, 852, 1115]
2026-07-25 12:00:23 | INFO     | jewelry_detector.image_processor | Clean panel crop: raw_size=414x529 trim_left=14 trim_top=44 trim_right=0 trim_bottom=0 content_retained=99.8% success=True
2026-07-25 12:00:23 | INFO     | jewelry_detector.image_processor | Trimmed Object (ảnh gốc): [565, 665, 732, 1079] | AI bbox gốc: [593,699,698,1048]
2026-07-25 12:00:23 | INFO     | jewelry_detector.image_processor | Object refined (OpenCV Trim): [565, 665, 732, 1079]
2026-07-25 12:00:23 | INFO     | jewelry_detector.image_processor | Đã lưu ảnh kết quả: 889525_back_result.jpg
2026-07-25 12:00:23 | INFO     | jewelry_detector.image_processor | Tổng thời gian xử lý: 0.03s
2026-07-25 12:00:23 | INFO     | jewelry_detector.image_processor | Kích thước ảnh: 1744 x 1165 px
2026-07-25 12:00:23 | INFO     | jewelry_detector.image_processor | Panel pixel (AI): [872, 606, 1256, 1095]
2026-07-25 12:00:23 | INFO     | jewelry_detector.image_processor | Object pixel (AI): [994, 699, 1186, 1048]
2026-07-25 12:00:23 | INFO     | jewelry_detector.image_processor | Center pixel: [1090, 874]
2026-07-25 12:00:23 | INFO     | jewelry_detector.image_processor | OpenCV panel refine IoU = 0.857
2026-07-25 12:00:23 | INFO     | jewelry_detector.image_processor | Panel refined: [857, 586, 1271, 1115]
2026-07-25 12:00:23 | INFO     | jewelry_detector.image_processor | Panel refined (OpenCV): [857, 586, 1271, 1115]
2026-07-25 12:00:23 | INFO     | jewelry_detector.image_processor | Clean panel crop: raw_size=414x529 trim_left=23 trim_top=44 trim_right=0 trim_bottom=0 content_retained=100.0% success=True
2026-07-25 12:00:23 | INFO     | jewelry_detector.image_processor | Trimmed Object (ảnh gốc): [899, 673, 1259, 1094] | AI bbox gốc: [994,699,1186,1048]
2026-07-25 12:00:23 | INFO     | jewelry_detector.image_processor | Object refined (OpenCV Trim): [899, 673, 1259, 1094]
2026-07-25 12:00:23 | INFO     | jewelry_detector.image_processor | Đã lưu ảnh kết quả: 889525_right_result.jpg
2026-07-25 12:00:23 | INFO     | jewelry_detector.image_processor | Tổng thời gian xử lý: 0.04s
2026-07-25 12:00:23 | INFO     | jewelry_detector.image_processor | Kích thước ảnh: 1744 x 1165 px
2026-07-25 12:00:23 | INFO     | jewelry_detector.image_processor | Panel pixel (AI): [1291, 606, 1674, 1095]
2026-07-25 12:00:23 | INFO     | jewelry_detector.image_processor | Object pixel (AI): [1413, 699, 1570, 1048]
2026-07-25 12:00:23 | INFO     | jewelry_detector.image_processor | Center pixel: [1491, 874]
2026-07-25 12:00:23 | INFO     | jewelry_detector.image_processor | OpenCV panel refine IoU = 0.855
2026-07-25 12:00:23 | INFO     | jewelry_detector.image_processor | Panel refined: [1275, 586, 1690, 1115]
2026-07-25 12:00:23 | INFO     | jewelry_detector.image_processor | Panel refined (OpenCV): [1275, 586, 1690, 1115]
2026-07-25 12:00:23 | INFO     | jewelry_detector.image_processor | Clean panel crop: raw_size=415x529 trim_left=33 trim_top=44 trim_right=0 trim_bottom=0 content_retained=100.0% success=True
2026-07-25 12:00:23 | INFO     | jewelry_detector.image_processor | Trimmed Object (ảnh gốc): [1421, 630, 1621, 1089] | AI bbox gốc: [1413,699,1570,1048]
2026-07-25 12:00:23 | INFO     | jewelry_detector.image_processor | Object refined (OpenCV Trim): [1421, 630, 1621, 1089]
2026-07-25 12:00:23 | INFO     | jewelry_detector.image_processor | Đã lưu ảnh kết quả: 889525_bottom_result.jpg
2026-07-25 12:00:23 | INFO     | jewelry_detector.image_processor | Tổng thời gian xử lý: 0.03s
2026-07-25 12:00:23 | INFO     | jewelry_detector.image_processor | Kích thước ảnh: 1744 x 1165 px
2026-07-25 12:00:23 | INFO     | jewelry_detector.image_processor | Panel pixel (AI): [0, 606, 453, 1095]
2026-07-25 12:00:23 | INFO     | jewelry_detector.image_processor | Object pixel (AI): [70, 699, 314, 1048]
2026-07-25 12:00:23 | INFO     | jewelry_detector.image_processor | Center pixel: [192, 874]
2026-07-25 12:00:23 | INFO     | jewelry_detector.image_processor | Object refined (OpenCV Trim): [4, 630, 418, 1063]
2026-07-25 12:00:23 | INFO     | jewelry_detector.image_processor | Đã lưu ảnh kết quả: 889525_perspective_result.jpg
2026-07-25 12:00:23 | INFO     | jewelry_detector.image_processor | Tổng thời gian xử lý: 0.03s
2026-07-25 12:00:36 | INFO     | jewelry_detector.image_processor | Kích thước ảnh: 1745 x 1164 px
2026-07-25 12:00:36 | INFO     | jewelry_detector.image_processor | Panel pixel (AI): [454, 105, 872, 617]
2026-07-25 12:00:36 | INFO     | jewelry_detector.image_processor | Object pixel (AI): [489, 140, 838, 559]
2026-07-25 12:00:36 | INFO     | jewelry_detector.image_processor | Center pixel: [663, 349]
2026-07-25 12:00:36 | INFO     | jewelry_detector.image_processor | OpenCV panel refine IoU = 0.890
2026-07-25 12:00:36 | INFO     | jewelry_detector.image_processor | Panel refined: [437, 106, 889, 637]
2026-07-25 12:00:36 | INFO     | jewelry_detector.image_processor | Panel refined (OpenCV): [437, 106, 889, 637]
2026-07-25 12:00:36 | INFO     | jewelry_detector.image_processor | Clean panel crop: raw_size=452x531 trim_left=16 trim_top=3 trim_right=11 trim_bottom=6 content_retained=99.2% success=True
2026-07-25 12:00:36 | INFO     | jewelry_detector.image_processor | Trimmed Object (ảnh gốc): [486, 197, 834, 571] | AI bbox gốc: [489,140,838,559]
2026-07-25 12:00:36 | INFO     | jewelry_detector.image_processor | Object refined (OpenCV Trim): [486, 197, 834, 571]
2026-07-25 12:00:36 | INFO     | jewelry_detector.image_processor | Đã lưu ảnh kết quả: 889526-S52_front_result.jpg
2026-07-25 12:00:36 | INFO     | jewelry_detector.image_processor | Tổng thời gian xử lý: 0.04s
2026-07-25 12:00:36 | INFO     | jewelry_detector.image_processor | Kích thước ảnh: 1745 x 1164 px
2026-07-25 12:00:36 | INFO     | jewelry_detector.image_processor | Panel pixel (AI): [872, 105, 1291, 617]
2026-07-25 12:00:36 | INFO     | jewelry_detector.image_processor | Object pixel (AI): [907, 140, 1256, 559]
2026-07-25 12:00:36 | INFO     | jewelry_detector.image_processor | Center pixel: [1082, 349]
2026-07-25 12:00:36 | INFO     | jewelry_detector.image_processor | OpenCV panel refine IoU = 0.890
2026-07-25 12:00:36 | INFO     | jewelry_detector.image_processor | Panel refined: [856, 106, 1308, 637]
2026-07-25 12:00:36 | INFO     | jewelry_detector.image_processor | Panel refined (OpenCV): [856, 106, 1308, 637]
2026-07-25 12:00:36 | INFO     | jewelry_detector.image_processor | Clean panel crop: raw_size=452x531 trim_left=25 trim_top=3 trim_right=2 trim_bottom=6 content_retained=100.0% success=True
2026-07-25 12:00:36 | INFO     | jewelry_detector.image_processor | Trimmed Object (ảnh gốc): [1011, 174, 1173, 546] | AI bbox gốc: [907,140,1256,559]
2026-07-25 12:00:36 | INFO     | jewelry_detector.image_processor | Object refined (OpenCV Trim): [1011, 174, 1173, 546]
2026-07-25 12:00:36 | INFO     | jewelry_detector.image_processor | Đã lưu ảnh kết quả: 889526-S52_left_result.jpg
2026-07-25 12:00:36 | INFO     | jewelry_detector.image_processor | Tổng thời gian xử lý: 0.03s
2026-07-25 12:00:36 | INFO     | jewelry_detector.image_processor | Kích thước ảnh: 1745 x 1164 px
2026-07-25 12:00:36 | INFO     | jewelry_detector.image_processor | Panel pixel (AI): [1291, 105, 1710, 617]
2026-07-25 12:00:36 | INFO     | jewelry_detector.image_processor | Object pixel (AI): [1326, 140, 1675, 559]
2026-07-25 12:00:36 | INFO     | jewelry_detector.image_processor | Center pixel: [1501, 349]
2026-07-25 12:00:36 | INFO     | jewelry_detector.image_processor | OpenCV panel refine IoU = 0.890
2026-07-25 12:00:36 | INFO     | jewelry_detector.image_processor | Panel refined: [1275, 106, 1727, 637]
2026-07-25 12:00:36 | INFO     | jewelry_detector.image_processor | Panel refined (OpenCV): [1275, 106, 1727, 637]
2026-07-25 12:00:36 | INFO     | jewelry_detector.image_processor | Clean panel crop: raw_size=452x531 trim_left=34 trim_top=3 trim_right=0 trim_bottom=6 content_retained=100.0% success=True
2026-07-25 12:00:36 | INFO     | jewelry_detector.image_processor | Trimmed Object (ảnh gốc): [1337, 279, 1727, 423] | AI bbox gốc: [1326,140,1675,559]
2026-07-25 12:00:36 | INFO     | jewelry_detector.image_processor | Object refined (OpenCV Trim): [1337, 279, 1727, 423]
2026-07-25 12:00:36 | INFO     | jewelry_detector.image_processor | Đã lưu ảnh kết quả: 889526-S52_top_result.jpg
2026-07-25 12:00:36 | INFO     | jewelry_detector.image_processor | Tổng thời gian xử lý: 0.03s
2026-07-25 12:00:36 | INFO     | jewelry_detector.image_processor | Kích thước ảnh: 1745 x 1164 px
2026-07-25 12:00:36 | INFO     | jewelry_detector.image_processor | Panel pixel (AI): [454, 617, 872, 1129]
2026-07-25 12:00:36 | INFO     | jewelry_detector.image_processor | Object pixel (AI): [489, 652, 838, 1071]
2026-07-25 12:00:36 | INFO     | jewelry_detector.image_processor | Center pixel: [663, 861]
2026-07-25 12:00:36 | INFO     | jewelry_detector.image_processor | OpenCV panel refine IoU = 0.857
2026-07-25 12:00:36 | INFO     | jewelry_detector.image_processor | Panel refined: [437, 596, 889, 1150]
2026-07-25 12:00:36 | INFO     | jewelry_detector.image_processor | Panel refined (OpenCV): [437, 596, 889, 1150]
2026-07-25 12:00:36 | INFO     | jewelry_detector.image_processor | Clean panel crop: raw_size=452x554 trim_left=16 trim_top=38 trim_right=11 trim_bottom=0 content_retained=99.8% success=True
2026-07-25 12:00:36 | INFO     | jewelry_detector.image_processor | Trimmed Object (ảnh gốc): [488, 702, 844, 1085] | AI bbox gốc: [489,652,838,1071]
2026-07-25 12:00:36 | INFO     | jewelry_detector.image_processor | Object refined (OpenCV Trim): [488, 702, 844, 1085]
2026-07-25 12:00:36 | INFO     | jewelry_detector.image_processor | Đã lưu ảnh kết quả: 889526-S52_back_result.jpg
2026-07-25 12:00:36 | INFO     | jewelry_detector.image_processor | Tổng thời gian xử lý: 0.03s
2026-07-25 12:00:36 | INFO     | jewelry_detector.image_processor | Kích thước ảnh: 1745 x 1164 px
2026-07-25 12:00:36 | INFO     | jewelry_detector.image_processor | Panel pixel (AI): [872, 617, 1291, 1129]
2026-07-25 12:00:36 | INFO     | jewelry_detector.image_processor | Object pixel (AI): [907, 652, 1256, 1071]
2026-07-25 12:00:36 | INFO     | jewelry_detector.image_processor | Center pixel: [1082, 861]
2026-07-25 12:00:36 | INFO     | jewelry_detector.image_processor | OpenCV panel refine IoU = 0.857
2026-07-25 12:00:36 | INFO     | jewelry_detector.image_processor | Panel refined: [856, 596, 1308, 1150]
2026-07-25 12:00:36 | INFO     | jewelry_detector.image_processor | Panel refined (OpenCV): [856, 596, 1308, 1150]
2026-07-25 12:00:36 | INFO     | jewelry_detector.image_processor | Clean panel crop: raw_size=452x554 trim_left=25 trim_top=38 trim_right=2 trim_bottom=0 content_retained=100.0% success=True
2026-07-25 12:00:36 | INFO     | jewelry_detector.image_processor | Trimmed Object (ảnh gốc): [1012, 687, 1171, 1049] | AI bbox gốc: [907,652,1256,1071]
2026-07-25 12:00:36 | INFO     | jewelry_detector.image_processor | Object refined (OpenCV Trim): [1012, 687, 1171, 1049]
2026-07-25 12:00:36 | INFO     | jewelry_detector.image_processor | Đã lưu ảnh kết quả: 889526-S52_right_result.jpg
2026-07-25 12:00:36 | INFO     | jewelry_detector.image_processor | Tổng thời gian xử lý: 0.03s
2026-07-25 12:00:36 | INFO     | jewelry_detector.image_processor | Kích thước ảnh: 1745 x 1164 px
2026-07-25 12:00:36 | INFO     | jewelry_detector.image_processor | Panel pixel (AI): [1291, 617, 1710, 1129]
2026-07-25 12:00:36 | INFO     | jewelry_detector.image_processor | Object pixel (AI): [1326, 652, 1675, 1071]
2026-07-25 12:00:36 | INFO     | jewelry_detector.image_processor | Center pixel: [1501, 861]
2026-07-25 12:00:36 | INFO     | jewelry_detector.image_processor | OpenCV panel refine IoU = 0.857
2026-07-25 12:00:36 | INFO     | jewelry_detector.image_processor | Panel refined: [1275, 596, 1727, 1150]
2026-07-25 12:00:36 | INFO     | jewelry_detector.image_processor | Panel refined (OpenCV): [1275, 596, 1727, 1150]
2026-07-25 12:00:36 | INFO     | jewelry_detector.image_processor | Clean panel crop: raw_size=452x554 trim_left=34 trim_top=38 trim_right=0 trim_bottom=0 content_retained=100.0% success=True
2026-07-25 12:00:36 | INFO     | jewelry_detector.image_processor | Trimmed Object (ảnh gốc): [1337, 811, 1727, 955] | AI bbox gốc: [1326,652,1675,1071]
2026-07-25 12:00:36 | INFO     | jewelry_detector.image_processor | Object refined (OpenCV Trim): [1337, 811, 1727, 955]
2026-07-25 12:00:36 | INFO     | jewelry_detector.image_processor | Đã lưu ảnh kết quả: 889526-S52_bottom_result.jpg
2026-07-25 12:00:36 | INFO     | jewelry_detector.image_processor | Tổng thời gian xử lý: 0.03s
2026-07-25 12:00:36 | INFO     | jewelry_detector.image_processor | Kích thước ảnh: 1745 x 1164 px
2026-07-25 12:00:36 | INFO     | jewelry_detector.image_processor | Panel pixel (AI): [0, 617, 454, 1129]
2026-07-25 12:00:36 | INFO     | jewelry_detector.image_processor | Object pixel (AI): [35, 652, 419, 1071]
2026-07-25 12:00:36 | INFO     | jewelry_detector.image_processor | Center pixel: [227, 861]
2026-07-25 12:00:36 | INFO     | jewelry_detector.image_processor | Object refined (OpenCV Trim): [0, 583, 523, 1140]
2026-07-25 12:00:36 | INFO     | jewelry_detector.image_processor | Đã lưu ảnh kết quả: 889526-S52_perspective_result.jpg
2026-07-25 12:00:36 | INFO     | jewelry_detector.image_processor | Tổng thời gian xử lý: 0.03s
2026-07-25 12:00:50 | INFO     | jewelry_detector.image_processor | Kích thước ảnh: 1835 x 1230 px
2026-07-25 12:00:50 | INFO     | jewelry_detector.image_processor | Panel pixel (AI): [459, 111, 918, 652]
2026-07-25 12:00:50 | INFO     | jewelry_detector.image_processor | Object pixel (AI): [606, 184, 771, 554]
2026-07-25 12:00:50 | INFO     | jewelry_detector.image_processor | Center pixel: [688, 369]
2026-07-25 12:00:50 | INFO     | jewelry_detector.image_processor | OpenCV panel refine IoU = 0.856
2026-07-25 12:00:50 | INFO     | jewelry_detector.image_processor | Panel refined: [440, 89, 936, 674]
2026-07-25 12:00:50 | INFO     | jewelry_detector.image_processor | Panel refined (OpenCV): [440, 89, 936, 674]
2026-07-25 12:00:50 | INFO     | jewelry_detector.image_processor | Clean panel crop: raw_size=496x585 trim_left=34 trim_top=24 trim_right=13 trim_bottom=10 content_retained=96.0% success=True
2026-07-25 12:00:50 | INFO     | jewelry_detector.image_processor | Trimmed Object (ảnh gốc): [592, 259, 800, 580] | AI bbox gốc: [606,185,771,553]
2026-07-25 12:00:50 | INFO     | jewelry_detector.image_processor | Object refined (OpenCV Trim): [592, 259, 800, 580]
2026-07-25 12:00:50 | INFO     | jewelry_detector.image_processor | Đã lưu ảnh kết quả: FINE23.COMP40_DI_12142022_front_result.jpg
2026-07-25 12:00:50 | INFO     | jewelry_detector.image_processor | Tổng thời gian xử lý: 0.04s
2026-07-25 12:00:50 | INFO     | jewelry_detector.image_processor | Kích thước ảnh: 1835 x 1230 px
2026-07-25 12:00:50 | INFO     | jewelry_detector.image_processor | Panel pixel (AI): [918, 111, 1376, 652]
2026-07-25 12:00:50 | INFO     | jewelry_detector.image_processor | Object pixel (AI): [1064, 184, 1248, 554]
2026-07-25 12:00:50 | INFO     | jewelry_detector.image_processor | Center pixel: [1156, 369]
2026-07-25 12:00:50 | INFO     | jewelry_detector.image_processor | OpenCV panel refine IoU = 0.888
2026-07-25 12:00:50 | INFO     | jewelry_detector.image_processor | Panel refined: [899, 110, 1395, 674]
2026-07-25 12:00:50 | INFO     | jewelry_detector.image_processor | Panel refined (OpenCV): [899, 110, 1395, 674]
2026-07-25 12:00:50 | INFO     | jewelry_detector.image_processor | Clean panel crop: raw_size=496x564 trim_left=27 trim_top=3 trim_right=20 trim_bottom=10 content_retained=99.8% success=True
2026-07-25 12:00:50 | INFO     | jewelry_detector.image_processor | Trimmed Object (ảnh gốc): [1032, 266, 1320, 635] | AI bbox gốc: [1064,185,1248,553]
2026-07-25 12:00:50 | INFO     | jewelry_detector.image_processor | Object refined (OpenCV Trim): [1032, 266, 1320, 635]
2026-07-25 12:00:50 | INFO     | jewelry_detector.image_processor | Đã lưu ảnh kết quả: FINE23.COMP40_DI_12142022_left_result.jpg
2026-07-25 12:00:50 | INFO     | jewelry_detector.image_processor | Tổng thời gian xử lý: 0.04s
2026-07-25 12:00:50 | INFO     | jewelry_detector.image_processor | Kích thước ảnh: 1835 x 1230 px
2026-07-25 12:00:50 | INFO     | jewelry_detector.image_processor | Panel pixel (AI): [1376, 111, 1835, 652]
2026-07-25 12:00:50 | INFO     | jewelry_detector.image_processor | Object pixel (AI): [1523, 184, 1707, 554]
2026-07-25 12:00:50 | INFO     | jewelry_detector.image_processor | Center pixel: [1615, 369]
2026-07-25 12:00:50 | INFO     | jewelry_detector.image_processor | OpenCV panel refine IoU = 0.890
2026-07-25 12:00:50 | INFO     | jewelry_detector.image_processor | Panel refined: [1358, 89, 1835, 674]
2026-07-25 12:00:50 | INFO     | jewelry_detector.image_processor | Panel refined (OpenCV): [1358, 89, 1835, 674]
2026-07-25 12:00:50 | INFO     | jewelry_detector.image_processor | Clean panel crop: raw_size=477x585 trim_left=20 trim_top=24 trim_right=8 trim_bottom=10 content_retained=94.1% success=True
2026-07-25 12:00:50 | INFO     | jewelry_detector.image_processor | Trimmed Object (ảnh gốc): [1498, 285, 1681, 559] | AI bbox gốc: [1523,185,1707,553]
2026-07-25 12:00:50 | INFO     | jewelry_detector.image_processor | Object refined (OpenCV Trim): [1498, 285, 1681, 559]
2026-07-25 12:00:50 | INFO     | jewelry_detector.image_processor | Đã lưu ảnh kết quả: FINE23.COMP40_DI_12142022_top_result.jpg
2026-07-25 12:00:50 | INFO     | jewelry_detector.image_processor | Tổng thời gian xử lý: 0.04s
2026-07-25 12:00:50 | INFO     | jewelry_detector.image_processor | Kích thước ảnh: 1835 x 1230 px
2026-07-25 12:00:50 | INFO     | jewelry_detector.image_processor | Panel pixel (AI): [459, 652, 918, 1193]
2026-07-25 12:00:50 | INFO     | jewelry_detector.image_processor | Object pixel (AI): [606, 738, 771, 1070]
2026-07-25 12:00:50 | INFO     | jewelry_detector.image_processor | Center pixel: [688, 904]
2026-07-25 12:00:50 | INFO     | jewelry_detector.image_processor | OpenCV panel refine IoU = 0.856
2026-07-25 12:00:50 | INFO     | jewelry_detector.image_processor | Panel refined: [440, 630, 936, 1215]
2026-07-25 12:00:50 | INFO     | jewelry_detector.image_processor | Panel refined (OpenCV): [440, 630, 936, 1215]
2026-07-25 12:00:50 | INFO     | jewelry_detector.image_processor | Clean panel crop: raw_size=496x585 trim_left=34 trim_top=37 trim_right=13 trim_bottom=0 content_retained=99.5% success=True
2026-07-25 12:00:50 | INFO     | jewelry_detector.image_processor | Trimmed Object (ảnh gốc): [596, 829, 792, 1153] | AI bbox gốc: [606,738,771,1070]
2026-07-25 12:00:50 | INFO     | jewelry_detector.image_processor | Object refined (OpenCV Trim): [596, 829, 792, 1153]
2026-07-25 12:00:50 | INFO     | jewelry_detector.image_processor | Đã lưu ảnh kết quả: FINE23.COMP40_DI_12142022_back_result.jpg
2026-07-25 12:00:50 | INFO     | jewelry_detector.image_processor | Tổng thời gian xử lý: 0.04s
2026-07-25 12:00:50 | INFO     | jewelry_detector.image_processor | Kích thước ảnh: 1835 x 1230 px
2026-07-25 12:00:50 | INFO     | jewelry_detector.image_processor | Panel pixel (AI): [918, 652, 1376, 1193]
2026-07-25 12:00:50 | INFO     | jewelry_detector.image_processor | Object pixel (AI): [1064, 738, 1248, 1070]
2026-07-25 12:00:50 | INFO     | jewelry_detector.image_processor | Center pixel: [1156, 904]
2026-07-25 12:00:50 | INFO     | jewelry_detector.image_processor | OpenCV panel refine IoU = 0.856
2026-07-25 12:00:50 | INFO     | jewelry_detector.image_processor | Panel refined: [899, 630, 1395, 1215]
2026-07-25 12:00:50 | INFO     | jewelry_detector.image_processor | Panel refined (OpenCV): [899, 630, 1395, 1215]
2026-07-25 12:00:50 | INFO     | jewelry_detector.image_processor | Clean panel crop: raw_size=496x585 trim_left=27 trim_top=37 trim_right=20 trim_bottom=0 content_retained=98.9% success=True
2026-07-25 12:00:50 | INFO     | jewelry_detector.image_processor | Trimmed Object (ảnh gốc): [967, 819, 1263, 1187] | AI bbox gốc: [1064,738,1248,1070]
2026-07-25 12:00:50 | INFO     | jewelry_detector.image_processor | Object refined (OpenCV Trim): [967, 819, 1263, 1187]
2026-07-25 12:00:50 | INFO     | jewelry_detector.image_processor | Đã lưu ảnh kết quả: FINE23.COMP40_DI_12142022_right_result.jpg
2026-07-25 12:00:50 | INFO     | jewelry_detector.image_processor | Tổng thời gian xử lý: 0.04s
2026-07-25 12:00:50 | INFO     | jewelry_detector.image_processor | Kích thước ảnh: 1835 x 1230 px
2026-07-25 12:00:50 | INFO     | jewelry_detector.image_processor | Panel pixel (AI): [1376, 652, 1835, 1193]
2026-07-25 12:00:50 | INFO     | jewelry_detector.image_processor | Object pixel (AI): [1523, 738, 1707, 1070]
2026-07-25 12:00:50 | INFO     | jewelry_detector.image_processor | Center pixel: [1615, 904]
2026-07-25 12:00:50 | INFO     | jewelry_detector.image_processor | OpenCV panel refine IoU = 0.890
2026-07-25 12:00:50 | INFO     | jewelry_detector.image_processor | Panel refined: [1358, 630, 1835, 1215]
2026-07-25 12:00:50 | INFO     | jewelry_detector.image_processor | Panel refined (OpenCV): [1358, 630, 1835, 1215]
2026-07-25 12:00:50 | INFO     | jewelry_detector.image_processor | Clean panel crop: raw_size=477x585 trim_left=20 trim_top=37 trim_right=8 trim_bottom=0 content_retained=100.0% success=True
2026-07-25 12:00:50 | INFO     | jewelry_detector.image_processor | Trimmed Object (ảnh gốc): [1495, 875, 1681, 1140] | AI bbox gốc: [1523,738,1707,1070]
2026-07-25 12:00:50 | INFO     | jewelry_detector.image_processor | Object refined (OpenCV Trim): [1495, 875, 1681, 1140]
2026-07-25 12:00:50 | INFO     | jewelry_detector.image_processor | Đã lưu ảnh kết quả: FINE23.COMP40_DI_12142022_bottom_result.jpg
2026-07-25 12:00:50 | INFO     | jewelry_detector.image_processor | Tổng thời gian xử lý: 0.04s
2026-07-25 12:00:50 | INFO     | jewelry_detector.image_processor | Kích thước ảnh: 1835 x 1230 px
2026-07-25 12:00:50 | INFO     | jewelry_detector.image_processor | Panel pixel (AI): [0, 652, 459, 1193]
2026-07-25 12:00:50 | INFO     | jewelry_detector.image_processor | Object pixel (AI): [92, 738, 275, 1070]
2026-07-25 12:00:50 | INFO     | jewelry_detector.image_processor | Center pixel: [184, 904]
2026-07-25 12:00:50 | INFO     | jewelry_detector.image_processor | Object refined (OpenCV Trim): [4, 665, 353, 1141]
2026-07-25 12:00:50 | INFO     | jewelry_detector.image_processor | Đã lưu ảnh kết quả: FINE23.COMP40_DI_12142022_perspective_result.jpg
2026-07-25 12:00:50 | INFO     | jewelry_detector.image_processor | Tổng thời gian xử lý: 0.03s
2026-07-25 12:18:50 | INFO     | jewelry_detector.image_processor | Kích thước ảnh: 1191 x 795 px
2026-07-25 12:18:50 | INFO     | jewelry_detector.image_processor | Panel pixel (AI): [298, 72, 584, 405]
2026-07-25 12:18:50 | INFO     | jewelry_detector.image_processor | Object pixel (AI): [357, 95, 524, 374]
2026-07-25 12:18:50 | INFO     | jewelry_detector.image_processor | Center pixel: [441, 235]
2026-07-25 12:18:50 | INFO     | jewelry_detector.image_processor | OpenCV panel refine IoU = 0.856
2026-07-25 12:18:50 | INFO     | jewelry_detector.image_processor | Panel refined: [286, 58, 595, 419]
2026-07-25 12:18:50 | INFO     | jewelry_detector.image_processor | Panel refined (OpenCV): [286, 58, 595, 419]
2026-07-25 12:18:50 | INFO     | jewelry_detector.image_processor | Clean panel crop: raw_size=309x361 trim_left=20 trim_top=14 trim_right=0 trim_bottom=0 content_retained=98.5% success=True
2026-07-25 12:18:50 | INFO     | jewelry_detector.image_processor | Trimmed Object (ảnh gốc): [309, 91, 544, 403] | AI bbox gốc: [357,95,524,374]
2026-07-25 12:18:50 | INFO     | jewelry_detector.image_processor | Object refined (OpenCV Trim): [309, 91, 544, 403]
2026-07-25 12:18:50 | INFO     | jewelry_detector.image_processor | Đã lưu ảnh kết quả: 889485_front_result.jpg
2026-07-25 12:18:50 | INFO     | jewelry_detector.image_processor | Tổng thời gian xử lý: 0.08s
2026-07-25 12:18:50 | INFO     | jewelry_detector.image_processor | Kích thước ảnh: 1191 x 795 px
2026-07-25 12:18:50 | INFO     | jewelry_detector.image_processor | Panel pixel (AI): [607, 72, 893, 405]
2026-07-25 12:18:50 | INFO     | jewelry_detector.image_processor | Object pixel (AI): [667, 95, 834, 374]
2026-07-25 12:18:50 | INFO     | jewelry_detector.image_processor | Center pixel: [750, 235]
2026-07-25 12:18:50 | INFO     | jewelry_detector.image_processor | OpenCV panel refine IoU = 0.856
2026-07-25 12:18:50 | INFO     | jewelry_detector.image_processor | Panel refined: [596, 58, 905, 419]
2026-07-25 12:18:50 | INFO     | jewelry_detector.image_processor | Panel refined (OpenCV): [596, 58, 905, 419]
2026-07-25 12:18:50 | INFO     | jewelry_detector.image_processor | Clean panel crop: raw_size=309x361 trim_left=3 trim_top=14 trim_right=16 trim_bottom=0 content_retained=99.5% success=True
2026-07-25 12:18:50 | INFO     | jewelry_detector.image_processor | Trimmed Object (ảnh gốc): [599, 112, 889, 384] | AI bbox gốc: [667,95,834,374]
2026-07-25 12:18:50 | INFO     | jewelry_detector.image_processor | Object refined (OpenCV Trim): [599, 112, 889, 384]
2026-07-25 12:18:50 | INFO     | jewelry_detector.image_processor | Đã lưu ảnh kết quả: 889485_left_result.jpg
2026-07-25 12:18:50 | INFO     | jewelry_detector.image_processor | Tổng thời gian xử lý: 0.02s
2026-07-25 12:18:50 | INFO     | jewelry_detector.image_processor | Kích thước ảnh: 1191 x 795 px
2026-07-25 12:18:50 | INFO     | jewelry_detector.image_processor | Panel pixel (AI): [917, 72, 1191, 405]
2026-07-25 12:18:50 | INFO     | jewelry_detector.image_processor | Object pixel (AI): [977, 95, 1143, 374]
2026-07-25 12:18:50 | INFO     | jewelry_detector.image_processor | Center pixel: [1060, 235]
2026-07-25 12:18:50 | INFO     | jewelry_detector.image_processor | OpenCV panel refine IoU = 0.889
2026-07-25 12:18:50 | INFO     | jewelry_detector.image_processor | Panel refined: [906, 58, 1191, 419]
2026-07-25 12:18:50 | INFO     | jewelry_detector.image_processor | Panel refined (OpenCV): [906, 58, 1191, 419]
2026-07-25 12:18:50 | INFO     | jewelry_detector.image_processor | Clean panel crop: raw_size=285x361 trim_left=0 trim_top=14 trim_right=9 trim_bottom=0 content_retained=100.0% success=True
2026-07-25 12:18:50 | INFO     | jewelry_detector.image_processor | Trimmed Object (ảnh gốc): [941, 72, 1128, 352] | AI bbox gốc: [977,95,1143,374]
2026-07-25 12:18:50 | INFO     | jewelry_detector.image_processor | Object refined (OpenCV Trim): [941, 72, 1128, 352]
2026-07-25 12:18:50 | INFO     | jewelry_detector.image_processor | Đã lưu ảnh kết quả: 889485_top_result.jpg
2026-07-25 12:18:50 | INFO     | jewelry_detector.image_processor | Tổng thời gian xử lý: 0.02s
2026-07-25 12:18:50 | INFO     | jewelry_detector.image_processor | Kích thước ảnh: 1191 x 795 px
2026-07-25 12:18:50 | INFO     | jewelry_detector.image_processor | Panel pixel (AI): [298, 421, 584, 755]
2026-07-25 12:18:50 | INFO     | jewelry_detector.image_processor | Object pixel (AI): [357, 445, 524, 723]
2026-07-25 12:18:50 | INFO     | jewelry_detector.image_processor | Center pixel: [441, 584]
2026-07-25 12:18:50 | INFO     | jewelry_detector.image_processor | OpenCV panel refine IoU = 0.856
2026-07-25 12:18:50 | INFO     | jewelry_detector.image_processor | Panel refined: [286, 408, 595, 769]
2026-07-25 12:18:50 | INFO     | jewelry_detector.image_processor | Panel refined (OpenCV): [286, 408, 595, 769]
2026-07-25 12:18:50 | INFO     | jewelry_detector.image_processor | Clean panel crop: raw_size=309x361 trim_left=20 trim_top=23 trim_right=0 trim_bottom=0 content_retained=99.7% success=True
2026-07-25 12:18:50 | INFO     | jewelry_detector.image_processor | Trimmed Object (ảnh gốc): [324, 453, 581, 768] | AI bbox gốc: [357,445,524,723]
2026-07-25 12:18:50 | INFO     | jewelry_detector.image_processor | Object refined (OpenCV Trim): [324, 453, 581, 768]
2026-07-25 12:18:50 | INFO     | jewelry_detector.image_processor | Đã lưu ảnh kết quả: 889485_back_result.jpg
2026-07-25 12:18:50 | INFO     | jewelry_detector.image_processor | Tổng thời gian xử lý: 0.02s
2026-07-25 12:18:50 | INFO     | jewelry_detector.image_processor | Kích thước ảnh: 1191 x 795 px
2026-07-25 12:18:50 | INFO     | jewelry_detector.image_processor | Panel pixel (AI): [607, 421, 893, 755]
2026-07-25 12:18:50 | INFO     | jewelry_detector.image_processor | Object pixel (AI): [667, 445, 834, 723]
2026-07-25 12:18:50 | INFO     | jewelry_detector.image_processor | Center pixel: [750, 584]
2026-07-25 12:18:50 | INFO     | jewelry_detector.image_processor | OpenCV panel refine IoU = 0.856
2026-07-25 12:18:50 | INFO     | jewelry_detector.image_processor | Panel refined: [596, 408, 905, 769]
2026-07-25 12:18:50 | INFO     | jewelry_detector.image_processor | Panel refined (OpenCV): [596, 408, 905, 769]
2026-07-25 12:18:50 | INFO     | jewelry_detector.image_processor | Clean panel crop: raw_size=309x361 trim_left=3 trim_top=23 trim_right=16 trim_bottom=0 content_retained=99.0% success=True
2026-07-25 12:18:50 | INFO     | jewelry_detector.image_processor | Trimmed Object (ảnh gốc): [599, 456, 889, 745] | AI bbox gốc: [667,445,834,723]
2026-07-25 12:18:50 | INFO     | jewelry_detector.image_processor | Object refined (OpenCV Trim): [599, 456, 889, 745]
2026-07-25 12:18:50 | INFO     | jewelry_detector.image_processor | Đã lưu ảnh kết quả: 889485_right_result.jpg
2026-07-25 12:18:50 | INFO     | jewelry_detector.image_processor | Tổng thời gian xử lý: 0.02s
2026-07-25 12:18:50 | INFO     | jewelry_detector.image_processor | Kích thước ảnh: 1191 x 795 px
2026-07-25 12:18:50 | INFO     | jewelry_detector.image_processor | Panel pixel (AI): [917, 421, 1191, 755]
2026-07-25 12:18:50 | INFO     | jewelry_detector.image_processor | Object pixel (AI): [977, 445, 1143, 723]
2026-07-25 12:18:50 | INFO     | jewelry_detector.image_processor | Center pixel: [1060, 584]
2026-07-25 12:18:50 | INFO     | jewelry_detector.image_processor | OpenCV panel refine IoU = 0.889
2026-07-25 12:18:50 | INFO     | jewelry_detector.image_processor | Panel refined: [906, 408, 1191, 769]
2026-07-25 12:18:50 | INFO     | jewelry_detector.image_processor | Panel refined (OpenCV): [906, 408, 1191, 769]
2026-07-25 12:18:50 | INFO     | jewelry_detector.image_processor | Clean panel crop: raw_size=285x361 trim_left=0 trim_top=23 trim_right=9 trim_bottom=0 content_retained=100.0% success=True
2026-07-25 12:18:50 | INFO     | jewelry_detector.image_processor | Trimmed Object (ảnh gốc): [948, 506, 1129, 769] | AI bbox gốc: [977,445,1143,723]
2026-07-25 12:18:50 | INFO     | jewelry_detector.image_processor | Object refined (OpenCV Trim): [948, 506, 1129, 769]
2026-07-25 12:18:50 | INFO     | jewelry_detector.image_processor | Đã lưu ảnh kết quả: 889485_bottom_result.jpg
2026-07-25 12:18:50 | INFO     | jewelry_detector.image_processor | Tổng thời gian xử lý: 0.02s
2026-07-25 12:18:50 | INFO     | jewelry_detector.image_processor | Kích thước ảnh: 1191 x 795 px
2026-07-25 12:18:50 | INFO     | jewelry_detector.image_processor | Panel pixel (AI): [0, 421, 298, 755]
2026-07-25 12:18:50 | INFO     | jewelry_detector.image_processor | Object pixel (AI): [48, 445, 226, 723]
2026-07-25 12:18:50 | INFO     | jewelry_detector.image_processor | Center pixel: [137, 584]
2026-07-25 12:18:50 | INFO     | jewelry_detector.image_processor | Object refined (OpenCV Trim): [1, 424, 242, 715]
2026-07-25 12:18:50 | INFO     | jewelry_detector.image_processor | Đã lưu ảnh kết quả: 889485_perspective_result.jpg
2026-07-25 12:18:50 | INFO     | jewelry_detector.image_processor | Tổng thời gian xử lý: 0.02s
2026-07-25 12:19:09 | INFO     | jewelry_detector.image_processor | Kích thước ảnh: 1717 x 1143 px
2026-07-25 12:19:09 | INFO     | jewelry_detector.image_processor | Panel pixel (AI): [429, 91, 858, 594]
2026-07-25 12:19:09 | INFO     | jewelry_detector.image_processor | Object pixel (AI): [464, 114, 824, 549]
2026-07-25 12:19:09 | INFO     | jewelry_detector.image_processor | Center pixel: [644, 331]
2026-07-25 12:19:09 | INFO     | jewelry_detector.image_processor | OpenCV panel refine IoU = 0.886
2026-07-25 12:19:09 | INFO     | jewelry_detector.image_processor | Panel refined: [412, 94, 876, 614]
2026-07-25 12:19:09 | INFO     | jewelry_detector.image_processor | Panel refined (OpenCV): [412, 94, 876, 614]
2026-07-25 12:19:09 | INFO     | jewelry_detector.image_processor | Clean panel crop: raw_size=464x520 trim_left=24 trim_top=4 trim_right=16 trim_bottom=0 content_retained=96.5% success=True
2026-07-25 12:19:09 | INFO     | jewelry_detector.image_processor | Trimmed Object (ảnh gốc): [473, 264, 856, 485] | AI bbox gốc: [464,114,824,549]
2026-07-25 12:19:09 | INFO     | jewelry_detector.image_processor | Object refined (OpenCV Trim): [473, 264, 856, 485]
2026-07-25 12:19:10 | INFO     | jewelry_detector.image_processor | Đã lưu ảnh kết quả: 889486 A_front_result.jpg
2026-07-25 12:19:10 | INFO     | jewelry_detector.image_processor | Tổng thời gian xử lý: 0.03s
2026-07-25 12:19:10 | INFO     | jewelry_detector.image_processor | Kích thước ảnh: 1717 x 1143 px
2026-07-25 12:19:10 | INFO     | jewelry_detector.image_processor | Panel pixel (AI): [858, 91, 1288, 594]
2026-07-25 12:19:10 | INFO     | jewelry_detector.image_processor | Object pixel (AI): [944, 114, 1202, 549]
2026-07-25 12:19:10 | INFO     | jewelry_detector.image_processor | Center pixel: [1073, 331]
2026-07-25 12:19:10 | INFO     | jewelry_detector.image_processor | OpenCV panel refine IoU = 0.886
2026-07-25 12:19:10 | INFO     | jewelry_detector.image_processor | Panel refined: [841, 94, 1305, 614]
2026-07-25 12:19:10 | INFO     | jewelry_detector.image_processor | Panel refined (OpenCV): [841, 94, 1305, 614]
2026-07-25 12:19:10 | INFO     | jewelry_detector.image_processor | Clean panel crop: raw_size=464x520 trim_left=23 trim_top=4 trim_right=17 trim_bottom=0 content_retained=99.5% success=True
2026-07-25 12:19:10 | INFO     | jewelry_detector.image_processor | Trimmed Object (ảnh gốc): [984, 288, 1163, 471] | AI bbox gốc: [944,114,1202,549]
2026-07-25 12:19:10 | INFO     | jewelry_detector.image_processor | Object refined (OpenCV Trim): [984, 288, 1163, 471]
2026-07-25 12:19:10 | INFO     | jewelry_detector.image_processor | Đã lưu ảnh kết quả: 889486 A_left_result.jpg
2026-07-25 12:19:10 | INFO     | jewelry_detector.image_processor | Tổng thời gian xử lý: 0.02s
2026-07-25 12:19:10 | INFO     | jewelry_detector.image_processor | Kích thước ảnh: 1717 x 1143 px
2026-07-25 12:19:10 | INFO     | jewelry_detector.image_processor | Panel pixel (AI): [1288, 91, 1717, 594]
2026-07-25 12:19:10 | INFO     | jewelry_detector.image_processor | Object pixel (AI): [1339, 114, 1665, 549]
2026-07-25 12:19:10 | INFO     | jewelry_detector.image_processor | Center pixel: [1502, 331]
2026-07-25 12:19:10 | INFO     | jewelry_detector.image_processor | OpenCV panel refine IoU = 0.922
2026-07-25 12:19:10 | INFO     | jewelry_detector.image_processor | Panel refined: [1271, 94, 1717, 614]
2026-07-25 12:19:10 | INFO     | jewelry_detector.image_processor | Panel refined (OpenCV): [1271, 94, 1717, 614]
2026-07-25 12:19:10 | INFO     | jewelry_detector.image_processor | Clean panel crop: raw_size=446x520 trim_left=22 trim_top=4 trim_right=0 trim_bottom=0 content_retained=100.0% success=True
2026-07-25 12:19:10 | INFO     | jewelry_detector.image_processor | Trimmed Object (ảnh gốc): [1320, 266, 1686, 462] | AI bbox gốc: [1339,114,1665,549]
2026-07-25 12:19:10 | INFO     | jewelry_detector.image_processor | Object refined (OpenCV Trim): [1320, 266, 1686, 462]
2026-07-25 12:19:10 | INFO     | jewelry_detector.image_processor | Đã lưu ảnh kết quả: 889486 A_top_result.jpg
2026-07-25 12:19:10 | INFO     | jewelry_detector.image_processor | Tổng thời gian xử lý: 0.03s
2026-07-25 12:19:10 | INFO     | jewelry_detector.image_processor | Kích thước ảnh: 1717 x 1143 px
2026-07-25 12:19:10 | INFO     | jewelry_detector.image_processor | Panel pixel (AI): [429, 594, 858, 1074]
2026-07-25 12:19:10 | INFO     | jewelry_detector.image_processor | Object pixel (AI): [464, 617, 824, 1029]
2026-07-25 12:19:10 | INFO     | jewelry_detector.image_processor | Center pixel: [644, 823]
2026-07-25 12:19:10 | INFO     | jewelry_detector.image_processor | OpenCV panel refine IoU = 0.856
2026-07-25 12:19:10 | INFO     | jewelry_detector.image_processor | Panel refined: [412, 575, 876, 1094]
2026-07-25 12:19:10 | INFO     | jewelry_detector.image_processor | Panel refined (OpenCV): [412, 575, 876, 1094]
2026-07-25 12:19:10 | INFO     | jewelry_detector.image_processor | Clean panel crop: raw_size=464x519 trim_left=24 trim_top=48 trim_right=16 trim_bottom=0 content_retained=98.1% success=True
2026-07-25 12:19:10 | INFO     | jewelry_detector.image_processor | Trimmed Object (ảnh gốc): [448, 774, 813, 992] | AI bbox gốc: [464,617,824,1029]
2026-07-25 12:19:10 | INFO     | jewelry_detector.image_processor | Object refined (OpenCV Trim): [448, 774, 813, 992]
2026-07-25 12:19:10 | INFO     | jewelry_detector.image_processor | Đã lưu ảnh kết quả: 889486 A_back_result.jpg
2026-07-25 12:19:10 | INFO     | jewelry_detector.image_processor | Tổng thời gian xử lý: 0.03s
2026-07-25 12:19:10 | INFO     | jewelry_detector.image_processor | Kích thước ảnh: 1717 x 1143 px
2026-07-25 12:19:10 | INFO     | jewelry_detector.image_processor | Panel pixel (AI): [858, 594, 1288, 1074]
2026-07-25 12:19:10 | INFO     | jewelry_detector.image_processor | Object pixel (AI): [944, 617, 1202, 1029]
2026-07-25 12:19:10 | INFO     | jewelry_detector.image_processor | Center pixel: [1073, 823]
2026-07-25 12:19:10 | INFO     | jewelry_detector.image_processor | OpenCV panel refine IoU = 0.856
2026-07-25 12:19:10 | INFO     | jewelry_detector.image_processor | Panel refined: [841, 575, 1305, 1094]
2026-07-25 12:19:10 | INFO     | jewelry_detector.image_processor | Panel refined (OpenCV): [841, 575, 1305, 1094]
2026-07-25 12:19:10 | INFO     | jewelry_detector.image_processor | Clean panel crop: raw_size=464x519 trim_left=23 trim_top=48 trim_right=17 trim_bottom=0 content_retained=97.1% success=True
2026-07-25 12:19:10 | INFO     | jewelry_detector.image_processor | Trimmed Object (ảnh gốc): [977, 798, 1172, 985] | AI bbox gốc: [944,617,1202,1029]
2026-07-25 12:19:10 | INFO     | jewelry_detector.image_processor | Object refined (OpenCV Trim): [977, 798, 1172, 985]
2026-07-25 12:19:10 | INFO     | jewelry_detector.image_processor | Đã lưu ảnh kết quả: 889486 A_right_result.jpg
2026-07-25 12:19:10 | INFO     | jewelry_detector.image_processor | Tổng thời gian xử lý: 0.02s
2026-07-25 12:19:10 | INFO     | jewelry_detector.image_processor | Kích thước ảnh: 1717 x 1143 px
2026-07-25 12:19:10 | INFO     | jewelry_detector.image_processor | Panel pixel (AI): [1288, 594, 1717, 1074]
2026-07-25 12:19:10 | INFO     | jewelry_detector.image_processor | Object pixel (AI): [1339, 617, 1665, 1029]
2026-07-25 12:19:10 | INFO     | jewelry_detector.image_processor | Center pixel: [1502, 823]
2026-07-25 12:19:10 | INFO     | jewelry_detector.image_processor | OpenCV panel refine IoU = 0.890
2026-07-25 12:19:10 | INFO     | jewelry_detector.image_processor | Panel refined: [1271, 575, 1717, 1094]
2026-07-25 12:19:10 | INFO     | jewelry_detector.image_processor | Panel refined (OpenCV): [1271, 575, 1717, 1094]
2026-07-25 12:19:10 | INFO     | jewelry_detector.image_processor | Clean panel crop: raw_size=446x519 trim_left=22 trim_top=48 trim_right=0 trim_bottom=0 content_retained=100.0% success=True
2026-07-25 12:19:10 | INFO     | jewelry_detector.image_processor | Trimmed Object (ảnh gốc): [1313, 782, 1686, 981] | AI bbox gốc: [1339,617,1665,1029]
2026-07-25 12:19:10 | INFO     | jewelry_detector.image_processor | Object refined (OpenCV Trim): [1313, 782, 1686, 981]
2026-07-25 12:19:10 | INFO     | jewelry_detector.image_processor | Đã lưu ảnh kết quả: 889486 A_bottom_result.jpg
2026-07-25 12:19:10 | INFO     | jewelry_detector.image_processor | Tổng thời gian xử lý: 0.03s
2026-07-25 12:19:10 | INFO     | jewelry_detector.image_processor | Kích thước ảnh: 1717 x 1143 px
2026-07-25 12:19:10 | INFO     | jewelry_detector.image_processor | Panel pixel (AI): [0, 732, 429, 1143]
2026-07-25 12:19:10 | INFO     | jewelry_detector.image_processor | Object pixel (AI): [17, 754, 412, 1120]
2026-07-25 12:19:10 | INFO     | jewelry_detector.image_processor | Center pixel: [215, 937]
2026-07-25 12:19:10 | INFO     | jewelry_detector.image_processor | Object refined (OpenCV Trim): [0, 782, 549, 1139]
2026-07-25 12:19:10 | INFO     | jewelry_detector.image_processor | Đã lưu ảnh kết quả: 889486 A_perspective_result.jpg
2026-07-25 12:19:10 | INFO     | jewelry_detector.image_processor | Tổng thời gian xử lý: 0.03s
2026-07-25 12:19:23 | INFO     | jewelry_detector.image_processor | Kích thước ảnh: 1721 x 1142 px
2026-07-25 12:19:23 | INFO     | jewelry_detector.image_processor | Panel pixel (AI): [430, 91, 860, 571]
2026-07-25 12:19:23 | INFO     | jewelry_detector.image_processor | Object pixel (AI): [465, 114, 826, 548]
2026-07-25 12:19:23 | INFO     | jewelry_detector.image_processor | Center pixel: [645, 331]
2026-07-25 12:19:23 | INFO     | jewelry_detector.image_processor | OpenCV panel refine IoU = 0.857
2026-07-25 12:19:23 | INFO     | jewelry_detector.image_processor | Panel refined: [413, 72, 878, 590]
2026-07-25 12:19:23 | INFO     | jewelry_detector.image_processor | Panel refined (OpenCV): [413, 72, 878, 590]
2026-07-25 12:19:23 | INFO     | jewelry_detector.image_processor | Clean panel crop: raw_size=465x518 trim_left=28 trim_top=21 trim_right=13 trim_bottom=0 content_retained=96.8% success=True
2026-07-25 12:19:23 | INFO     | jewelry_detector.image_processor | Trimmed Object (ảnh gốc): [461, 259, 865, 480] | AI bbox gốc: [465,114,826,548]
2026-07-25 12:19:23 | INFO     | jewelry_detector.image_processor | Object refined (OpenCV Trim): [461, 259, 865, 480]
2026-07-25 12:19:23 | INFO     | jewelry_detector.image_processor | Đã lưu ảnh kết quả: 889486 B+F_front_result.jpg
2026-07-25 12:19:23 | INFO     | jewelry_detector.image_processor | Tổng thời gian xử lý: 0.03s
2026-07-25 12:19:23 | INFO     | jewelry_detector.image_processor | Kích thước ảnh: 1721 x 1142 px
2026-07-25 12:19:23 | INFO     | jewelry_detector.image_processor | Panel pixel (AI): [860, 91, 1291, 571]
2026-07-25 12:19:23 | INFO     | jewelry_detector.image_processor | Object pixel (AI): [895, 114, 1274, 548]
2026-07-25 12:19:23 | INFO     | jewelry_detector.image_processor | Center pixel: [1084, 331]
2026-07-25 12:19:23 | INFO     | jewelry_detector.image_processor | OpenCV panel refine IoU = 0.857
2026-07-25 12:19:23 | INFO     | jewelry_detector.image_processor | Panel refined: [843, 72, 1308, 590]
2026-07-25 12:19:23 | INFO     | jewelry_detector.image_processor | Panel refined (OpenCV): [843, 72, 1308, 590]
2026-07-25 12:19:23 | INFO     | jewelry_detector.image_processor | Clean panel crop: raw_size=465x518 trim_left=26 trim_top=21 trim_right=15 trim_bottom=0 content_retained=97.8% success=True
2026-07-25 12:19:23 | INFO     | jewelry_detector.image_processor | Trimmed Object (ảnh gốc): [983, 275, 1166, 468] | AI bbox gốc: [895,114,1274,548]
2026-07-25 12:19:23 | INFO     | jewelry_detector.image_processor | Object refined (OpenCV Trim): [983, 275, 1166, 468]
2026-07-25 12:19:23 | INFO     | jewelry_detector.image_processor | Đã lưu ảnh kết quả: 889486 B+F_left_result.jpg
2026-07-25 12:19:23 | INFO     | jewelry_detector.image_processor | Tổng thời gian xử lý: 0.03s
2026-07-25 12:19:23 | INFO     | jewelry_detector.image_processor | Kích thước ảnh: 1721 x 1142 px
2026-07-25 12:19:23 | INFO     | jewelry_detector.image_processor | Panel pixel (AI): [1291, 91, 1721, 571]
2026-07-25 12:19:23 | INFO     | jewelry_detector.image_processor | Object pixel (AI): [1325, 114, 1687, 548]
2026-07-25 12:19:23 | INFO     | jewelry_detector.image_processor | Center pixel: [1506, 331]
2026-07-25 12:19:23 | INFO     | jewelry_detector.image_processor | OpenCV panel refine IoU = 0.891
2026-07-25 12:19:23 | INFO     | jewelry_detector.image_processor | Panel refined: [1274, 72, 1721, 590]
2026-07-25 12:19:23 | INFO     | jewelry_detector.image_processor | Panel refined (OpenCV): [1274, 72, 1721, 590]
2026-07-25 12:19:23 | INFO     | jewelry_detector.image_processor | Clean panel crop: raw_size=447x518 trim_left=24 trim_top=21 trim_right=0 trim_bottom=0 content_retained=100.0% success=True
2026-07-25 12:19:23 | INFO     | jewelry_detector.image_processor | Trimmed Object (ảnh gốc): [1312, 254, 1718, 456] | AI bbox gốc: [1325,114,1687,548]
2026-07-25 12:19:23 | INFO     | jewelry_detector.image_processor | Object refined (OpenCV Trim): [1312, 254, 1718, 456]
2026-07-25 12:19:23 | INFO     | jewelry_detector.image_processor | Đã lưu ảnh kết quả: 889486 B+F_top_result.jpg
2026-07-25 12:19:23 | INFO     | jewelry_detector.image_processor | Tổng thời gian xử lý: 0.03s
2026-07-25 12:19:23 | INFO     | jewelry_detector.image_processor | Kích thước ảnh: 1721 x 1142 px
2026-07-25 12:19:23 | INFO     | jewelry_detector.image_processor | Panel pixel (AI): [430, 571, 860, 914]
2026-07-25 12:19:23 | INFO     | jewelry_detector.image_processor | Object pixel (AI): [465, 594, 826, 891]
2026-07-25 12:19:23 | INFO     | jewelry_detector.image_processor | Center pixel: [645, 742]
2026-07-25 12:19:23 | INFO     | jewelry_detector.image_processor | OpenCV panel refine IoU = 0.857
2026-07-25 12:19:23 | INFO     | jewelry_detector.image_processor | Panel refined: [413, 557, 878, 927]
2026-07-25 12:19:23 | INFO     | jewelry_detector.image_processor | Panel refined (OpenCV): [413, 557, 878, 927]
2026-07-25 12:19:23 | INFO     | jewelry_detector.image_processor | Clean panel crop: raw_size=465x370 trim_left=28 trim_top=61 trim_right=13 trim_bottom=0 content_retained=98.9% success=True
2026-07-25 12:19:23 | INFO     | jewelry_detector.image_processor | Trimmed Object (ảnh gốc): [441, 773, 830, 927] | AI bbox gốc: [465,594,826,891]
2026-07-25 12:19:23 | INFO     | jewelry_detector.image_processor | Object refined (OpenCV Trim): [441, 773, 830, 927]
2026-07-25 12:19:23 | INFO     | jewelry_detector.image_processor | Đã lưu ảnh kết quả: 889486 B+F_back_result.jpg
2026-07-25 12:19:23 | INFO     | jewelry_detector.image_processor | Tổng thời gian xử lý: 0.02s
2026-07-25 12:19:23 | INFO     | jewelry_detector.image_processor | Kích thước ảnh: 1721 x 1142 px
2026-07-25 12:19:23 | INFO     | jewelry_detector.image_processor | Panel pixel (AI): [860, 571, 1291, 914]
2026-07-25 12:19:23 | INFO     | jewelry_detector.image_processor | Object pixel (AI): [895, 594, 1274, 891]
2026-07-25 12:19:23 | INFO     | jewelry_detector.image_processor | Center pixel: [1084, 742]
2026-07-25 12:19:23 | INFO     | jewelry_detector.image_processor | OpenCV panel refine IoU = 0.857
2026-07-25 12:19:23 | INFO     | jewelry_detector.image_processor | Panel refined: [843, 557, 1308, 927]
2026-07-25 12:19:23 | INFO     | jewelry_detector.image_processor | Panel refined (OpenCV): [843, 557, 1308, 927]
2026-07-25 12:19:23 | INFO     | jewelry_detector.image_processor | Clean panel crop: raw_size=465x370 trim_left=26 trim_top=61 trim_right=15 trim_bottom=0 content_retained=97.5% success=True
2026-07-25 12:19:23 | INFO     | jewelry_detector.image_processor | Trimmed Object (ảnh gốc): [989, 789, 1154, 927] | AI bbox gốc: [895,594,1274,891]
2026-07-25 12:19:23 | INFO     | jewelry_detector.image_processor | Object refined (OpenCV Trim): [989, 789, 1154, 927]
2026-07-25 12:19:23 | INFO     | jewelry_detector.image_processor | Đã lưu ảnh kết quả: 889486 B+F_right_result.jpg
2026-07-25 12:19:23 | INFO     | jewelry_detector.image_processor | Tổng thời gian xử lý: 0.02s
2026-07-25 12:19:23 | INFO     | jewelry_detector.image_processor | Kích thước ảnh: 1721 x 1142 px
2026-07-25 12:19:23 | INFO     | jewelry_detector.image_processor | Panel pixel (AI): [1291, 571, 1721, 914]
2026-07-25 12:19:23 | INFO     | jewelry_detector.image_processor | Object pixel (AI): [1325, 594, 1687, 891]
2026-07-25 12:19:23 | INFO     | jewelry_detector.image_processor | Center pixel: [1506, 742]
2026-07-25 12:19:23 | INFO     | jewelry_detector.image_processor | OpenCV panel refine IoU = 0.891
2026-07-25 12:19:23 | INFO     | jewelry_detector.image_processor | Panel refined: [1274, 557, 1721, 927]
2026-07-25 12:19:23 | INFO     | jewelry_detector.image_processor | Panel refined (OpenCV): [1274, 557, 1721, 927]
2026-07-25 12:19:23 | INFO     | jewelry_detector.image_processor | Clean panel crop: raw_size=447x370 trim_left=24 trim_top=61 trim_right=0 trim_bottom=0 content_retained=100.0% success=True
2026-07-25 12:19:23 | INFO     | jewelry_detector.image_processor | Trimmed Object (ảnh gốc): [1308, 782, 1714, 927] | AI bbox gốc: [1325,594,1687,891]
2026-07-25 12:19:23 | INFO     | jewelry_detector.image_processor | Object refined (OpenCV Trim): [1308, 782, 1714, 927]
2026-07-25 12:19:23 | INFO     | jewelry_detector.image_processor | Đã lưu ảnh kết quả: 889486 B+F_bottom_result.jpg
2026-07-25 12:19:23 | INFO     | jewelry_detector.image_processor | Tổng thời gian xử lý: 0.03s
2026-07-25 12:19:23 | INFO     | jewelry_detector.image_processor | Kích thước ảnh: 1721 x 1142 px
2026-07-25 12:19:23 | INFO     | jewelry_detector.image_processor | Panel pixel (AI): [0, 571, 430, 1142]
2026-07-25 12:19:23 | INFO     | jewelry_detector.image_processor | Object pixel (AI): [34, 594, 396, 1119]
2026-07-25 12:19:23 | INFO     | jewelry_detector.image_processor | Center pixel: [215, 856]
2026-07-25 12:19:23 | INFO     | jewelry_detector.image_processor | Object refined (OpenCV Trim): [1, 503, 533, 1134]
2026-07-25 12:19:23 | INFO     | jewelry_detector.image_processor | Đã lưu ảnh kết quả: 889486 B+F_perspective_result.jpg
2026-07-25 12:19:23 | INFO     | jewelry_detector.image_processor | Tổng thời gian xử lý: 0.03s
2026-07-25 12:19:36 | INFO     | jewelry_detector.image_processor | Kích thước ảnh: 1714 x 1138 px
2026-07-25 12:19:36 | INFO     | jewelry_detector.image_processor | Panel pixel (AI): [428, 91, 857, 592]
2026-07-25 12:19:36 | INFO     | jewelry_detector.image_processor | Object pixel (AI): [463, 114, 823, 546]
2026-07-25 12:19:36 | INFO     | jewelry_detector.image_processor | Center pixel: [643, 330]
2026-07-25 12:19:36 | INFO     | jewelry_detector.image_processor | OpenCV panel refine IoU = 0.886
2026-07-25 12:19:36 | INFO     | jewelry_detector.image_processor | Panel refined: [411, 93, 874, 612]
2026-07-25 12:19:36 | INFO     | jewelry_detector.image_processor | Panel refined (OpenCV): [411, 93, 874, 612]
2026-07-25 12:19:36 | INFO     | jewelry_detector.image_processor | Clean panel crop: raw_size=463x519 trim_left=24 trim_top=4 trim_right=15 trim_bottom=0 content_retained=97.3% success=True
2026-07-25 12:19:36 | INFO     | jewelry_detector.image_processor | Trimmed Object (ảnh gốc): [449, 266, 859, 485] | AI bbox gốc: [463,114,823,546]
2026-07-25 12:19:36 | INFO     | jewelry_detector.image_processor | Object refined (OpenCV Trim): [449, 266, 859, 485]
2026-07-25 12:19:36 | INFO     | jewelry_detector.image_processor | Đã lưu ảnh kết quả: 889486 C+E_front_result.jpg
2026-07-25 12:19:36 | INFO     | jewelry_detector.image_processor | Tổng thời gian xử lý: 0.03s
2026-07-25 12:19:36 | INFO     | jewelry_detector.image_processor | Kích thước ảnh: 1714 x 1138 px
2026-07-25 12:19:36 | INFO     | jewelry_detector.image_processor | Panel pixel (AI): [857, 91, 1286, 592]
2026-07-25 12:19:36 | INFO     | jewelry_detector.image_processor | Object pixel (AI): [943, 114, 1200, 546]
2026-07-25 12:19:36 | INFO     | jewelry_detector.image_processor | Center pixel: [1071, 330]
2026-07-25 12:19:36 | INFO     | jewelry_detector.image_processor | OpenCV panel refine IoU = 0.886
2026-07-25 12:19:36 | INFO     | jewelry_detector.image_processor | Panel refined: [840, 93, 1303, 612]
2026-07-25 12:19:36 | INFO     | jewelry_detector.image_processor | Panel refined (OpenCV): [840, 93, 1303, 612]
2026-07-25 12:19:36 | INFO     | jewelry_detector.image_processor | Clean panel crop: raw_size=463x519 trim_left=23 trim_top=4 trim_right=16 trim_bottom=0 content_retained=98.0% success=True
2026-07-25 12:19:36 | INFO     | jewelry_detector.image_processor | Trimmed Object (ảnh gốc): [991, 277, 1178, 476] | AI bbox gốc: [943,114,1200,546]
2026-07-25 12:19:36 | INFO     | jewelry_detector.image_processor | Object refined (OpenCV Trim): [991, 277, 1178, 476]
2026-07-25 12:19:36 | INFO     | jewelry_detector.image_processor | Đã lưu ảnh kết quả: 889486 C+E_left_result.jpg
2026-07-25 12:19:36 | INFO     | jewelry_detector.image_processor | Tổng thời gian xử lý: 0.03s
2026-07-25 12:19:36 | INFO     | jewelry_detector.image_processor | Kích thước ảnh: 1714 x 1138 px
2026-07-25 12:19:36 | INFO     | jewelry_detector.image_processor | Panel pixel (AI): [1286, 91, 1714, 592]
2026-07-25 12:19:36 | INFO     | jewelry_detector.image_processor | Object pixel (AI): [1337, 114, 1663, 546]
2026-07-25 12:19:36 | INFO     | jewelry_detector.image_processor | Center pixel: [1500, 330]
2026-07-25 12:19:36 | INFO     | jewelry_detector.image_processor | OpenCV panel refine IoU = 0.920
2026-07-25 12:19:36 | INFO     | jewelry_detector.image_processor | Panel refined: [1268, 93, 1714, 612]
2026-07-25 12:19:36 | INFO     | jewelry_detector.image_processor | Panel refined (OpenCV): [1268, 93, 1714, 612]
2026-07-25 12:19:36 | INFO     | jewelry_detector.image_processor | Clean panel crop: raw_size=446x519 trim_left=24 trim_top=4 trim_right=0 trim_bottom=0 content_retained=100.0% success=True
2026-07-25 12:19:36 | INFO     | jewelry_detector.image_processor | Trimmed Object (ảnh gốc): [1299, 264, 1714, 467] | AI bbox gốc: [1337,114,1663,546]
2026-07-25 12:19:36 | INFO     | jewelry_detector.image_processor | Object refined (OpenCV Trim): [1299, 264, 1714, 467]
2026-07-25 12:19:36 | INFO     | jewelry_detector.image_processor | Đã lưu ảnh kết quả: 889486 C+E_top_result.jpg
2026-07-25 12:19:36 | INFO     | jewelry_detector.image_processor | Tổng thời gian xử lý: 0.03s
2026-07-25 12:19:36 | INFO     | jewelry_detector.image_processor | Kích thước ảnh: 1714 x 1138 px
2026-07-25 12:19:36 | INFO     | jewelry_detector.image_processor | Panel pixel (AI): [428, 592, 857, 1092]
2026-07-25 12:19:36 | INFO     | jewelry_detector.image_processor | Object pixel (AI): [463, 615, 823, 1047]
2026-07-25 12:19:36 | INFO     | jewelry_detector.image_processor | Center pixel: [643, 831]
2026-07-25 12:19:36 | INFO     | jewelry_detector.image_processor | OpenCV panel refine IoU = 0.857
2026-07-25 12:19:36 | INFO     | jewelry_detector.image_processor | Panel refined: [411, 572, 874, 1113]
2026-07-25 12:19:36 | INFO     | jewelry_detector.image_processor | Panel refined (OpenCV): [411, 572, 874, 1113]
2026-07-25 12:19:36 | INFO     | jewelry_detector.image_processor | Clean panel crop: raw_size=463x541 trim_left=24 trim_top=50 trim_right=15 trim_bottom=0 content_retained=99.1% success=True
2026-07-25 12:19:36 | INFO     | jewelry_detector.image_processor | Trimmed Object (ảnh gốc): [435, 772, 842, 989] | AI bbox gốc: [463,615,823,1047]
2026-07-25 12:19:36 | INFO     | jewelry_detector.image_processor | Object refined (OpenCV Trim): [435, 772, 842, 989]
2026-07-25 12:19:36 | INFO     | jewelry_detector.image_processor | Đã lưu ảnh kết quả: 889486 C+E_back_result.jpg
2026-07-25 12:19:36 | INFO     | jewelry_detector.image_processor | Tổng thời gian xử lý: 0.03s
2026-07-25 12:19:36 | INFO     | jewelry_detector.image_processor | Kích thước ảnh: 1714 x 1138 px
2026-07-25 12:19:36 | INFO     | jewelry_detector.image_processor | Panel pixel (AI): [857, 592, 1286, 1092]
2026-07-25 12:19:36 | INFO     | jewelry_detector.image_processor | Object pixel (AI): [943, 615, 1200, 1047]
2026-07-25 12:19:36 | INFO     | jewelry_detector.image_processor | Center pixel: [1071, 831]
2026-07-25 12:19:36 | INFO     | jewelry_detector.image_processor | OpenCV panel refine IoU = 0.857
2026-07-25 12:19:36 | INFO     | jewelry_detector.image_processor | Panel refined: [840, 572, 1303, 1113]
2026-07-25 12:19:36 | INFO     | jewelry_detector.image_processor | Panel refined (OpenCV): [840, 572, 1303, 1113]
2026-07-25 12:19:36 | INFO     | jewelry_detector.image_processor | Clean panel crop: raw_size=463x541 trim_left=23 trim_top=50 trim_right=16 trim_bottom=0 content_retained=98.1% success=True
2026-07-25 12:19:36 | INFO     | jewelry_detector.image_processor | Trimmed Object (ảnh gốc): [968, 785, 1181, 987] | AI bbox gốc: [943,615,1200,1047]
2026-07-25 12:19:36 | INFO     | jewelry_detector.image_processor | Object refined (OpenCV Trim): [968, 785, 1181, 987]
2026-07-25 12:19:36 | INFO     | jewelry_detector.image_processor | Đã lưu ảnh kết quả: 889486 C+E_right_result.jpg
2026-07-25 12:19:36 | INFO     | jewelry_detector.image_processor | Tổng thời gian xử lý: 0.03s
2026-07-25 12:19:36 | INFO     | jewelry_detector.image_processor | Kích thước ảnh: 1714 x 1138 px
2026-07-25 12:19:36 | INFO     | jewelry_detector.image_processor | Panel pixel (AI): [1286, 592, 1714, 1092]
2026-07-25 12:19:36 | INFO     | jewelry_detector.image_processor | Object pixel (AI): [1337, 615, 1663, 1047]
2026-07-25 12:19:36 | INFO     | jewelry_detector.image_processor | Center pixel: [1500, 831]
2026-07-25 12:19:36 | INFO     | jewelry_detector.image_processor | OpenCV panel refine IoU = 0.889
2026-07-25 12:19:36 | INFO     | jewelry_detector.image_processor | Panel refined: [1268, 572, 1714, 1113]
2026-07-25 12:19:36 | INFO     | jewelry_detector.image_processor | Panel refined (OpenCV): [1268, 572, 1714, 1113]
2026-07-25 12:19:36 | INFO     | jewelry_detector.image_processor | Clean panel crop: raw_size=446x541 trim_left=24 trim_top=50 trim_right=0 trim_bottom=0 content_retained=100.0% success=True
2026-07-25 12:19:36 | INFO     | jewelry_detector.image_processor | Trimmed Object (ảnh gốc): [1292, 775, 1714, 981] | AI bbox gốc: [1337,615,1663,1047]
2026-07-25 12:19:36 | INFO     | jewelry_detector.image_processor | Object refined (OpenCV Trim): [1292, 775, 1714, 981]
2026-07-25 12:19:36 | INFO     | jewelry_detector.image_processor | Đã lưu ảnh kết quả: 889486 C+E_bottom_result.jpg
2026-07-25 12:19:36 | INFO     | jewelry_detector.image_processor | Tổng thời gian xử lý: 0.03s
2026-07-25 12:19:36 | INFO     | jewelry_detector.image_processor | Kích thước ảnh: 1714 x 1138 px
2026-07-25 12:19:36 | INFO     | jewelry_detector.image_processor | Panel pixel (AI): [0, 683, 428, 1138]
2026-07-25 12:19:36 | INFO     | jewelry_detector.image_processor | Object pixel (AI): [17, 706, 411, 1115]
2026-07-25 12:19:36 | INFO     | jewelry_detector.image_processor | Center pixel: [214, 910]
2026-07-25 12:19:36 | INFO     | jewelry_detector.image_processor | Object refined (OpenCV Trim): [6, 764, 548, 1138]
2026-07-25 12:19:36 | INFO     | jewelry_detector.image_processor | Đã lưu ảnh kết quả: 889486 C+E_perspective_result.jpg
2026-07-25 12:19:36 | INFO     | jewelry_detector.image_processor | Tổng thời gian xử lý: 0.03s
2026-07-25 12:19:49 | INFO     | jewelry_detector.image_processor | Kích thước ảnh: 1717 x 1147 px
2026-07-25 12:19:49 | INFO     | jewelry_detector.image_processor | Panel pixel (AI): [429, 92, 858, 596]
2026-07-25 12:19:49 | INFO     | jewelry_detector.image_processor | Object pixel (AI): [464, 115, 824, 551]
2026-07-25 12:19:49 | INFO     | jewelry_detector.image_processor | Center pixel: [644, 333]
2026-07-25 12:19:49 | INFO     | jewelry_detector.image_processor | OpenCV panel refine IoU = 0.857
2026-07-25 12:19:49 | INFO     | jewelry_detector.image_processor | Panel refined: [412, 72, 876, 617]
2026-07-25 12:19:49 | INFO     | jewelry_detector.image_processor | Panel refined (OpenCV): [412, 72, 876, 617]
2026-07-25 12:19:49 | INFO     | jewelry_detector.image_processor | Clean panel crop: raw_size=464x545 trim_left=25 trim_top=23 trim_right=15 trim_bottom=0 content_retained=96.7% success=True
2026-07-25 12:19:49 | INFO     | jewelry_detector.image_processor | Trimmed Object (ảnh gốc): [465, 278, 854, 466] | AI bbox gốc: [464,115,824,551]
2026-07-25 12:19:49 | INFO     | jewelry_detector.image_processor | Object refined (OpenCV Trim): [465, 278, 854, 466]
2026-07-25 12:19:49 | INFO     | jewelry_detector.image_processor | Đã lưu ảnh kết quả: 889486 D_front_result.jpg
2026-07-25 12:19:49 | INFO     | jewelry_detector.image_processor | Tổng thời gian xử lý: 0.03s
2026-07-25 12:19:49 | INFO     | jewelry_detector.image_processor | Kích thước ảnh: 1717 x 1147 px
2026-07-25 12:19:49 | INFO     | jewelry_detector.image_processor | Panel pixel (AI): [858, 92, 1288, 596]
2026-07-25 12:19:49 | INFO     | jewelry_detector.image_processor | Object pixel (AI): [944, 115, 1202, 551]
2026-07-25 12:19:49 | INFO     | jewelry_detector.image_processor | Center pixel: [1073, 333]
2026-07-25 12:19:49 | INFO     | jewelry_detector.image_processor | OpenCV panel refine IoU = 0.857
2026-07-25 12:19:49 | INFO     | jewelry_detector.image_processor | Panel refined: [841, 72, 1305, 617]
2026-07-25 12:19:49 | INFO     | jewelry_detector.image_processor | Panel refined (OpenCV): [841, 72, 1305, 617]
2026-07-25 12:19:49 | INFO     | jewelry_detector.image_processor | Clean panel crop: raw_size=464x545 trim_left=24 trim_top=23 trim_right=16 trim_bottom=0 content_retained=99.8% success=True
2026-07-25 12:19:49 | INFO     | jewelry_detector.image_processor | Trimmed Object (ảnh gốc): [1015, 294, 1192, 474] | AI bbox gốc: [944,115,1202,551]
2026-07-25 12:19:49 | INFO     | jewelry_detector.image_processor | Object refined (OpenCV Trim): [1015, 294, 1192, 474]
2026-07-25 12:19:49 | INFO     | jewelry_detector.image_processor | Đã lưu ảnh kết quả: 889486 D_left_result.jpg
2026-07-25 12:19:49 | INFO     | jewelry_detector.image_processor | Tổng thời gian xử lý: 0.03s
2026-07-25 12:19:49 | INFO     | jewelry_detector.image_processor | Kích thước ảnh: 1717 x 1147 px
2026-07-25 12:19:49 | INFO     | jewelry_detector.image_processor | Panel pixel (AI): [1288, 92, 1717, 596]
2026-07-25 12:19:49 | INFO     | jewelry_detector.image_processor | Object pixel (AI): [1339, 115, 1665, 551]
2026-07-25 12:19:49 | INFO     | jewelry_detector.image_processor | Center pixel: [1502, 333]
2026-07-25 12:19:49 | INFO     | jewelry_detector.image_processor | OpenCV panel refine IoU = 0.891
2026-07-25 12:19:49 | INFO     | jewelry_detector.image_processor | Panel refined: [1271, 72, 1717, 617]
2026-07-25 12:19:49 | INFO     | jewelry_detector.image_processor | Panel refined (OpenCV): [1271, 72, 1717, 617]
2026-07-25 12:19:49 | INFO     | jewelry_detector.image_processor | Clean panel crop: raw_size=446x545 trim_left=23 trim_top=23 trim_right=0 trim_bottom=0 content_retained=100.0% success=True
2026-07-25 12:19:49 | INFO     | jewelry_detector.image_processor | Trimmed Object (ảnh gốc): [1294, 268, 1717, 461] | AI bbox gốc: [1339,115,1665,551]
2026-07-25 12:19:49 | INFO     | jewelry_detector.image_processor | Object refined (OpenCV Trim): [1294, 268, 1717, 461]
2026-07-25 12:19:49 | INFO     | jewelry_detector.image_processor | Đã lưu ảnh kết quả: 889486 D_top_result.jpg
2026-07-25 12:19:49 | INFO     | jewelry_detector.image_processor | Tổng thời gian xử lý: 0.03s
2026-07-25 12:19:49 | INFO     | jewelry_detector.image_processor | Kích thước ảnh: 1717 x 1147 px
2026-07-25 12:19:50 | INFO     | jewelry_detector.image_processor | Panel pixel (AI): [429, 596, 858, 1078]
2026-07-25 12:19:50 | INFO     | jewelry_detector.image_processor | Object pixel (AI): [464, 619, 824, 1032]
2026-07-25 12:19:50 | INFO     | jewelry_detector.image_processor | Center pixel: [644, 826]
2026-07-25 12:19:50 | INFO     | jewelry_detector.image_processor | OpenCV panel refine IoU = 0.857
2026-07-25 12:19:50 | INFO     | jewelry_detector.image_processor | Panel refined: [412, 577, 876, 1097]
2026-07-25 12:19:50 | INFO     | jewelry_detector.image_processor | Panel refined (OpenCV): [412, 577, 876, 1097]
2026-07-25 12:19:50 | INFO     | jewelry_detector.image_processor | Clean panel crop: raw_size=464x520 trim_left=25 trim_top=43 trim_right=15 trim_bottom=0 content_retained=99.4% success=True
2026-07-25 12:19:50 | INFO     | jewelry_detector.image_processor | Trimmed Object (ảnh gốc): [452, 769, 826, 957] | AI bbox gốc: [464,619,824,1032]
2026-07-25 12:19:50 | INFO     | jewelry_detector.image_processor | Object refined (OpenCV Trim): [452, 769, 826, 957]
2026-07-25 12:19:50 | INFO     | jewelry_detector.image_processor | Đã lưu ảnh kết quả: 889486 D_back_result.jpg
2026-07-25 12:19:50 | INFO     | jewelry_detector.image_processor | Tổng thời gian xử lý: 0.03s
2026-07-25 12:19:50 | INFO     | jewelry_detector.image_processor | Kích thước ảnh: 1717 x 1147 px
2026-07-25 12:19:50 | INFO     | jewelry_detector.image_processor | Panel pixel (AI): [858, 596, 1288, 1078]
2026-07-25 12:19:50 | INFO     | jewelry_detector.image_processor | Object pixel (AI): [944, 619, 1202, 1032]
2026-07-25 12:19:50 | INFO     | jewelry_detector.image_processor | Center pixel: [1073, 826]
2026-07-25 12:19:50 | INFO     | jewelry_detector.image_processor | OpenCV panel refine IoU = 0.857
2026-07-25 12:19:50 | INFO     | jewelry_detector.image_processor | Panel refined: [841, 577, 1305, 1097]
2026-07-25 12:19:50 | INFO     | jewelry_detector.image_processor | Panel refined (OpenCV): [841, 577, 1305, 1097]
2026-07-25 12:19:50 | INFO     | jewelry_detector.image_processor | Clean panel crop: raw_size=464x520 trim_left=24 trim_top=43 trim_right=16 trim_bottom=0 content_retained=98.3% success=True
2026-07-25 12:19:50 | INFO     | jewelry_detector.image_processor | Trimmed Object (ảnh gốc): [958, 802, 1152, 985] | AI bbox gốc: [944,619,1202,1032]
2026-07-25 12:19:50 | INFO     | jewelry_detector.image_processor | Object refined (OpenCV Trim): [958, 802, 1152, 985]
2026-07-25 12:19:50 | INFO     | jewelry_detector.image_processor | Đã lưu ảnh kết quả: 889486 D_right_result.jpg
2026-07-25 12:19:50 | INFO     | jewelry_detector.image_processor | Tổng thời gian xử lý: 0.03s
2026-07-25 12:19:50 | INFO     | jewelry_detector.image_processor | Kích thước ảnh: 1717 x 1147 px
2026-07-25 12:19:50 | INFO     | jewelry_detector.image_processor | Panel pixel (AI): [1288, 596, 1717, 1078]
2026-07-25 12:19:50 | INFO     | jewelry_detector.image_processor | Object pixel (AI): [1339, 619, 1665, 1032]
2026-07-25 12:19:50 | INFO     | jewelry_detector.image_processor | Center pixel: [1502, 826]
2026-07-25 12:19:50 | INFO     | jewelry_detector.image_processor | OpenCV panel refine IoU = 0.892
2026-07-25 12:19:50 | INFO     | jewelry_detector.image_processor | Panel refined: [1271, 577, 1717, 1097]
2026-07-25 12:19:50 | INFO     | jewelry_detector.image_processor | Panel refined (OpenCV): [1271, 577, 1717, 1097]
2026-07-25 12:19:50 | INFO     | jewelry_detector.image_processor | Clean panel crop: raw_size=446x520 trim_left=23 trim_top=43 trim_right=0 trim_bottom=0 content_retained=100.0% success=True
2026-07-25 12:19:50 | INFO     | jewelry_detector.image_processor | Trimmed Object (ảnh gốc): [1294, 777, 1717, 973] | AI bbox gốc: [1339,619,1665,1032]
2026-07-25 12:19:50 | INFO     | jewelry_detector.image_processor | Object refined (OpenCV Trim): [1294, 777, 1717, 973]
2026-07-25 12:19:50 | INFO     | jewelry_detector.image_processor | Đã lưu ảnh kết quả: 889486 D_bottom_result.jpg
2026-07-25 12:19:50 | INFO     | jewelry_detector.image_processor | Tổng thời gian xử lý: 0.03s
2026-07-25 12:19:50 | INFO     | jewelry_detector.image_processor | Kích thước ảnh: 1717 x 1147 px
2026-07-25 12:19:50 | INFO     | jewelry_detector.image_processor | Panel pixel (AI): [0, 596, 429, 1078]
2026-07-25 12:19:50 | INFO     | jewelry_detector.image_processor | Object pixel (AI): [34, 619, 395, 1032]
2026-07-25 12:19:50 | INFO     | jewelry_detector.image_processor | Center pixel: [215, 826]
2026-07-25 12:19:50 | INFO     | jewelry_detector.image_processor | Object refined (OpenCV Trim): [0, 547, 532, 903]
2026-07-25 12:19:50 | INFO     | jewelry_detector.image_processor | Đã lưu ảnh kết quả: 889486 D_perspective_result.jpg
2026-07-25 12:19:50 | INFO     | jewelry_detector.image_processor | Tổng thời gian xử lý: 0.03s
2026-07-25 12:20:02 | INFO     | jewelry_detector.image_processor | Kích thước ảnh: 1150 x 767 px
2026-07-25 12:20:02 | INFO     | jewelry_detector.image_processor | Panel pixel (AI): [299, 61, 575, 384]
2026-07-25 12:20:02 | INFO     | jewelry_detector.image_processor | Object pixel (AI): [310, 77, 564, 368]
2026-07-25 12:20:02 | INFO     | jewelry_detector.image_processor | Center pixel: [437, 222]
2026-07-25 12:20:02 | INFO     | jewelry_detector.image_processor | OpenCV panel refine IoU = 0.857
2026-07-25 12:20:02 | INFO     | jewelry_detector.image_processor | Panel refined: [288, 48, 586, 396]
2026-07-25 12:20:02 | INFO     | jewelry_detector.image_processor | Panel refined (OpenCV): [288, 48, 586, 396]
2026-07-25 12:20:02 | INFO     | jewelry_detector.image_processor | Clean panel crop: raw_size=298x348 trim_left=9 trim_top=20 trim_right=8 trim_bottom=0 content_retained=99.5% success=True
2026-07-25 12:20:02 | INFO     | jewelry_detector.image_processor | Trimmed Object (ảnh gốc): [297, 136, 578, 355] | AI bbox gốc: [311,77,563,368]
2026-07-25 12:20:02 | INFO     | jewelry_detector.image_processor | Object refined (OpenCV Trim): [297, 136, 578, 355]
2026-07-25 12:20:02 | INFO     | jewelry_detector.image_processor | Đã lưu ảnh kết quả: 889488_front_result.jpg
2026-07-25 12:20:02 | INFO     | jewelry_detector.image_processor | Tổng thời gian xử lý: 0.02s
2026-07-25 12:20:02 | INFO     | jewelry_detector.image_processor | Kích thước ảnh: 1150 x 767 px
2026-07-25 12:20:02 | INFO     | jewelry_detector.image_processor | Panel pixel (AI): [575, 61, 851, 384]
2026-07-25 12:20:02 | INFO     | jewelry_detector.image_processor | Object pixel (AI): [586, 77, 840, 368]
2026-07-25 12:20:02 | INFO     | jewelry_detector.image_processor | Center pixel: [713, 222]
2026-07-25 12:20:02 | INFO     | jewelry_detector.image_processor | OpenCV panel refine IoU = 0.857
2026-07-25 12:20:02 | INFO     | jewelry_detector.image_processor | Panel refined: [564, 48, 862, 396]
2026-07-25 12:20:02 | INFO     | jewelry_detector.image_processor | Panel refined (OpenCV): [564, 48, 862, 396]
2026-07-25 12:20:02 | INFO     | jewelry_detector.image_processor | Clean panel crop: raw_size=298x348 trim_left=17 trim_top=20 trim_right=0 trim_bottom=0 content_retained=99.2% success=True
2026-07-25 12:20:02 | INFO     | jewelry_detector.image_processor | Trimmed Object (ảnh gốc): [617, 174, 848, 337] | AI bbox gốc: [587,77,839,368]
2026-07-25 12:20:02 | INFO     | jewelry_detector.image_processor | Object refined (OpenCV Trim): [617, 174, 848, 337]
2026-07-25 12:20:02 | INFO     | jewelry_detector.image_processor | Đã lưu ảnh kết quả: 889488_left_result.jpg
2026-07-25 12:20:02 | INFO     | jewelry_detector.image_processor | Tổng thời gian xử lý: 0.01s
2026-07-25 12:20:02 | INFO     | jewelry_detector.image_processor | Kích thước ảnh: 1150 x 767 px
2026-07-25 12:20:02 | INFO     | jewelry_detector.image_processor | Panel pixel (AI): [851, 61, 1127, 384]
2026-07-25 12:20:02 | INFO     | jewelry_detector.image_processor | Object pixel (AI): [862, 77, 1116, 368]
2026-07-25 12:20:02 | INFO     | jewelry_detector.image_processor | Center pixel: [989, 222]
2026-07-25 12:20:02 | INFO     | jewelry_detector.image_processor | OpenCV panel refine IoU = 0.857
2026-07-25 12:20:02 | INFO     | jewelry_detector.image_processor | Panel refined: [840, 48, 1138, 396]
2026-07-25 12:20:02 | INFO     | jewelry_detector.image_processor | Panel refined (OpenCV): [840, 48, 1138, 396]
2026-07-25 12:20:02 | INFO     | jewelry_detector.image_processor | Clean panel crop: raw_size=298x348 trim_left=25 trim_top=20 trim_right=0 trim_bottom=0 content_retained=100.0% success=True
2026-07-25 12:20:02 | INFO     | jewelry_detector.image_processor | Trimmed Object (ảnh gốc): [865, 99, 1122, 362] | AI bbox gốc: [863,77,1115,368]
2026-07-25 12:20:02 | INFO     | jewelry_detector.image_processor | Object refined (OpenCV Trim): [865, 99, 1122, 362]
2026-07-25 12:20:02 | INFO     | jewelry_detector.image_processor | Đã lưu ảnh kết quả: 889488_top_result.jpg
2026-07-25 12:20:02 | INFO     | jewelry_detector.image_processor | Tổng thời gian xử lý: 0.01s
2026-07-25 12:20:02 | INFO     | jewelry_detector.image_processor | Kích thước ảnh: 1150 x 767 px
2026-07-25 12:20:02 | INFO     | jewelry_detector.image_processor | Panel pixel (AI): [299, 384, 575, 752]
2026-07-25 12:20:02 | INFO     | jewelry_detector.image_processor | Object pixel (AI): [310, 399, 564, 736]
2026-07-25 12:20:02 | INFO     | jewelry_detector.image_processor | Center pixel: [437, 568]
2026-07-25 12:20:02 | INFO     | jewelry_detector.image_processor | OpenCV panel refine IoU = 0.859
2026-07-25 12:20:02 | INFO     | jewelry_detector.image_processor | Panel refined: [288, 369, 586, 766]
2026-07-25 12:20:02 | INFO     | jewelry_detector.image_processor | Panel refined (OpenCV): [288, 369, 586, 766]
2026-07-25 12:20:02 | INFO     | jewelry_detector.image_processor | Clean panel crop: raw_size=298x397 trim_left=9 trim_top=48 trim_right=8 trim_bottom=2 content_retained=99.9% success=True
2026-07-25 12:20:02 | INFO     | jewelry_detector.image_processor | Trimmed Object (ảnh gốc): [297, 439, 577, 764] | AI bbox gốc: [311,399,563,736]
2026-07-25 12:20:02 | INFO     | jewelry_detector.image_processor | Object refined (OpenCV Trim): [297, 439, 577, 764]
2026-07-25 12:20:02 | INFO     | jewelry_detector.image_processor | Đã lưu ảnh kết quả: 889488_back_result.jpg
2026-07-25 12:20:02 | INFO     | jewelry_detector.image_processor | Tổng thời gian xử lý: 0.02s
2026-07-25 12:20:02 | INFO     | jewelry_detector.image_processor | Kích thước ảnh: 1150 x 767 px
2026-07-25 12:20:02 | INFO     | jewelry_detector.image_processor | Panel pixel (AI): [575, 384, 851, 752]
2026-07-25 12:20:02 | INFO     | jewelry_detector.image_processor | Object pixel (AI): [586, 399, 840, 736]
2026-07-25 12:20:02 | INFO     | jewelry_detector.image_processor | Center pixel: [713, 568]
2026-07-25 12:20:02 | INFO     | jewelry_detector.image_processor | OpenCV panel refine IoU = 0.859
2026-07-25 12:20:02 | INFO     | jewelry_detector.image_processor | Panel refined: [564, 369, 862, 766]
2026-07-25 12:20:02 | INFO     | jewelry_detector.image_processor | Panel refined (OpenCV): [564, 369, 862, 766]
2026-07-25 12:20:02 | INFO     | jewelry_detector.image_processor | Clean panel crop: raw_size=298x397 trim_left=17 trim_top=48 trim_right=0 trim_bottom=2 content_retained=100.0% success=True
2026-07-25 12:20:02 | INFO     | jewelry_detector.image_processor | Trimmed Object (ảnh gốc): [591, 512, 838, 684] | AI bbox gốc: [587,399,839,736]
2026-07-25 12:20:02 | INFO     | jewelry_detector.image_processor | Object refined (OpenCV Trim): [591, 512, 838, 684]
2026-07-25 12:20:02 | INFO     | jewelry_detector.image_processor | Đã lưu ảnh kết quả: 889488_right_result.jpg
2026-07-25 12:20:02 | INFO     | jewelry_detector.image_processor | Tổng thời gian xử lý: 0.01s
2026-07-25 12:20:02 | INFO     | jewelry_detector.image_processor | Kích thước ảnh: 1150 x 767 px
2026-07-25 12:20:02 | INFO     | jewelry_detector.image_processor | Panel pixel (AI): [851, 384, 1127, 752]
2026-07-25 12:20:02 | INFO     | jewelry_detector.image_processor | Object pixel (AI): [862, 399, 1116, 736]
2026-07-25 12:20:02 | INFO     | jewelry_detector.image_processor | Center pixel: [989, 568]
2026-07-25 12:20:02 | INFO     | jewelry_detector.image_processor | OpenCV panel refine IoU = 0.859
2026-07-25 12:20:02 | INFO     | jewelry_detector.image_processor | Panel refined: [840, 369, 1138, 766]
2026-07-25 12:20:02 | INFO     | jewelry_detector.image_processor | Panel refined (OpenCV): [840, 369, 1138, 766]
2026-07-25 12:20:02 | INFO     | jewelry_detector.image_processor | Clean panel crop: raw_size=298x397 trim_left=25 trim_top=48 trim_right=0 trim_bottom=2 content_retained=100.0% success=True
2026-07-25 12:20:02 | INFO     | jewelry_detector.image_processor | Trimmed Object (ảnh gốc): [865, 478, 1122, 742] | AI bbox gốc: [863,399,1115,736]
2026-07-25 12:20:02 | INFO     | jewelry_detector.image_processor | Object refined (OpenCV Trim): [865, 478, 1122, 742]
2026-07-25 12:20:02 | INFO     | jewelry_detector.image_processor | Đã lưu ảnh kết quả: 889488_bottom_result.jpg
2026-07-25 12:20:02 | INFO     | jewelry_detector.image_processor | Tổng thời gian xử lý: 0.02s
2026-07-25 12:20:02 | INFO     | jewelry_detector.image_processor | Kích thước ảnh: 1150 x 767 px
2026-07-25 12:20:02 | INFO     | jewelry_detector.image_processor | Panel pixel (AI): [0, 384, 299, 752]
2026-07-25 12:20:02 | INFO     | jewelry_detector.image_processor | Object pixel (AI): [12, 399, 288, 736]
2026-07-25 12:20:02 | INFO     | jewelry_detector.image_processor | Center pixel: [150, 568]
2026-07-25 12:20:02 | INFO     | jewelry_detector.image_processor | Object refined (OpenCV Trim): [0, 409, 380, 767]
2026-07-25 12:20:02 | INFO     | jewelry_detector.image_processor | Đã lưu ảnh kết quả: 889488_perspective_result.jpg
2026-07-25 12:20:02 | INFO     | jewelry_detector.image_processor | Tổng thời gian xử lý: 0.02s
2026-07-25 12:20:22 | INFO     | jewelry_detector.image_processor | Kích thước ảnh: 1767 x 1176 px
2026-07-25 12:20:22 | INFO     | jewelry_detector.image_processor | Panel pixel (AI): [442, 106, 884, 623]
2026-07-25 12:20:22 | INFO     | jewelry_detector.image_processor | Object pixel (AI): [530, 153, 795, 564]
2026-07-25 12:20:22 | INFO     | jewelry_detector.image_processor | Center pixel: [663, 359]
2026-07-25 12:20:22 | INFO     | jewelry_detector.image_processor | OpenCV panel refine IoU = 0.857
2026-07-25 12:20:22 | INFO     | jewelry_detector.image_processor | Panel refined: [424, 85, 901, 644]
2026-07-25 12:20:22 | INFO     | jewelry_detector.image_processor | Panel refined (OpenCV): [424, 85, 901, 644]
2026-07-25 12:20:22 | INFO     | jewelry_detector.image_processor | Clean panel crop: raw_size=477x559 trim_left=31 trim_top=20 trim_right=14 trim_bottom=8 content_retained=97.7% success=True
2026-07-25 12:20:22 | INFO     | jewelry_detector.image_processor | Trimmed Object (ảnh gốc): [546, 178, 884, 597] | AI bbox gốc: [530,153,795,564]
2026-07-25 12:20:22 | INFO     | jewelry_detector.image_processor | Object refined (OpenCV Trim): [546, 178, 884, 597]
2026-07-25 12:20:22 | INFO     | jewelry_detector.image_processor | Đã lưu ảnh kết quả: 889524-A_front_result.jpg
2026-07-25 12:20:22 | INFO     | jewelry_detector.image_processor | Tổng thời gian xử lý: 0.03s
2026-07-25 12:20:22 | INFO     | jewelry_detector.image_processor | Kích thước ảnh: 1767 x 1176 px
2026-07-25 12:20:22 | INFO     | jewelry_detector.image_processor | Panel pixel (AI): [884, 106, 1325, 623]
2026-07-25 12:20:22 | INFO     | jewelry_detector.image_processor | Object pixel (AI): [972, 153, 1237, 564]
2026-07-25 12:20:22 | INFO     | jewelry_detector.image_processor | Center pixel: [1104, 359]
2026-07-25 12:20:22 | INFO     | jewelry_detector.image_processor | OpenCV panel refine IoU = 0.857
2026-07-25 12:20:22 | INFO     | jewelry_detector.image_processor | Panel refined: [866, 85, 1343, 644]
2026-07-25 12:20:22 | INFO     | jewelry_detector.image_processor | Panel refined (OpenCV): [866, 85, 1343, 644]
2026-07-25 12:20:22 | INFO     | jewelry_detector.image_processor | Clean panel crop: raw_size=477x559 trim_left=24 trim_top=20 trim_right=20 trim_bottom=8 content_retained=99.6% success=True
2026-07-25 12:20:22 | INFO     | jewelry_detector.image_processor | Trimmed Object (ảnh gốc): [1015, 206, 1210, 626] | AI bbox gốc: [972,153,1237,564]
2026-07-25 12:20:22 | INFO     | jewelry_detector.image_processor | Object refined (OpenCV Trim): [1015, 206, 1210, 626]
2026-07-25 12:20:22 | INFO     | jewelry_detector.image_processor | Đã lưu ảnh kết quả: 889524-A_left_result.jpg
2026-07-25 12:20:22 | INFO     | jewelry_detector.image_processor | Tổng thời gian xử lý: 0.03s
2026-07-25 12:20:22 | INFO     | jewelry_detector.image_processor | Kích thước ảnh: 1767 x 1176 px
2026-07-25 12:20:22 | INFO     | jewelry_detector.image_processor | Panel pixel (AI): [1325, 106, 1767, 623]
2026-07-25 12:20:22 | INFO     | jewelry_detector.image_processor | Object pixel (AI): [1414, 153, 1679, 564]
2026-07-25 12:20:22 | INFO     | jewelry_detector.image_processor | Center pixel: [1546, 359]
2026-07-25 12:20:22 | INFO     | jewelry_detector.image_processor | OpenCV panel refine IoU = 0.891
2026-07-25 12:20:22 | INFO     | jewelry_detector.image_processor | Panel refined: [1308, 85, 1767, 644]
2026-07-25 12:20:22 | INFO     | jewelry_detector.image_processor | Panel refined (OpenCV): [1308, 85, 1767, 644]
2026-07-25 12:20:22 | INFO     | jewelry_detector.image_processor | Clean panel crop: raw_size=459x559 trim_left=18 trim_top=20 trim_right=8 trim_bottom=8 content_retained=99.8% success=True
2026-07-25 12:20:22 | INFO     | jewelry_detector.image_processor | Trimmed Object (ảnh gốc): [1381, 273, 1667, 458] | AI bbox gốc: [1414,153,1679,564]
2026-07-25 12:20:22 | INFO     | jewelry_detector.image_processor | Object refined (OpenCV Trim): [1381, 273, 1667, 458]
2026-07-25 12:20:22 | INFO     | jewelry_detector.image_processor | Đã lưu ảnh kết quả: 889524-A_top_result.jpg
2026-07-25 12:20:22 | INFO     | jewelry_detector.image_processor | Tổng thời gian xử lý: 0.03s
2026-07-25 12:20:22 | INFO     | jewelry_detector.image_processor | Kích thước ảnh: 1767 x 1176 px
2026-07-25 12:20:22 | INFO     | jewelry_detector.image_processor | Panel pixel (AI): [442, 623, 884, 1141]
2026-07-25 12:20:22 | INFO     | jewelry_detector.image_processor | Object pixel (AI): [530, 670, 795, 1082]
2026-07-25 12:20:22 | INFO     | jewelry_detector.image_processor | Center pixel: [663, 876]
2026-07-25 12:20:22 | INFO     | jewelry_detector.image_processor | OpenCV panel refine IoU = 0.859
2026-07-25 12:20:22 | INFO     | jewelry_detector.image_processor | Panel refined: [424, 603, 901, 1161]
2026-07-25 12:20:22 | INFO     | jewelry_detector.image_processor | Panel refined (OpenCV): [424, 603, 901, 1161]
2026-07-25 12:20:22 | INFO     | jewelry_detector.image_processor | Clean panel crop: raw_size=477x558 trim_left=31 trim_top=36 trim_right=14 trim_bottom=0 content_retained=99.6% success=True
2026-07-25 12:20:22 | INFO     | jewelry_detector.image_processor | Trimmed Object (ảnh gốc): [455, 673, 808, 1095] | AI bbox gốc: [530,670,795,1082]
2026-07-25 12:20:22 | INFO     | jewelry_detector.image_processor | Object refined (OpenCV Trim): [455, 673, 808, 1095]
2026-07-25 12:20:22 | INFO     | jewelry_detector.image_processor | Đã lưu ảnh kết quả: 889524-A_back_result.jpg
2026-07-25 12:20:22 | INFO     | jewelry_detector.image_processor | Tổng thời gian xử lý: 0.03s
2026-07-25 12:20:22 | INFO     | jewelry_detector.image_processor | Kích thước ảnh: 1767 x 1176 px
2026-07-25 12:20:22 | INFO     | jewelry_detector.image_processor | Panel pixel (AI): [884, 623, 1325, 1141]
2026-07-25 12:20:22 | INFO     | jewelry_detector.image_processor | Object pixel (AI): [972, 670, 1237, 1082]
2026-07-25 12:20:22 | INFO     | jewelry_detector.image_processor | Center pixel: [1104, 876]
2026-07-25 12:20:22 | INFO     | jewelry_detector.image_processor | OpenCV panel refine IoU = 0.859
2026-07-25 12:20:22 | INFO     | jewelry_detector.image_processor | Panel refined: [866, 603, 1343, 1161]
2026-07-25 12:20:22 | INFO     | jewelry_detector.image_processor | Panel refined (OpenCV): [866, 603, 1343, 1161]
2026-07-25 12:20:22 | INFO     | jewelry_detector.image_processor | Clean panel crop: raw_size=477x558 trim_left=24 trim_top=36 trim_right=20 trim_bottom=0 content_retained=98.2% success=True
2026-07-25 12:20:22 | INFO     | jewelry_detector.image_processor | Trimmed Object (ảnh gốc): [1018, 689, 1201, 1081] | AI bbox gốc: [972,670,1237,1082]
2026-07-25 12:20:22 | INFO     | jewelry_detector.image_processor | Object refined (OpenCV Trim): [1018, 689, 1201, 1081]
2026-07-25 12:20:22 | INFO     | jewelry_detector.image_processor | Đã lưu ảnh kết quả: 889524-A_right_result.jpg
2026-07-25 12:20:22 | INFO     | jewelry_detector.image_processor | Tổng thời gian xử lý: 0.03s
2026-07-25 12:20:22 | INFO     | jewelry_detector.image_processor | Kích thước ảnh: 1767 x 1176 px
2026-07-25 12:20:22 | INFO     | jewelry_detector.image_processor | Panel pixel (AI): [1325, 623, 1767, 1141]
2026-07-25 12:20:22 | INFO     | jewelry_detector.image_processor | Object pixel (AI): [1414, 670, 1679, 1082]
2026-07-25 12:20:22 | INFO     | jewelry_detector.image_processor | Center pixel: [1546, 876]
2026-07-25 12:20:22 | INFO     | jewelry_detector.image_processor | OpenCV panel refine IoU = 0.892
2026-07-25 12:20:22 | INFO     | jewelry_detector.image_processor | Panel refined: [1308, 603, 1767, 1161]
2026-07-25 12:20:22 | INFO     | jewelry_detector.image_processor | Panel refined (OpenCV): [1308, 603, 1767, 1161]
2026-07-25 12:20:22 | INFO     | jewelry_detector.image_processor | Clean panel crop: raw_size=459x558 trim_left=18 trim_top=36 trim_right=8 trim_bottom=0 content_retained=99.7% success=True
2026-07-25 12:20:22 | INFO     | jewelry_detector.image_processor | Trimmed Object (ảnh gốc): [1416, 786, 1685, 950] | AI bbox gốc: [1414,670,1679,1082]
2026-07-25 12:20:22 | INFO     | jewelry_detector.image_processor | Object refined (OpenCV Trim): [1416, 786, 1685, 950]
2026-07-25 12:20:22 | INFO     | jewelry_detector.image_processor | Đã lưu ảnh kết quả: 889524-A_bottom_result.jpg
2026-07-25 12:20:22 | INFO     | jewelry_detector.image_processor | Tổng thời gian xử lý: 0.03s
2026-07-25 12:20:22 | INFO     | jewelry_detector.image_processor | Kích thước ảnh: 1767 x 1176 px
2026-07-25 12:20:22 | INFO     | jewelry_detector.image_processor | Panel pixel (AI): [0, 623, 442, 1141]
2026-07-25 12:20:22 | INFO     | jewelry_detector.image_processor | Object pixel (AI): [35, 670, 353, 1082]
2026-07-25 12:20:22 | INFO     | jewelry_detector.image_processor | Center pixel: [194, 876]
2026-07-25 12:20:22 | INFO     | jewelry_detector.image_processor | Object refined (OpenCV Trim): [9, 622, 494, 1165]
2026-07-25 12:20:22 | INFO     | jewelry_detector.image_processor | Đã lưu ảnh kết quả: 889524-A_perspective_result.jpg
2026-07-25 12:20:22 | INFO     | jewelry_detector.image_processor | Tổng thời gian xử lý: 0.03s
2026-07-25 12:20:36 | INFO     | jewelry_detector.image_processor | Kích thước ảnh: 1744 x 1165 px
2026-07-25 12:20:36 | INFO     | jewelry_detector.image_processor | Panel pixel (AI): [453, 105, 837, 606]
2026-07-25 12:20:36 | INFO     | jewelry_detector.image_processor | Object pixel (AI): [593, 175, 698, 548]
2026-07-25 12:20:36 | INFO     | jewelry_detector.image_processor | Center pixel: [645, 361]
2026-07-25 12:20:36 | INFO     | jewelry_detector.image_processor | OpenCV panel refine IoU = 0.858
2026-07-25 12:20:36 | INFO     | jewelry_detector.image_processor | Panel refined: [438, 85, 852, 626]
2026-07-25 12:20:36 | INFO     | jewelry_detector.image_processor | Panel refined (OpenCV): [438, 85, 852, 626]
2026-07-25 12:20:36 | INFO     | jewelry_detector.image_processor | Clean panel crop: raw_size=414x541 trim_left=14 trim_top=20 trim_right=0 trim_bottom=0 content_retained=99.2% success=True
2026-07-25 12:20:36 | INFO     | jewelry_detector.image_processor | Trimmed Object (ảnh gốc): [581, 188, 748, 599] | AI bbox gốc: [593,175,698,548]
2026-07-25 12:20:36 | INFO     | jewelry_detector.image_processor | Object refined (OpenCV Trim): [581, 188, 748, 599]
2026-07-25 12:20:36 | INFO     | jewelry_detector.image_processor | Đã lưu ảnh kết quả: 889525_front_result.jpg
2026-07-25 12:20:36 | INFO     | jewelry_detector.image_processor | Tổng thời gian xử lý: 0.03s
2026-07-25 12:20:36 | INFO     | jewelry_detector.image_processor | Kích thước ảnh: 1744 x 1165 px
2026-07-25 12:20:36 | INFO     | jewelry_detector.image_processor | Panel pixel (AI): [872, 105, 1256, 606]
2026-07-25 12:20:36 | INFO     | jewelry_detector.image_processor | Object pixel (AI): [994, 175, 1203, 548]
2026-07-25 12:20:36 | INFO     | jewelry_detector.image_processor | Center pixel: [1099, 361]
2026-07-25 12:20:36 | INFO     | jewelry_detector.image_processor | OpenCV panel refine IoU = 0.858
2026-07-25 12:20:36 | INFO     | jewelry_detector.image_processor | Panel refined: [857, 85, 1271, 626]
2026-07-25 12:20:36 | INFO     | jewelry_detector.image_processor | Panel refined (OpenCV): [857, 85, 1271, 626]
2026-07-25 12:20:36 | INFO     | jewelry_detector.image_processor | Clean panel crop: raw_size=414x541 trim_left=23 trim_top=20 trim_right=0 trim_bottom=0 content_retained=100.0% success=True
2026-07-25 12:20:36 | INFO     | jewelry_detector.image_processor | Trimmed Object (ảnh gốc): [921, 160, 1271, 611] | AI bbox gốc: [994,175,1203,548]
2026-07-25 12:20:36 | INFO     | jewelry_detector.image_processor | Object refined (OpenCV Trim): [921, 160, 1271, 611]
2026-07-25 12:20:36 | INFO     | jewelry_detector.image_processor | Đã lưu ảnh kết quả: 889525_left_result.jpg
2026-07-25 12:20:36 | INFO     | jewelry_detector.image_processor | Tổng thời gian xử lý: 0.04s
2026-07-25 12:20:36 | INFO     | jewelry_detector.image_processor | Kích thước ảnh: 1744 x 1165 px
2026-07-25 12:20:36 | INFO     | jewelry_detector.image_processor | Panel pixel (AI): [1291, 105, 1674, 606]
2026-07-25 12:20:36 | INFO     | jewelry_detector.image_processor | Object pixel (AI): [1413, 175, 1570, 548]
2026-07-25 12:20:36 | INFO     | jewelry_detector.image_processor | Center pixel: [1491, 361]
2026-07-25 12:20:36 | INFO     | jewelry_detector.image_processor | OpenCV panel refine IoU = 0.856
2026-07-25 12:20:36 | INFO     | jewelry_detector.image_processor | Panel refined: [1275, 85, 1690, 626]
2026-07-25 12:20:36 | INFO     | jewelry_detector.image_processor | Panel refined (OpenCV): [1275, 85, 1690, 626]
2026-07-25 12:20:36 | INFO     | jewelry_detector.image_processor | Clean panel crop: raw_size=415x541 trim_left=33 trim_top=20 trim_right=0 trim_bottom=0 content_retained=100.0% success=True
2026-07-25 12:20:36 | INFO     | jewelry_detector.image_processor | Trimmed Object (ảnh gốc): [1436, 188, 1602, 513] | AI bbox gốc: [1413,175,1570,548]
2026-07-25 12:20:36 | INFO     | jewelry_detector.image_processor | Object refined (OpenCV Trim): [1436, 188, 1602, 513]
2026-07-25 12:20:36 | INFO     | jewelry_detector.image_processor | Đã lưu ảnh kết quả: 889525_top_result.jpg
2026-07-25 12:20:36 | INFO     | jewelry_detector.image_processor | Tổng thời gian xử lý: 0.03s
2026-07-25 12:20:36 | INFO     | jewelry_detector.image_processor | Kích thước ảnh: 1744 x 1165 px
2026-07-25 12:20:36 | INFO     | jewelry_detector.image_processor | Panel pixel (AI): [453, 606, 837, 1095]
2026-07-25 12:20:36 | INFO     | jewelry_detector.image_processor | Object pixel (AI): [593, 676, 698, 1048]
2026-07-25 12:20:36 | INFO     | jewelry_detector.image_processor | Center pixel: [645, 862]
2026-07-25 12:20:36 | INFO     | jewelry_detector.image_processor | OpenCV panel refine IoU = 0.857
2026-07-25 12:20:36 | INFO     | jewelry_detector.image_processor | Panel refined: [438, 586, 852, 1115]
2026-07-25 12:20:36 | INFO     | jewelry_detector.image_processor | Panel refined (OpenCV): [438, 586, 852, 1115]
2026-07-25 12:20:36 | INFO     | jewelry_detector.image_processor | Clean panel crop: raw_size=414x529 trim_left=14 trim_top=44 trim_right=0 trim_bottom=0 content_retained=99.8% success=True
2026-07-25 12:20:36 | INFO     | jewelry_detector.image_processor | Trimmed Object (ảnh gốc): [565, 665, 732, 1079] | AI bbox gốc: [593,676,698,1048]
2026-07-25 12:20:36 | INFO     | jewelry_detector.image_processor | Object refined (OpenCV Trim): [565, 665, 732, 1079]
2026-07-25 12:20:36 | INFO     | jewelry_detector.image_processor | Đã lưu ảnh kết quả: 889525_back_result.jpg
2026-07-25 12:20:36 | INFO     | jewelry_detector.image_processor | Tổng thời gian xử lý: 0.03s
2026-07-25 12:20:36 | INFO     | jewelry_detector.image_processor | Kích thước ảnh: 1744 x 1165 px
2026-07-25 12:20:36 | INFO     | jewelry_detector.image_processor | Panel pixel (AI): [872, 606, 1256, 1095]
2026-07-25 12:20:36 | INFO     | jewelry_detector.image_processor | Object pixel (AI): [994, 676, 1203, 1048]
2026-07-25 12:20:36 | INFO     | jewelry_detector.image_processor | Center pixel: [1099, 862]
2026-07-25 12:20:36 | INFO     | jewelry_detector.image_processor | OpenCV panel refine IoU = 0.857
2026-07-25 12:20:36 | INFO     | jewelry_detector.image_processor | Panel refined: [857, 586, 1271, 1115]
2026-07-25 12:20:36 | INFO     | jewelry_detector.image_processor | Panel refined (OpenCV): [857, 586, 1271, 1115]
2026-07-25 12:20:36 | INFO     | jewelry_detector.image_processor | Clean panel crop: raw_size=414x529 trim_left=23 trim_top=44 trim_right=0 trim_bottom=0 content_retained=100.0% success=True
2026-07-25 12:20:36 | INFO     | jewelry_detector.image_processor | Trimmed Object (ảnh gốc): [899, 673, 1259, 1094] | AI bbox gốc: [994,676,1203,1048]
2026-07-25 12:20:36 | INFO     | jewelry_detector.image_processor | Object refined (OpenCV Trim): [899, 673, 1259, 1094]
2026-07-25 12:20:36 | INFO     | jewelry_detector.image_processor | Đã lưu ảnh kết quả: 889525_right_result.jpg
2026-07-25 12:20:36 | INFO     | jewelry_detector.image_processor | Tổng thời gian xử lý: 0.03s
2026-07-25 12:20:36 | INFO     | jewelry_detector.image_processor | Kích thước ảnh: 1744 x 1165 px
2026-07-25 12:20:36 | INFO     | jewelry_detector.image_processor | Panel pixel (AI): [1291, 606, 1674, 1095]
2026-07-25 12:20:36 | INFO     | jewelry_detector.image_processor | Object pixel (AI): [1413, 676, 1570, 1048]
2026-07-25 12:20:36 | INFO     | jewelry_detector.image_processor | Center pixel: [1491, 862]
2026-07-25 12:20:36 | INFO     | jewelry_detector.image_processor | OpenCV panel refine IoU = 0.855
2026-07-25 12:20:36 | INFO     | jewelry_detector.image_processor | Panel refined: [1275, 586, 1690, 1115]
2026-07-25 12:20:36 | INFO     | jewelry_detector.image_processor | Panel refined (OpenCV): [1275, 586, 1690, 1115]
2026-07-25 12:20:36 | INFO     | jewelry_detector.image_processor | Clean panel crop: raw_size=415x529 trim_left=33 trim_top=44 trim_right=0 trim_bottom=0 content_retained=100.0% success=True
2026-07-25 12:20:36 | INFO     | jewelry_detector.image_processor | Trimmed Object (ảnh gốc): [1421, 630, 1621, 1089] | AI bbox gốc: [1413,676,1570,1048]
2026-07-25 12:20:36 | INFO     | jewelry_detector.image_processor | Object refined (OpenCV Trim): [1421, 630, 1621, 1089]
2026-07-25 12:20:36 | INFO     | jewelry_detector.image_processor | Đã lưu ảnh kết quả: 889525_bottom_result.jpg
2026-07-25 12:20:36 | INFO     | jewelry_detector.image_processor | Tổng thời gian xử lý: 0.03s
2026-07-25 12:20:36 | INFO     | jewelry_detector.image_processor | Kích thước ảnh: 1744 x 1165 px
2026-07-25 12:20:36 | INFO     | jewelry_detector.image_processor | Panel pixel (AI): [0, 606, 453, 1095]
2026-07-25 12:20:36 | INFO     | jewelry_detector.image_processor | Object pixel (AI): [87, 699, 314, 1025]
2026-07-25 12:20:36 | INFO     | jewelry_detector.image_processor | Center pixel: [201, 862]
2026-07-25 12:20:36 | INFO     | jewelry_detector.image_processor | Object refined (OpenCV Trim): [12, 614, 423, 1052]
2026-07-25 12:20:36 | INFO     | jewelry_detector.image_processor | Đã lưu ảnh kết quả: 889525_perspective_result.jpg
2026-07-25 12:20:36 | INFO     | jewelry_detector.image_processor | Tổng thời gian xử lý: 0.03s
2026-07-25 12:20:49 | INFO     | jewelry_detector.image_processor | Kích thước ảnh: 1745 x 1164 px
2026-07-25 12:20:49 | INFO     | jewelry_detector.image_processor | Panel pixel (AI): [454, 105, 872, 617]
2026-07-25 12:20:49 | INFO     | jewelry_detector.image_processor | Object pixel (AI): [489, 151, 838, 570]
2026-07-25 12:20:49 | INFO     | jewelry_detector.image_processor | Center pixel: [663, 361]
2026-07-25 12:20:49 | INFO     | jewelry_detector.image_processor | OpenCV panel refine IoU = 0.890
2026-07-25 12:20:49 | INFO     | jewelry_detector.image_processor | Panel refined: [437, 106, 889, 637]
2026-07-25 12:20:49 | INFO     | jewelry_detector.image_processor | Panel refined (OpenCV): [437, 106, 889, 637]
2026-07-25 12:20:49 | INFO     | jewelry_detector.image_processor | Clean panel crop: raw_size=452x531 trim_left=16 trim_top=3 trim_right=11 trim_bottom=6 content_retained=99.2% success=True
2026-07-25 12:20:49 | INFO     | jewelry_detector.image_processor | Trimmed Object (ảnh gốc): [486, 197, 834, 571] | AI bbox gốc: [489,151,838,570]
2026-07-25 12:20:49 | INFO     | jewelry_detector.image_processor | Object refined (OpenCV Trim): [486, 197, 834, 571]
2026-07-25 12:20:49 | INFO     | jewelry_detector.image_processor | Đã lưu ảnh kết quả: 889526-S52_front_result.jpg
2026-07-25 12:20:49 | INFO     | jewelry_detector.image_processor | Tổng thời gian xử lý: 0.03s
2026-07-25 12:20:49 | INFO     | jewelry_detector.image_processor | Kích thước ảnh: 1745 x 1164 px
2026-07-25 12:20:49 | INFO     | jewelry_detector.image_processor | Panel pixel (AI): [872, 105, 1291, 617]
2026-07-25 12:20:49 | INFO     | jewelry_detector.image_processor | Object pixel (AI): [907, 151, 1256, 570]
2026-07-25 12:20:49 | INFO     | jewelry_detector.image_processor | Center pixel: [1082, 361]
2026-07-25 12:20:49 | INFO     | jewelry_detector.image_processor | OpenCV panel refine IoU = 0.890
2026-07-25 12:20:49 | INFO     | jewelry_detector.image_processor | Panel refined: [856, 106, 1308, 637]
2026-07-25 12:20:49 | INFO     | jewelry_detector.image_processor | Panel refined (OpenCV): [856, 106, 1308, 637]
2026-07-25 12:20:49 | INFO     | jewelry_detector.image_processor | Clean panel crop: raw_size=452x531 trim_left=25 trim_top=3 trim_right=2 trim_bottom=6 content_retained=100.0% success=True
2026-07-25 12:20:49 | INFO     | jewelry_detector.image_processor | Trimmed Object (ảnh gốc): [1011, 174, 1173, 546] | AI bbox gốc: [907,151,1256,570]
2026-07-25 12:20:49 | INFO     | jewelry_detector.image_processor | Object refined (OpenCV Trim): [1011, 174, 1173, 546]
2026-07-25 12:20:49 | INFO     | jewelry_detector.image_processor | Đã lưu ảnh kết quả: 889526-S52_left_result.jpg
2026-07-25 12:20:49 | INFO     | jewelry_detector.image_processor | Tổng thời gian xử lý: 0.03s
2026-07-25 12:20:49 | INFO     | jewelry_detector.image_processor | Kích thước ảnh: 1745 x 1164 px
2026-07-25 12:20:49 | INFO     | jewelry_detector.image_processor | Panel pixel (AI): [1291, 105, 1710, 617]
2026-07-25 12:20:49 | INFO     | jewelry_detector.image_processor | Object pixel (AI): [1326, 151, 1675, 570]
2026-07-25 12:20:49 | INFO     | jewelry_detector.image_processor | Center pixel: [1501, 361]
2026-07-25 12:20:49 | INFO     | jewelry_detector.image_processor | OpenCV panel refine IoU = 0.890
2026-07-25 12:20:49 | INFO     | jewelry_detector.image_processor | Panel refined: [1275, 106, 1727, 637]
2026-07-25 12:20:49 | INFO     | jewelry_detector.image_processor | Panel refined (OpenCV): [1275, 106, 1727, 637]
2026-07-25 12:20:49 | INFO     | jewelry_detector.image_processor | Clean panel crop: raw_size=452x531 trim_left=34 trim_top=3 trim_right=0 trim_bottom=6 content_retained=100.0% success=True
2026-07-25 12:20:49 | INFO     | jewelry_detector.image_processor | Trimmed Object (ảnh gốc): [1337, 279, 1727, 423] | AI bbox gốc: [1326,151,1675,570]
2026-07-25 12:20:49 | INFO     | jewelry_detector.image_processor | Object refined (OpenCV Trim): [1337, 279, 1727, 423]
2026-07-25 12:20:49 | INFO     | jewelry_detector.image_processor | Đã lưu ảnh kết quả: 889526-S52_top_result.jpg
2026-07-25 12:20:49 | INFO     | jewelry_detector.image_processor | Tổng thời gian xử lý: 0.03s
2026-07-25 12:20:49 | INFO     | jewelry_detector.image_processor | Kích thước ảnh: 1745 x 1164 px
2026-07-25 12:20:49 | INFO     | jewelry_detector.image_processor | Panel pixel (AI): [454, 617, 872, 1129]
2026-07-25 12:20:49 | INFO     | jewelry_detector.image_processor | Object pixel (AI): [489, 663, 838, 1083]
2026-07-25 12:20:49 | INFO     | jewelry_detector.image_processor | Center pixel: [663, 873]
2026-07-25 12:20:49 | INFO     | jewelry_detector.image_processor | OpenCV panel refine IoU = 0.857
2026-07-25 12:20:49 | INFO     | jewelry_detector.image_processor | Panel refined: [437, 596, 889, 1150]
2026-07-25 12:20:49 | INFO     | jewelry_detector.image_processor | Panel refined (OpenCV): [437, 596, 889, 1150]
2026-07-25 12:20:49 | INFO     | jewelry_detector.image_processor | Clean panel crop: raw_size=452x554 trim_left=16 trim_top=38 trim_right=11 trim_bottom=0 content_retained=99.8% success=True
2026-07-25 12:20:49 | INFO     | jewelry_detector.image_processor | Trimmed Object (ảnh gốc): [488, 702, 844, 1085] | AI bbox gốc: [489,663,838,1083]
2026-07-25 12:20:49 | INFO     | jewelry_detector.image_processor | Object refined (OpenCV Trim): [488, 702, 844, 1085]
2026-07-25 12:20:49 | INFO     | jewelry_detector.image_processor | Đã lưu ảnh kết quả: 889526-S52_back_result.jpg
2026-07-25 12:20:49 | INFO     | jewelry_detector.image_processor | Tổng thời gian xử lý: 0.03s
2026-07-25 12:20:49 | INFO     | jewelry_detector.image_processor | Kích thước ảnh: 1745 x 1164 px
2026-07-25 12:20:49 | INFO     | jewelry_detector.image_processor | Panel pixel (AI): [872, 617, 1291, 1129]
2026-07-25 12:20:49 | INFO     | jewelry_detector.image_processor | Object pixel (AI): [907, 663, 1256, 1083]
2026-07-25 12:20:49 | INFO     | jewelry_detector.image_processor | Center pixel: [1082, 873]
2026-07-25 12:20:49 | INFO     | jewelry_detector.image_processor | OpenCV panel refine IoU = 0.857
2026-07-25 12:20:49 | INFO     | jewelry_detector.image_processor | Panel refined: [856, 596, 1308, 1150]
2026-07-25 12:20:49 | INFO     | jewelry_detector.image_processor | Panel refined (OpenCV): [856, 596, 1308, 1150]
2026-07-25 12:20:49 | INFO     | jewelry_detector.image_processor | Clean panel crop: raw_size=452x554 trim_left=25 trim_top=38 trim_right=2 trim_bottom=0 content_retained=100.0% success=True
2026-07-25 12:20:49 | INFO     | jewelry_detector.image_processor | Trimmed Object (ảnh gốc): [1012, 687, 1171, 1049] | AI bbox gốc: [907,663,1256,1083]
2026-07-25 12:20:49 | INFO     | jewelry_detector.image_processor | Object refined (OpenCV Trim): [1012, 687, 1171, 1049]
2026-07-25 12:20:49 | INFO     | jewelry_detector.image_processor | Đã lưu ảnh kết quả: 889526-S52_right_result.jpg
2026-07-25 12:20:49 | INFO     | jewelry_detector.image_processor | Tổng thời gian xử lý: 0.03s
2026-07-25 12:20:49 | INFO     | jewelry_detector.image_processor | Kích thước ảnh: 1745 x 1164 px
2026-07-25 12:20:49 | INFO     | jewelry_detector.image_processor | Panel pixel (AI): [1291, 617, 1710, 1129]
2026-07-25 12:20:49 | INFO     | jewelry_detector.image_processor | Object pixel (AI): [1326, 663, 1675, 1083]
2026-07-25 12:20:49 | INFO     | jewelry_detector.image_processor | Center pixel: [1501, 873]
2026-07-25 12:20:49 | INFO     | jewelry_detector.image_processor | OpenCV panel refine IoU = 0.857
2026-07-25 12:20:49 | INFO     | jewelry_detector.image_processor | Panel refined: [1275, 596, 1727, 1150]
2026-07-25 12:20:49 | INFO     | jewelry_detector.image_processor | Panel refined (OpenCV): [1275, 596, 1727, 1150]
2026-07-25 12:20:49 | INFO     | jewelry_detector.image_processor | Clean panel crop: raw_size=452x554 trim_left=34 trim_top=38 trim_right=0 trim_bottom=0 content_retained=100.0% success=True
2026-07-25 12:20:49 | INFO     | jewelry_detector.image_processor | Trimmed Object (ảnh gốc): [1337, 811, 1727, 955] | AI bbox gốc: [1326,663,1675,1083]
2026-07-25 12:20:49 | INFO     | jewelry_detector.image_processor | Object refined (OpenCV Trim): [1337, 811, 1727, 955]
2026-07-25 12:20:49 | INFO     | jewelry_detector.image_processor | Đã lưu ảnh kết quả: 889526-S52_bottom_result.jpg
2026-07-25 12:20:49 | INFO     | jewelry_detector.image_processor | Tổng thời gian xử lý: 0.03s
2026-07-25 12:20:49 | INFO     | jewelry_detector.image_processor | Kích thước ảnh: 1745 x 1164 px
2026-07-25 12:20:49 | INFO     | jewelry_detector.image_processor | Panel pixel (AI): [0, 617, 454, 1129]
2026-07-25 12:20:49 | INFO     | jewelry_detector.image_processor | Object pixel (AI): [35, 663, 419, 1083]
2026-07-25 12:20:49 | INFO     | jewelry_detector.image_processor | Center pixel: [227, 873]
2026-07-25 12:20:49 | INFO     | jewelry_detector.image_processor | Object refined (OpenCV Trim): [13, 618, 558, 1153]
2026-07-25 12:20:49 | INFO     | jewelry_detector.image_processor | Đã lưu ảnh kết quả: 889526-S52_perspective_result.jpg
2026-07-25 12:20:49 | INFO     | jewelry_detector.image_processor | Tổng thời gian xử lý: 0.03s
2026-07-25 12:21:03 | INFO     | jewelry_detector.image_processor | Kích thước ảnh: 1835 x 1230 px
2026-07-25 12:21:03 | INFO     | jewelry_detector.image_processor | Panel pixel (AI): [459, 111, 918, 652]
2026-07-25 12:21:03 | INFO     | jewelry_detector.image_processor | Object pixel (AI): [606, 184, 771, 554]
2026-07-25 12:21:03 | INFO     | jewelry_detector.image_processor | Center pixel: [688, 369]
2026-07-25 12:21:03 | INFO     | jewelry_detector.image_processor | OpenCV panel refine IoU = 0.856
2026-07-25 12:21:03 | INFO     | jewelry_detector.image_processor | Panel refined: [440, 89, 936, 674]
2026-07-25 12:21:03 | INFO     | jewelry_detector.image_processor | Panel refined (OpenCV): [440, 89, 936, 674]
2026-07-25 12:21:03 | INFO     | jewelry_detector.image_processor | Clean panel crop: raw_size=496x585 trim_left=34 trim_top=24 trim_right=13 trim_bottom=10 content_retained=96.0% success=True
2026-07-25 12:21:03 | INFO     | jewelry_detector.image_processor | Trimmed Object (ảnh gốc): [592, 259, 800, 580] | AI bbox gốc: [606,185,771,553]
2026-07-25 12:21:03 | INFO     | jewelry_detector.image_processor | Object refined (OpenCV Trim): [592, 259, 800, 580]
2026-07-25 12:21:03 | INFO     | jewelry_detector.image_processor | Đã lưu ảnh kết quả: FINE23.COMP40_DI_12142022_front_result.jpg
2026-07-25 12:21:03 | INFO     | jewelry_detector.image_processor | Tổng thời gian xử lý: 0.03s
2026-07-25 12:21:03 | INFO     | jewelry_detector.image_processor | Kích thước ảnh: 1835 x 1230 px
2026-07-25 12:21:03 | INFO     | jewelry_detector.image_processor | Panel pixel (AI): [918, 111, 1376, 652]
2026-07-25 12:21:03 | INFO     | jewelry_detector.image_processor | Object pixel (AI): [1064, 184, 1248, 554]
2026-07-25 12:21:03 | INFO     | jewelry_detector.image_processor | Center pixel: [1156, 369]
2026-07-25 12:21:03 | INFO     | jewelry_detector.image_processor | OpenCV panel refine IoU = 0.888
2026-07-25 12:21:03 | INFO     | jewelry_detector.image_processor | Panel refined: [899, 110, 1395, 674]
2026-07-25 12:21:03 | INFO     | jewelry_detector.image_processor | Panel refined (OpenCV): [899, 110, 1395, 674]
2026-07-25 12:21:03 | INFO     | jewelry_detector.image_processor | Clean panel crop: raw_size=496x564 trim_left=27 trim_top=3 trim_right=20 trim_bottom=10 content_retained=99.8% success=True
2026-07-25 12:21:03 | INFO     | jewelry_detector.image_processor | Trimmed Object (ảnh gốc): [1032, 266, 1320, 635] | AI bbox gốc: [1064,185,1248,553]
2026-07-25 12:21:03 | INFO     | jewelry_detector.image_processor | Object refined (OpenCV Trim): [1032, 266, 1320, 635]
2026-07-25 12:21:03 | INFO     | jewelry_detector.image_processor | Đã lưu ảnh kết quả: FINE23.COMP40_DI_12142022_left_result.jpg
2026-07-25 12:21:03 | INFO     | jewelry_detector.image_processor | Tổng thời gian xử lý: 0.04s
2026-07-25 12:21:03 | INFO     | jewelry_detector.image_processor | Kích thước ảnh: 1835 x 1230 px
2026-07-25 12:21:03 | INFO     | jewelry_detector.image_processor | Panel pixel (AI): [1376, 111, 1835, 652]
2026-07-25 12:21:03 | INFO     | jewelry_detector.image_processor | Object pixel (AI): [1523, 184, 1707, 554]
2026-07-25 12:21:03 | INFO     | jewelry_detector.image_processor | Center pixel: [1615, 369]
2026-07-25 12:21:03 | INFO     | jewelry_detector.image_processor | OpenCV panel refine IoU = 0.890
2026-07-25 12:21:03 | INFO     | jewelry_detector.image_processor | Panel refined: [1358, 89, 1835, 674]
2026-07-25 12:21:03 | INFO     | jewelry_detector.image_processor | Panel refined (OpenCV): [1358, 89, 1835, 674]
2026-07-25 12:21:03 | INFO     | jewelry_detector.image_processor | Clean panel crop: raw_size=477x585 trim_left=20 trim_top=24 trim_right=8 trim_bottom=10 content_retained=94.1% success=True
2026-07-25 12:21:03 | INFO     | jewelry_detector.image_processor | Trimmed Object (ảnh gốc): [1498, 285, 1681, 559] | AI bbox gốc: [1523,185,1707,553]
2026-07-25 12:21:03 | INFO     | jewelry_detector.image_processor | Object refined (OpenCV Trim): [1498, 285, 1681, 559]
2026-07-25 12:21:03 | INFO     | jewelry_detector.image_processor | Đã lưu ảnh kết quả: FINE23.COMP40_DI_12142022_top_result.jpg
2026-07-25 12:21:03 | INFO     | jewelry_detector.image_processor | Tổng thời gian xử lý: 0.04s
2026-07-25 12:21:03 | INFO     | jewelry_detector.image_processor | Kích thước ảnh: 1835 x 1230 px
2026-07-25 12:21:03 | INFO     | jewelry_detector.image_processor | Panel pixel (AI): [459, 652, 918, 1193]
2026-07-25 12:21:03 | INFO     | jewelry_detector.image_processor | Object pixel (AI): [606, 738, 771, 1082]
2026-07-25 12:21:03 | INFO     | jewelry_detector.image_processor | Center pixel: [688, 910]
2026-07-25 12:21:03 | INFO     | jewelry_detector.image_processor | OpenCV panel refine IoU = 0.856
2026-07-25 12:21:03 | INFO     | jewelry_detector.image_processor | Panel refined: [440, 630, 936, 1215]
2026-07-25 12:21:03 | INFO     | jewelry_detector.image_processor | Panel refined (OpenCV): [440, 630, 936, 1215]
2026-07-25 12:21:03 | INFO     | jewelry_detector.image_processor | Clean panel crop: raw_size=496x585 trim_left=34 trim_top=37 trim_right=13 trim_bottom=0 content_retained=99.5% success=True
2026-07-25 12:21:03 | INFO     | jewelry_detector.image_processor | Trimmed Object (ảnh gốc): [596, 829, 792, 1153] | AI bbox gốc: [606,738,771,1082]
2026-07-25 12:21:03 | INFO     | jewelry_detector.image_processor | Object refined (OpenCV Trim): [596, 829, 792, 1153]
2026-07-25 12:21:03 | INFO     | jewelry_detector.image_processor | Đã lưu ảnh kết quả: FINE23.COMP40_DI_12142022_back_result.jpg
2026-07-25 12:21:03 | INFO     | jewelry_detector.image_processor | Tổng thời gian xử lý: 0.03s
2026-07-25 12:21:03 | INFO     | jewelry_detector.image_processor | Kích thước ảnh: 1835 x 1230 px
2026-07-25 12:21:03 | INFO     | jewelry_detector.image_processor | Panel pixel (AI): [918, 652, 1376, 1193]
2026-07-25 12:21:03 | INFO     | jewelry_detector.image_processor | Object pixel (AI): [1064, 738, 1248, 1082]
2026-07-25 12:21:03 | INFO     | jewelry_detector.image_processor | Center pixel: [1156, 910]
2026-07-25 12:21:03 | INFO     | jewelry_detector.image_processor | OpenCV panel refine IoU = 0.856
2026-07-25 12:21:03 | INFO     | jewelry_detector.image_processor | Panel refined: [899, 630, 1395, 1215]
2026-07-25 12:21:03 | INFO     | jewelry_detector.image_processor | Panel refined (OpenCV): [899, 630, 1395, 1215]
2026-07-25 12:21:03 | INFO     | jewelry_detector.image_processor | Clean panel crop: raw_size=496x585 trim_left=27 trim_top=37 trim_right=20 trim_bottom=0 content_retained=98.9% success=True
2026-07-25 12:21:03 | INFO     | jewelry_detector.image_processor | Trimmed Object (ảnh gốc): [967, 819, 1263, 1187] | AI bbox gốc: [1064,738,1248,1082]
2026-07-25 12:21:03 | INFO     | jewelry_detector.image_processor | Object refined (OpenCV Trim): [967, 819, 1263, 1187]
2026-07-25 12:21:03 | INFO     | jewelry_detector.image_processor | Đã lưu ảnh kết quả: FINE23.COMP40_DI_12142022_right_result.jpg
2026-07-25 12:21:03 | INFO     | jewelry_detector.image_processor | Tổng thời gian xử lý: 0.03s
2026-07-25 12:21:03 | INFO     | jewelry_detector.image_processor | Kích thước ảnh: 1835 x 1230 px
2026-07-25 12:21:03 | INFO     | jewelry_detector.image_processor | Panel pixel (AI): [1376, 652, 1835, 1193]
2026-07-25 12:21:03 | INFO     | jewelry_detector.image_processor | Object pixel (AI): [1523, 738, 1707, 1082]
2026-07-25 12:21:03 | INFO     | jewelry_detector.image_processor | Center pixel: [1615, 910]
2026-07-25 12:21:03 | INFO     | jewelry_detector.image_processor | OpenCV panel refine IoU = 0.890
2026-07-25 12:21:03 | INFO     | jewelry_detector.image_processor | Panel refined: [1358, 630, 1835, 1215]
2026-07-25 12:21:03 | INFO     | jewelry_detector.image_processor | Panel refined (OpenCV): [1358, 630, 1835, 1215]
2026-07-25 12:21:03 | INFO     | jewelry_detector.image_processor | Clean panel crop: raw_size=477x585 trim_left=20 trim_top=37 trim_right=8 trim_bottom=0 content_retained=100.0% success=True
2026-07-25 12:21:03 | INFO     | jewelry_detector.image_processor | Trimmed Object (ảnh gốc): [1495, 875, 1681, 1140] | AI bbox gốc: [1523,738,1707,1082]
2026-07-25 12:21:03 | INFO     | jewelry_detector.image_processor | Object refined (OpenCV Trim): [1495, 875, 1681, 1140]
2026-07-25 12:21:03 | INFO     | jewelry_detector.image_processor | Đã lưu ảnh kết quả: FINE23.COMP40_DI_12142022_bottom_result.jpg
2026-07-25 12:21:03 | INFO     | jewelry_detector.image_processor | Tổng thời gian xử lý: 0.03s
2026-07-25 12:21:03 | INFO     | jewelry_detector.image_processor | Kích thước ảnh: 1835 x 1230 px
2026-07-25 12:21:03 | INFO     | jewelry_detector.image_processor | Panel pixel (AI): [0, 652, 459, 1193]
2026-07-25 12:21:03 | INFO     | jewelry_detector.image_processor | Object pixel (AI): [92, 738, 330, 1082]
2026-07-25 12:21:03 | INFO     | jewelry_detector.image_processor | Center pixel: [211, 910]
2026-07-25 12:21:03 | INFO     | jewelry_detector.image_processor | Object refined (OpenCV Trim): [11, 648, 308, 1100]
2026-07-25 12:21:03 | INFO     | jewelry_detector.image_processor | Đã lưu ảnh kết quả: FINE23.COMP40_DI_12142022_perspective_result.jpg
2026-07-25 12:21:03 | INFO     | jewelry_detector.image_processor | Tổng thời gian xử lý: 0.03s
2026-07-25 13:02:34 | INFO     | jewelry_detector.image_processor | Kích thước ảnh: 1191 x 795 px
2026-07-25 13:02:34 | INFO     | jewelry_detector.image_processor | Panel pixel (AI): [298, 72, 584, 405]
2026-07-25 13:02:34 | INFO     | jewelry_detector.image_processor | Object pixel (AI): [357, 95, 524, 374]
2026-07-25 13:02:34 | INFO     | jewelry_detector.image_processor | Center pixel: [441, 235]
2026-07-25 13:02:34 | INFO     | jewelry_detector.image_processor | OpenCV panel refine IoU = 0.856
2026-07-25 13:02:34 | INFO     | jewelry_detector.image_processor | Panel refined: [286, 58, 595, 419]
2026-07-25 13:02:34 | INFO     | jewelry_detector.image_processor | Panel refined (OpenCV): [286, 58, 595, 419]
2026-07-25 13:02:34 | INFO     | jewelry_detector.image_processor | Clean panel crop: raw_size=309x361 trim_left=20 trim_top=14 trim_right=0 trim_bottom=0 content_retained=98.5% success=True
2026-07-25 13:02:34 | INFO     | jewelry_detector.image_processor | Trimmed Object (ảnh gốc): [309, 91, 544, 403] | AI bbox gốc: [357,95,524,374]
2026-07-25 13:02:34 | INFO     | jewelry_detector.image_processor | Object refined (OpenCV Trim): [309, 91, 544, 403]
2026-07-25 13:02:34 | INFO     | jewelry_detector.image_processor | Đã lưu ảnh kết quả: 889485_front_result.jpg
2026-07-25 13:02:34 | INFO     | jewelry_detector.image_processor | Tổng thời gian xử lý: 0.10s
2026-07-25 13:02:34 | INFO     | jewelry_detector.image_processor | Kích thước ảnh: 1191 x 795 px
2026-07-25 13:02:34 | INFO     | jewelry_detector.image_processor | Panel pixel (AI): [607, 72, 893, 405]
2026-07-25 13:02:34 | INFO     | jewelry_detector.image_processor | Object pixel (AI): [667, 95, 834, 374]
2026-07-25 13:02:34 | INFO     | jewelry_detector.image_processor | Center pixel: [750, 235]
2026-07-25 13:02:34 | INFO     | jewelry_detector.image_processor | OpenCV panel refine IoU = 0.856
2026-07-25 13:02:34 | INFO     | jewelry_detector.image_processor | Panel refined: [596, 58, 905, 419]
2026-07-25 13:02:34 | INFO     | jewelry_detector.image_processor | Panel refined (OpenCV): [596, 58, 905, 419]
2026-07-25 13:02:34 | INFO     | jewelry_detector.image_processor | Clean panel crop: raw_size=309x361 trim_left=3 trim_top=14 trim_right=16 trim_bottom=0 content_retained=99.5% success=True
2026-07-25 13:02:34 | INFO     | jewelry_detector.image_processor | Trimmed Object (ảnh gốc): [599, 112, 889, 384] | AI bbox gốc: [667,95,834,374]
2026-07-25 13:02:34 | INFO     | jewelry_detector.image_processor | Object refined (OpenCV Trim): [599, 112, 889, 384]
2026-07-25 13:02:34 | INFO     | jewelry_detector.image_processor | Đã lưu ảnh kết quả: 889485_left_result.jpg
2026-07-25 13:02:34 | INFO     | jewelry_detector.image_processor | Tổng thời gian xử lý: 0.02s
2026-07-25 13:02:34 | INFO     | jewelry_detector.image_processor | Kích thước ảnh: 1191 x 795 px
2026-07-25 13:02:34 | INFO     | jewelry_detector.image_processor | Panel pixel (AI): [917, 72, 1191, 405]
2026-07-25 13:02:34 | INFO     | jewelry_detector.image_processor | Object pixel (AI): [977, 95, 1143, 374]
2026-07-25 13:02:34 | INFO     | jewelry_detector.image_processor | Center pixel: [1060, 235]
2026-07-25 13:02:34 | INFO     | jewelry_detector.image_processor | OpenCV panel refine IoU = 0.889
2026-07-25 13:02:34 | INFO     | jewelry_detector.image_processor | Panel refined: [906, 58, 1191, 419]
2026-07-25 13:02:34 | INFO     | jewelry_detector.image_processor | Panel refined (OpenCV): [906, 58, 1191, 419]
2026-07-25 13:02:34 | INFO     | jewelry_detector.image_processor | Clean panel crop: raw_size=285x361 trim_left=0 trim_top=14 trim_right=9 trim_bottom=0 content_retained=100.0% success=True
2026-07-25 13:02:34 | INFO     | jewelry_detector.image_processor | Trimmed Object (ảnh gốc): [941, 72, 1128, 352] | AI bbox gốc: [977,95,1143,374]
2026-07-25 13:02:34 | INFO     | jewelry_detector.image_processor | Object refined (OpenCV Trim): [941, 72, 1128, 352]
2026-07-25 13:02:34 | INFO     | jewelry_detector.image_processor | Đã lưu ảnh kết quả: 889485_top_result.jpg
2026-07-25 13:02:34 | INFO     | jewelry_detector.image_processor | Tổng thời gian xử lý: 0.02s
2026-07-25 13:02:34 | INFO     | jewelry_detector.image_processor | Kích thước ảnh: 1191 x 795 px
2026-07-25 13:02:34 | INFO     | jewelry_detector.image_processor | Panel pixel (AI): [298, 421, 584, 755]
2026-07-25 13:02:34 | INFO     | jewelry_detector.image_processor | Object pixel (AI): [357, 445, 524, 723]
2026-07-25 13:02:34 | INFO     | jewelry_detector.image_processor | Center pixel: [441, 584]
2026-07-25 13:02:34 | INFO     | jewelry_detector.image_processor | OpenCV panel refine IoU = 0.856
2026-07-25 13:02:34 | INFO     | jewelry_detector.image_processor | Panel refined: [286, 408, 595, 769]
2026-07-25 13:02:34 | INFO     | jewelry_detector.image_processor | Panel refined (OpenCV): [286, 408, 595, 769]
2026-07-25 13:02:34 | INFO     | jewelry_detector.image_processor | Clean panel crop: raw_size=309x361 trim_left=20 trim_top=23 trim_right=0 trim_bottom=0 content_retained=99.7% success=True
2026-07-25 13:02:34 | INFO     | jewelry_detector.image_processor | Trimmed Object (ảnh gốc): [324, 453, 581, 768] | AI bbox gốc: [357,445,524,723]
2026-07-25 13:02:34 | INFO     | jewelry_detector.image_processor | Object refined (OpenCV Trim): [324, 453, 581, 768]
2026-07-25 13:02:34 | INFO     | jewelry_detector.image_processor | Đã lưu ảnh kết quả: 889485_back_result.jpg
2026-07-25 13:02:34 | INFO     | jewelry_detector.image_processor | Tổng thời gian xử lý: 0.02s
2026-07-25 13:02:34 | INFO     | jewelry_detector.image_processor | Kích thước ảnh: 1191 x 795 px
2026-07-25 13:02:34 | INFO     | jewelry_detector.image_processor | Panel pixel (AI): [607, 421, 893, 755]
2026-07-25 13:02:34 | INFO     | jewelry_detector.image_processor | Object pixel (AI): [667, 445, 834, 723]
2026-07-25 13:02:34 | INFO     | jewelry_detector.image_processor | Center pixel: [750, 584]
2026-07-25 13:02:34 | INFO     | jewelry_detector.image_processor | OpenCV panel refine IoU = 0.856
2026-07-25 13:02:34 | INFO     | jewelry_detector.image_processor | Panel refined: [596, 408, 905, 769]
2026-07-25 13:02:34 | INFO     | jewelry_detector.image_processor | Panel refined (OpenCV): [596, 408, 905, 769]
2026-07-25 13:02:34 | INFO     | jewelry_detector.image_processor | Clean panel crop: raw_size=309x361 trim_left=3 trim_top=23 trim_right=16 trim_bottom=0 content_retained=99.0% success=True
2026-07-25 13:02:34 | INFO     | jewelry_detector.image_processor | Trimmed Object (ảnh gốc): [599, 456, 889, 745] | AI bbox gốc: [667,445,834,723]
2026-07-25 13:02:34 | INFO     | jewelry_detector.image_processor | Object refined (OpenCV Trim): [599, 456, 889, 745]
2026-07-25 13:02:34 | INFO     | jewelry_detector.image_processor | Đã lưu ảnh kết quả: 889485_right_result.jpg
2026-07-25 13:02:34 | INFO     | jewelry_detector.image_processor | Tổng thời gian xử lý: 0.02s
2026-07-25 13:02:34 | INFO     | jewelry_detector.image_processor | Kích thước ảnh: 1191 x 795 px
2026-07-25 13:02:34 | INFO     | jewelry_detector.image_processor | Panel pixel (AI): [917, 421, 1191, 755]
2026-07-25 13:02:34 | INFO     | jewelry_detector.image_processor | Object pixel (AI): [977, 445, 1143, 723]
2026-07-25 13:02:34 | INFO     | jewelry_detector.image_processor | Center pixel: [1060, 584]
2026-07-25 13:02:34 | INFO     | jewelry_detector.image_processor | OpenCV panel refine IoU = 0.889
2026-07-25 13:02:34 | INFO     | jewelry_detector.image_processor | Panel refined: [906, 408, 1191, 769]
2026-07-25 13:02:34 | INFO     | jewelry_detector.image_processor | Panel refined (OpenCV): [906, 408, 1191, 769]
2026-07-25 13:02:34 | INFO     | jewelry_detector.image_processor | Clean panel crop: raw_size=285x361 trim_left=0 trim_top=23 trim_right=9 trim_bottom=0 content_retained=100.0% success=True
2026-07-25 13:02:34 | INFO     | jewelry_detector.image_processor | Trimmed Object (ảnh gốc): [948, 506, 1129, 769] | AI bbox gốc: [977,445,1143,723]
2026-07-25 13:02:34 | INFO     | jewelry_detector.image_processor | Object refined (OpenCV Trim): [948, 506, 1129, 769]
2026-07-25 13:02:34 | INFO     | jewelry_detector.image_processor | Đã lưu ảnh kết quả: 889485_bottom_result.jpg
2026-07-25 13:02:34 | INFO     | jewelry_detector.image_processor | Tổng thời gian xử lý: 0.02s
2026-07-25 13:02:34 | INFO     | jewelry_detector.image_processor | Kích thước ảnh: 1191 x 795 px
2026-07-25 13:02:34 | INFO     | jewelry_detector.image_processor | Panel pixel (AI): [0, 421, 298, 755]
2026-07-25 13:02:34 | INFO     | jewelry_detector.image_processor | Object pixel (AI): [48, 445, 226, 723]
2026-07-25 13:02:34 | INFO     | jewelry_detector.image_processor | Center pixel: [137, 584]
2026-07-25 13:02:34 | INFO     | jewelry_detector.image_processor | Object refined (OpenCV Trim): [15, 426, 240, 737]
2026-07-25 13:02:34 | INFO     | jewelry_detector.image_processor | Đã lưu ảnh kết quả: 889485_perspective_result.jpg
2026-07-25 13:02:34 | INFO     | jewelry_detector.image_processor | Tổng thời gian xử lý: 0.02s
2026-07-25 13:02:46 | INFO     | jewelry_detector.image_processor | Kích thước ảnh: 1717 x 1143 px
2026-07-25 13:02:46 | INFO     | jewelry_detector.image_processor | Panel pixel (AI): [429, 91, 858, 594]
2026-07-25 13:02:46 | INFO     | jewelry_detector.image_processor | Object pixel (AI): [464, 114, 824, 549]
2026-07-25 13:02:46 | INFO     | jewelry_detector.image_processor | Center pixel: [644, 331]
2026-07-25 13:02:46 | INFO     | jewelry_detector.image_processor | OpenCV panel refine IoU = 0.886
2026-07-25 13:02:46 | INFO     | jewelry_detector.image_processor | Panel refined: [412, 94, 876, 614]
2026-07-25 13:02:46 | INFO     | jewelry_detector.image_processor | Panel refined (OpenCV): [412, 94, 876, 614]
2026-07-25 13:02:46 | INFO     | jewelry_detector.image_processor | Clean panel crop: raw_size=464x520 trim_left=24 trim_top=4 trim_right=16 trim_bottom=0 content_retained=96.5% success=True
2026-07-25 13:02:46 | INFO     | jewelry_detector.image_processor | Trimmed Object (ảnh gốc): [473, 264, 856, 485] | AI bbox gốc: [464,114,824,549]
2026-07-25 13:02:46 | INFO     | jewelry_detector.image_processor | Object refined (OpenCV Trim): [473, 264, 856, 485]
2026-07-25 13:02:46 | INFO     | jewelry_detector.image_processor | Đã lưu ảnh kết quả: 889486 A_front_result.jpg
2026-07-25 13:02:46 | INFO     | jewelry_detector.image_processor | Tổng thời gian xử lý: 0.03s
2026-07-25 13:02:46 | INFO     | jewelry_detector.image_processor | Kích thước ảnh: 1717 x 1143 px
2026-07-25 13:02:46 | INFO     | jewelry_detector.image_processor | Panel pixel (AI): [858, 91, 1288, 594]
2026-07-25 13:02:46 | INFO     | jewelry_detector.image_processor | Object pixel (AI): [944, 137, 1202, 526]
2026-07-25 13:02:46 | INFO     | jewelry_detector.image_processor | Center pixel: [1073, 331]
2026-07-25 13:02:46 | INFO     | jewelry_detector.image_processor | OpenCV panel refine IoU = 0.886
2026-07-25 13:02:46 | INFO     | jewelry_detector.image_processor | Panel refined: [841, 94, 1305, 614]
2026-07-25 13:02:46 | INFO     | jewelry_detector.image_processor | Panel refined (OpenCV): [841, 94, 1305, 614]
2026-07-25 13:02:46 | INFO     | jewelry_detector.image_processor | Clean panel crop: raw_size=464x520 trim_left=23 trim_top=4 trim_right=17 trim_bottom=0 content_retained=99.5% success=True
2026-07-25 13:02:46 | INFO     | jewelry_detector.image_processor | Trimmed Object (ảnh gốc): [984, 288, 1163, 471] | AI bbox gốc: [944,137,1202,526]
2026-07-25 13:02:46 | INFO     | jewelry_detector.image_processor | Object refined (OpenCV Trim): [984, 288, 1163, 471]
2026-07-25 13:02:46 | INFO     | jewelry_detector.image_processor | Đã lưu ảnh kết quả: 889486 A_left_result.jpg
2026-07-25 13:02:46 | INFO     | jewelry_detector.image_processor | Tổng thời gian xử lý: 0.03s
2026-07-25 13:02:46 | INFO     | jewelry_detector.image_processor | Kích thước ảnh: 1717 x 1143 px
2026-07-25 13:02:46 | INFO     | jewelry_detector.image_processor | Panel pixel (AI): [1288, 91, 1717, 594]
2026-07-25 13:02:46 | INFO     | jewelry_detector.image_processor | Object pixel (AI): [1339, 137, 1648, 526]
2026-07-25 13:02:46 | INFO     | jewelry_detector.image_processor | Center pixel: [1494, 331]
2026-07-25 13:02:46 | INFO     | jewelry_detector.image_processor | OpenCV panel refine IoU = 0.922
2026-07-25 13:02:46 | INFO     | jewelry_detector.image_processor | Panel refined: [1271, 94, 1717, 614]
2026-07-25 13:02:46 | INFO     | jewelry_detector.image_processor | Panel refined (OpenCV): [1271, 94, 1717, 614]
2026-07-25 13:02:46 | INFO     | jewelry_detector.image_processor | Clean panel crop: raw_size=446x520 trim_left=22 trim_top=4 trim_right=0 trim_bottom=0 content_retained=100.0% success=True
2026-07-25 13:02:46 | INFO     | jewelry_detector.image_processor | Trimmed Object (ảnh gốc): [1320, 266, 1686, 462] | AI bbox gốc: [1339,137,1648,526]
2026-07-25 13:02:46 | INFO     | jewelry_detector.image_processor | Object refined (OpenCV Trim): [1320, 266, 1686, 462]
2026-07-25 13:02:46 | INFO     | jewelry_detector.image_processor | Đã lưu ảnh kết quả: 889486 A_top_result.jpg
2026-07-25 13:02:46 | INFO     | jewelry_detector.image_processor | Tổng thời gian xử lý: 0.03s
2026-07-25 13:02:46 | INFO     | jewelry_detector.image_processor | Kích thước ảnh: 1717 x 1143 px
2026-07-25 13:02:46 | INFO     | jewelry_detector.image_processor | Panel pixel (AI): [429, 594, 858, 1074]
2026-07-25 13:02:46 | INFO     | jewelry_detector.image_processor | Object pixel (AI): [464, 617, 824, 1029]
2026-07-25 13:02:46 | INFO     | jewelry_detector.image_processor | Center pixel: [644, 823]
2026-07-25 13:02:46 | INFO     | jewelry_detector.image_processor | OpenCV panel refine IoU = 0.856
2026-07-25 13:02:46 | INFO     | jewelry_detector.image_processor | Panel refined: [412, 575, 876, 1094]
2026-07-25 13:02:46 | INFO     | jewelry_detector.image_processor | Panel refined (OpenCV): [412, 575, 876, 1094]
2026-07-25 13:02:46 | INFO     | jewelry_detector.image_processor | Clean panel crop: raw_size=464x519 trim_left=24 trim_top=48 trim_right=16 trim_bottom=0 content_retained=98.1% success=True
2026-07-25 13:02:46 | INFO     | jewelry_detector.image_processor | Trimmed Object (ảnh gốc): [448, 774, 813, 992] | AI bbox gốc: [464,617,824,1029]
2026-07-25 13:02:46 | INFO     | jewelry_detector.image_processor | Object refined (OpenCV Trim): [448, 774, 813, 992]
2026-07-25 13:02:46 | INFO     | jewelry_detector.image_processor | Đã lưu ảnh kết quả: 889486 A_back_result.jpg
2026-07-25 13:02:46 | INFO     | jewelry_detector.image_processor | Tổng thời gian xử lý: 0.03s
2026-07-25 13:02:46 | INFO     | jewelry_detector.image_processor | Kích thước ảnh: 1717 x 1143 px
2026-07-25 13:02:46 | INFO     | jewelry_detector.image_processor | Panel pixel (AI): [858, 594, 1288, 1074]
2026-07-25 13:02:46 | INFO     | jewelry_detector.image_processor | Object pixel (AI): [944, 617, 1202, 1029]
2026-07-25 13:02:46 | INFO     | jewelry_detector.image_processor | Center pixel: [1073, 823]
2026-07-25 13:02:46 | INFO     | jewelry_detector.image_processor | OpenCV panel refine IoU = 0.856
2026-07-25 13:02:46 | INFO     | jewelry_detector.image_processor | Panel refined: [841, 575, 1305, 1094]
2026-07-25 13:02:46 | INFO     | jewelry_detector.image_processor | Panel refined (OpenCV): [841, 575, 1305, 1094]
2026-07-25 13:02:46 | INFO     | jewelry_detector.image_processor | Clean panel crop: raw_size=464x519 trim_left=23 trim_top=48 trim_right=17 trim_bottom=0 content_retained=97.1% success=True
2026-07-25 13:02:46 | INFO     | jewelry_detector.image_processor | Trimmed Object (ảnh gốc): [977, 798, 1172, 985] | AI bbox gốc: [944,617,1202,1029]
2026-07-25 13:02:46 | INFO     | jewelry_detector.image_processor | Object refined (OpenCV Trim): [977, 798, 1172, 985]
2026-07-25 13:02:46 | INFO     | jewelry_detector.image_processor | Đã lưu ảnh kết quả: 889486 A_right_result.jpg
2026-07-25 13:02:46 | INFO     | jewelry_detector.image_processor | Tổng thời gian xử lý: 0.03s
2026-07-25 13:02:46 | INFO     | jewelry_detector.image_processor | Kích thước ảnh: 1717 x 1143 px
2026-07-25 13:02:46 | INFO     | jewelry_detector.image_processor | Panel pixel (AI): [1288, 594, 1717, 1074]
2026-07-25 13:02:46 | INFO     | jewelry_detector.image_processor | Object pixel (AI): [1339, 617, 1648, 1029]
2026-07-25 13:02:46 | INFO     | jewelry_detector.image_processor | Center pixel: [1494, 823]
2026-07-25 13:02:46 | INFO     | jewelry_detector.image_processor | OpenCV panel refine IoU = 0.890
2026-07-25 13:02:46 | INFO     | jewelry_detector.image_processor | Panel refined: [1271, 575, 1717, 1094]
2026-07-25 13:02:46 | INFO     | jewelry_detector.image_processor | Panel refined (OpenCV): [1271, 575, 1717, 1094]
2026-07-25 13:02:46 | INFO     | jewelry_detector.image_processor | Clean panel crop: raw_size=446x519 trim_left=22 trim_top=48 trim_right=0 trim_bottom=0 content_retained=100.0% success=True
2026-07-25 13:02:46 | INFO     | jewelry_detector.image_processor | Trimmed Object (ảnh gốc): [1313, 782, 1686, 981] | AI bbox gốc: [1339,617,1648,1029]
2026-07-25 13:02:46 | INFO     | jewelry_detector.image_processor | Object refined (OpenCV Trim): [1313, 782, 1686, 981]
2026-07-25 13:02:46 | INFO     | jewelry_detector.image_processor | Đã lưu ảnh kết quả: 889486 A_bottom_result.jpg
2026-07-25 13:02:46 | INFO     | jewelry_detector.image_processor | Tổng thời gian xử lý: 0.03s
2026-07-25 13:02:46 | INFO     | jewelry_detector.image_processor | Kích thước ảnh: 1717 x 1143 px
2026-07-25 13:02:46 | INFO     | jewelry_detector.image_processor | Panel pixel (AI): [0, 732, 429, 1143]
2026-07-25 13:02:46 | INFO     | jewelry_detector.image_processor | Object pixel (AI): [17, 754, 412, 1120]
2026-07-25 13:02:46 | INFO     | jewelry_detector.image_processor | Center pixel: [215, 937]
2026-07-25 13:02:46 | INFO     | jewelry_detector.image_processor | Object refined (OpenCV Trim): [15, 663, 549, 1129]
2026-07-25 13:02:46 | INFO     | jewelry_detector.image_processor | Đã lưu ảnh kết quả: 889486 A_perspective_result.jpg
2026-07-25 13:02:46 | INFO     | jewelry_detector.image_processor | Tổng thời gian xử lý: 0.04s
2026-07-25 13:03:00 | INFO     | jewelry_detector.image_processor | Kích thước ảnh: 1721 x 1142 px
2026-07-25 13:03:00 | INFO     | jewelry_detector.image_processor | Panel pixel (AI): [430, 91, 860, 571]
2026-07-25 13:03:00 | INFO     | jewelry_detector.image_processor | Object pixel (AI): [465, 114, 826, 548]
2026-07-25 13:03:00 | INFO     | jewelry_detector.image_processor | Center pixel: [645, 331]
2026-07-25 13:03:00 | INFO     | jewelry_detector.image_processor | OpenCV panel refine IoU = 0.857
2026-07-25 13:03:00 | INFO     | jewelry_detector.image_processor | Panel refined: [413, 72, 878, 590]
2026-07-25 13:03:00 | INFO     | jewelry_detector.image_processor | Panel refined (OpenCV): [413, 72, 878, 590]
2026-07-25 13:03:00 | INFO     | jewelry_detector.image_processor | Clean panel crop: raw_size=465x518 trim_left=28 trim_top=21 trim_right=13 trim_bottom=0 content_retained=96.8% success=True
2026-07-25 13:03:00 | INFO     | jewelry_detector.image_processor | Trimmed Object (ảnh gốc): [461, 259, 865, 480] | AI bbox gốc: [465,114,826,548]
2026-07-25 13:03:00 | INFO     | jewelry_detector.image_processor | Object refined (OpenCV Trim): [461, 259, 865, 480]
2026-07-25 13:03:00 | INFO     | jewelry_detector.image_processor | Đã lưu ảnh kết quả: 889486 B+F_front_result.jpg
2026-07-25 13:03:00 | INFO     | jewelry_detector.image_processor | Tổng thời gian xử lý: 0.03s
2026-07-25 13:03:00 | INFO     | jewelry_detector.image_processor | Kích thước ảnh: 1721 x 1142 px
2026-07-25 13:03:00 | INFO     | jewelry_detector.image_processor | Panel pixel (AI): [860, 91, 1291, 571]
2026-07-25 13:03:00 | INFO     | jewelry_detector.image_processor | Object pixel (AI): [912, 114, 1239, 548]
2026-07-25 13:03:00 | INFO     | jewelry_detector.image_processor | Center pixel: [1076, 331]
2026-07-25 13:03:00 | INFO     | jewelry_detector.image_processor | OpenCV panel refine IoU = 0.857
2026-07-25 13:03:00 | INFO     | jewelry_detector.image_processor | Panel refined: [843, 72, 1308, 590]
2026-07-25 13:03:00 | INFO     | jewelry_detector.image_processor | Panel refined (OpenCV): [843, 72, 1308, 590]
2026-07-25 13:03:00 | INFO     | jewelry_detector.image_processor | Clean panel crop: raw_size=465x518 trim_left=26 trim_top=21 trim_right=15 trim_bottom=0 content_retained=97.8% success=True
2026-07-25 13:03:00 | INFO     | jewelry_detector.image_processor | Trimmed Object (ảnh gốc): [983, 275, 1166, 468] | AI bbox gốc: [912,114,1239,548]
2026-07-25 13:03:00 | INFO     | jewelry_detector.image_processor | Object refined (OpenCV Trim): [983, 275, 1166, 468]
2026-07-25 13:03:00 | INFO     | jewelry_detector.image_processor | Đã lưu ảnh kết quả: 889486 B+F_left_result.jpg
2026-07-25 13:03:00 | INFO     | jewelry_detector.image_processor | Tổng thời gian xử lý: 0.03s
2026-07-25 13:03:00 | INFO     | jewelry_detector.image_processor | Kích thước ảnh: 1721 x 1142 px
2026-07-25 13:03:00 | INFO     | jewelry_detector.image_processor | Panel pixel (AI): [1291, 91, 1721, 571]
2026-07-25 13:03:00 | INFO     | jewelry_detector.image_processor | Object pixel (AI): [1342, 114, 1669, 548]
2026-07-25 13:03:00 | INFO     | jewelry_detector.image_processor | Center pixel: [1506, 331]
2026-07-25 13:03:00 | INFO     | jewelry_detector.image_processor | OpenCV panel refine IoU = 0.891
2026-07-25 13:03:00 | INFO     | jewelry_detector.image_processor | Panel refined: [1274, 72, 1721, 590]
2026-07-25 13:03:00 | INFO     | jewelry_detector.image_processor | Panel refined (OpenCV): [1274, 72, 1721, 590]
2026-07-25 13:03:00 | INFO     | jewelry_detector.image_processor | Clean panel crop: raw_size=447x518 trim_left=24 trim_top=21 trim_right=0 trim_bottom=0 content_retained=100.0% success=True
2026-07-25 13:03:00 | INFO     | jewelry_detector.image_processor | Trimmed Object (ảnh gốc): [1312, 254, 1718, 456] | AI bbox gốc: [1342,114,1669,548]
2026-07-25 13:03:00 | INFO     | jewelry_detector.image_processor | Object refined (OpenCV Trim): [1312, 254, 1718, 456]
2026-07-25 13:03:00 | INFO     | jewelry_detector.image_processor | Đã lưu ảnh kết quả: 889486 B+F_top_result.jpg
2026-07-25 13:03:00 | INFO     | jewelry_detector.image_processor | Tổng thời gian xử lý: 0.03s
2026-07-25 13:03:00 | INFO     | jewelry_detector.image_processor | Kích thước ảnh: 1721 x 1142 px
2026-07-25 13:03:00 | INFO     | jewelry_detector.image_processor | Panel pixel (AI): [430, 571, 860, 914]
2026-07-25 13:03:00 | INFO     | jewelry_detector.image_processor | Object pixel (AI): [465, 594, 826, 891]
2026-07-25 13:03:00 | INFO     | jewelry_detector.image_processor | Center pixel: [645, 742]
2026-07-25 13:03:00 | INFO     | jewelry_detector.image_processor | OpenCV panel refine IoU = 0.857
2026-07-25 13:03:00 | INFO     | jewelry_detector.image_processor | Panel refined: [413, 557, 878, 927]
2026-07-25 13:03:00 | INFO     | jewelry_detector.image_processor | Panel refined (OpenCV): [413, 557, 878, 927]
2026-07-25 13:03:00 | INFO     | jewelry_detector.image_processor | Clean panel crop: raw_size=465x370 trim_left=28 trim_top=61 trim_right=13 trim_bottom=0 content_retained=98.9% success=True
2026-07-25 13:03:00 | INFO     | jewelry_detector.image_processor | Trimmed Object (ảnh gốc): [441, 773, 830, 927] | AI bbox gốc: [465,594,826,891]
2026-07-25 13:03:00 | INFO     | jewelry_detector.image_processor | Object refined (OpenCV Trim): [441, 773, 830, 927]
2026-07-25 13:03:00 | INFO     | jewelry_detector.image_processor | Đã lưu ảnh kết quả: 889486 B+F_back_result.jpg
2026-07-25 13:03:00 | INFO     | jewelry_detector.image_processor | Tổng thời gian xử lý: 0.02s
2026-07-25 13:03:00 | INFO     | jewelry_detector.image_processor | Kích thước ảnh: 1721 x 1142 px
2026-07-25 13:03:00 | INFO     | jewelry_detector.image_processor | Panel pixel (AI): [860, 571, 1291, 914]
2026-07-25 13:03:00 | INFO     | jewelry_detector.image_processor | Object pixel (AI): [912, 594, 1239, 891]
2026-07-25 13:03:00 | INFO     | jewelry_detector.image_processor | Center pixel: [1076, 742]
2026-07-25 13:03:00 | INFO     | jewelry_detector.image_processor | OpenCV panel refine IoU = 0.857
2026-07-25 13:03:00 | INFO     | jewelry_detector.image_processor | Panel refined: [843, 557, 1308, 927]
2026-07-25 13:03:00 | INFO     | jewelry_detector.image_processor | Panel refined (OpenCV): [843, 557, 1308, 927]
2026-07-25 13:03:00 | INFO     | jewelry_detector.image_processor | Clean panel crop: raw_size=465x370 trim_left=26 trim_top=61 trim_right=15 trim_bottom=0 content_retained=97.5% success=True
2026-07-25 13:03:00 | INFO     | jewelry_detector.image_processor | Trimmed Object (ảnh gốc): [989, 789, 1154, 927] | AI bbox gốc: [912,594,1239,891]
2026-07-25 13:03:00 | INFO     | jewelry_detector.image_processor | Object refined (OpenCV Trim): [989, 789, 1154, 927]
2026-07-25 13:03:00 | INFO     | jewelry_detector.image_processor | Đã lưu ảnh kết quả: 889486 B+F_right_result.jpg
2026-07-25 13:03:00 | INFO     | jewelry_detector.image_processor | Tổng thời gian xử lý: 0.02s
2026-07-25 13:03:00 | INFO     | jewelry_detector.image_processor | Kích thước ảnh: 1721 x 1142 px
2026-07-25 13:03:00 | INFO     | jewelry_detector.image_processor | Panel pixel (AI): [1291, 571, 1721, 914]
2026-07-25 13:03:00 | INFO     | jewelry_detector.image_processor | Object pixel (AI): [1342, 594, 1669, 891]
2026-07-25 13:03:00 | INFO     | jewelry_detector.image_processor | Center pixel: [1506, 742]
2026-07-25 13:03:00 | INFO     | jewelry_detector.image_processor | OpenCV panel refine IoU = 0.891
2026-07-25 13:03:00 | INFO     | jewelry_detector.image_processor | Panel refined: [1274, 557, 1721, 927]
2026-07-25 13:03:00 | INFO     | jewelry_detector.image_processor | Panel refined (OpenCV): [1274, 557, 1721, 927]
2026-07-25 13:03:00 | INFO     | jewelry_detector.image_processor | Clean panel crop: raw_size=447x370 trim_left=24 trim_top=61 trim_right=0 trim_bottom=0 content_retained=100.0% success=True
2026-07-25 13:03:00 | INFO     | jewelry_detector.image_processor | Trimmed Object (ảnh gốc): [1308, 782, 1714, 927] | AI bbox gốc: [1342,594,1669,891]
2026-07-25 13:03:00 | INFO     | jewelry_detector.image_processor | Object refined (OpenCV Trim): [1308, 782, 1714, 927]
2026-07-25 13:03:00 | INFO     | jewelry_detector.image_processor | Đã lưu ảnh kết quả: 889486 B+F_bottom_result.jpg
2026-07-25 13:03:00 | INFO     | jewelry_detector.image_processor | Tổng thời gian xử lý: 0.03s
2026-07-25 13:03:00 | INFO     | jewelry_detector.image_processor | Kích thước ảnh: 1721 x 1142 px
2026-07-25 13:03:00 | INFO     | jewelry_detector.image_processor | Panel pixel (AI): [0, 571, 430, 914]
2026-07-25 13:03:00 | INFO     | jewelry_detector.image_processor | Object pixel (AI): [34, 594, 396, 891]
2026-07-25 13:03:00 | INFO     | jewelry_detector.image_processor | Center pixel: [215, 742]
2026-07-25 13:03:00 | INFO     | jewelry_detector.image_processor | Object refined (OpenCV Trim): [15, 503, 533, 982]
2026-07-25 13:03:00 | INFO     | jewelry_detector.image_processor | Đã lưu ảnh kết quả: 889486 B+F_perspective_result.jpg
2026-07-25 13:03:00 | INFO     | jewelry_detector.image_processor | Tổng thời gian xử lý: 0.05s
2026-07-25 13:03:13 | INFO     | jewelry_detector.image_processor | Kích thước ảnh: 1714 x 1138 px
2026-07-25 13:03:13 | INFO     | jewelry_detector.image_processor | Panel pixel (AI): [428, 91, 857, 592]
2026-07-25 13:03:13 | INFO     | jewelry_detector.image_processor | Object pixel (AI): [463, 114, 823, 546]
2026-07-25 13:03:13 | INFO     | jewelry_detector.image_processor | Center pixel: [643, 330]
2026-07-25 13:03:13 | INFO     | jewelry_detector.image_processor | OpenCV panel refine IoU = 0.886
2026-07-25 13:03:13 | INFO     | jewelry_detector.image_processor | Panel refined: [411, 93, 874, 612]
2026-07-25 13:03:13 | INFO     | jewelry_detector.image_processor | Panel refined (OpenCV): [411, 93, 874, 612]
2026-07-25 13:03:13 | INFO     | jewelry_detector.image_processor | Clean panel crop: raw_size=463x519 trim_left=24 trim_top=4 trim_right=15 trim_bottom=0 content_retained=97.3% success=True
2026-07-25 13:03:13 | INFO     | jewelry_detector.image_processor | Trimmed Object (ảnh gốc): [449, 266, 859, 485] | AI bbox gốc: [463,114,823,546]
2026-07-25 13:03:13 | INFO     | jewelry_detector.image_processor | Object refined (OpenCV Trim): [449, 266, 859, 485]
2026-07-25 13:03:13 | INFO     | jewelry_detector.image_processor | Đã lưu ảnh kết quả: 889486 C+E_front_result.jpg
2026-07-25 13:03:13 | INFO     | jewelry_detector.image_processor | Tổng thời gian xử lý: 0.03s
2026-07-25 13:03:13 | INFO     | jewelry_detector.image_processor | Kích thước ảnh: 1714 x 1138 px
2026-07-25 13:03:13 | INFO     | jewelry_detector.image_processor | Panel pixel (AI): [857, 91, 1286, 592]
2026-07-25 13:03:13 | INFO     | jewelry_detector.image_processor | Object pixel (AI): [943, 114, 1200, 546]
2026-07-25 13:03:13 | INFO     | jewelry_detector.image_processor | Center pixel: [1071, 330]
2026-07-25 13:03:13 | INFO     | jewelry_detector.image_processor | OpenCV panel refine IoU = 0.886
2026-07-25 13:03:13 | INFO     | jewelry_detector.image_processor | Panel refined: [840, 93, 1303, 612]
2026-07-25 13:03:13 | INFO     | jewelry_detector.image_processor | Panel refined (OpenCV): [840, 93, 1303, 612]
2026-07-25 13:03:13 | INFO     | jewelry_detector.image_processor | Clean panel crop: raw_size=463x519 trim_left=23 trim_top=4 trim_right=16 trim_bottom=0 content_retained=98.0% success=True
2026-07-25 13:03:13 | INFO     | jewelry_detector.image_processor | Trimmed Object (ảnh gốc): [991, 277, 1178, 476] | AI bbox gốc: [943,114,1200,546]
2026-07-25 13:03:13 | INFO     | jewelry_detector.image_processor | Object refined (OpenCV Trim): [991, 277, 1178, 476]
2026-07-25 13:03:13 | INFO     | jewelry_detector.image_processor | Đã lưu ảnh kết quả: 889486 C+E_left_result.jpg
2026-07-25 13:03:13 | INFO     | jewelry_detector.image_processor | Tổng thời gian xử lý: 0.03s
2026-07-25 13:03:13 | INFO     | jewelry_detector.image_processor | Kích thước ảnh: 1714 x 1138 px
2026-07-25 13:03:13 | INFO     | jewelry_detector.image_processor | Panel pixel (AI): [1286, 91, 1714, 592]
2026-07-25 13:03:13 | INFO     | jewelry_detector.image_processor | Object pixel (AI): [1337, 114, 1663, 546]
2026-07-25 13:03:13 | INFO     | jewelry_detector.image_processor | Center pixel: [1500, 330]
2026-07-25 13:03:13 | INFO     | jewelry_detector.image_processor | OpenCV panel refine IoU = 0.920
2026-07-25 13:03:13 | INFO     | jewelry_detector.image_processor | Panel refined: [1268, 93, 1714, 612]
2026-07-25 13:03:13 | INFO     | jewelry_detector.image_processor | Panel refined (OpenCV): [1268, 93, 1714, 612]
2026-07-25 13:03:13 | INFO     | jewelry_detector.image_processor | Clean panel crop: raw_size=446x519 trim_left=24 trim_top=4 trim_right=0 trim_bottom=0 content_retained=100.0% success=True
2026-07-25 13:03:13 | INFO     | jewelry_detector.image_processor | Trimmed Object (ảnh gốc): [1299, 264, 1714, 467] | AI bbox gốc: [1337,114,1663,546]
2026-07-25 13:03:13 | INFO     | jewelry_detector.image_processor | Object refined (OpenCV Trim): [1299, 264, 1714, 467]
2026-07-25 13:03:13 | INFO     | jewelry_detector.image_processor | Đã lưu ảnh kết quả: 889486 C+E_top_result.jpg
2026-07-25 13:03:13 | INFO     | jewelry_detector.image_processor | Tổng thời gian xử lý: 0.03s
2026-07-25 13:03:13 | INFO     | jewelry_detector.image_processor | Kích thước ảnh: 1714 x 1138 px
2026-07-25 13:03:13 | INFO     | jewelry_detector.image_processor | Panel pixel (AI): [428, 592, 857, 1070]
2026-07-25 13:03:13 | INFO     | jewelry_detector.image_processor | Object pixel (AI): [463, 615, 823, 1024]
2026-07-25 13:03:13 | INFO     | jewelry_detector.image_processor | Center pixel: [643, 819]
2026-07-25 13:03:13 | INFO     | jewelry_detector.image_processor | OpenCV panel refine IoU = 0.857
2026-07-25 13:03:13 | INFO     | jewelry_detector.image_processor | Panel refined: [411, 573, 874, 1089]
2026-07-25 13:03:13 | INFO     | jewelry_detector.image_processor | Panel refined (OpenCV): [411, 573, 874, 1089]
2026-07-25 13:03:13 | INFO     | jewelry_detector.image_processor | Clean panel crop: raw_size=463x516 trim_left=24 trim_top=49 trim_right=15 trim_bottom=0 content_retained=99.1% success=True
2026-07-25 13:03:13 | INFO     | jewelry_detector.image_processor | Trimmed Object (ảnh gốc): [435, 772, 842, 989] | AI bbox gốc: [463,615,823,1024]
2026-07-25 13:03:13 | INFO     | jewelry_detector.image_processor | Object refined (OpenCV Trim): [435, 772, 842, 989]
2026-07-25 13:03:13 | INFO     | jewelry_detector.image_processor | Đã lưu ảnh kết quả: 889486 C+E_back_result.jpg
2026-07-25 13:03:13 | INFO     | jewelry_detector.image_processor | Tổng thời gian xử lý: 0.03s
2026-07-25 13:03:13 | INFO     | jewelry_detector.image_processor | Kích thước ảnh: 1714 x 1138 px
2026-07-25 13:03:13 | INFO     | jewelry_detector.image_processor | Panel pixel (AI): [857, 592, 1286, 1070]
2026-07-25 13:03:13 | INFO     | jewelry_detector.image_processor | Object pixel (AI): [943, 615, 1200, 1024]
2026-07-25 13:03:13 | INFO     | jewelry_detector.image_processor | Center pixel: [1071, 819]
2026-07-25 13:03:13 | INFO     | jewelry_detector.image_processor | OpenCV panel refine IoU = 0.857
2026-07-25 13:03:13 | INFO     | jewelry_detector.image_processor | Panel refined: [840, 573, 1303, 1089]
2026-07-25 13:03:13 | INFO     | jewelry_detector.image_processor | Panel refined (OpenCV): [840, 573, 1303, 1089]
2026-07-25 13:03:13 | INFO     | jewelry_detector.image_processor | Clean panel crop: raw_size=463x516 trim_left=23 trim_top=49 trim_right=16 trim_bottom=0 content_retained=98.1% success=True
2026-07-25 13:03:13 | INFO     | jewelry_detector.image_processor | Trimmed Object (ảnh gốc): [968, 785, 1181, 987] | AI bbox gốc: [943,615,1200,1024]
2026-07-25 13:03:13 | INFO     | jewelry_detector.image_processor | Object refined (OpenCV Trim): [968, 785, 1181, 987]
2026-07-25 13:03:13 | INFO     | jewelry_detector.image_processor | Đã lưu ảnh kết quả: 889486 C+E_right_result.jpg
2026-07-25 13:03:13 | INFO     | jewelry_detector.image_processor | Tổng thời gian xử lý: 0.03s
2026-07-25 13:03:13 | INFO     | jewelry_detector.image_processor | Kích thước ảnh: 1714 x 1138 px
2026-07-25 13:03:13 | INFO     | jewelry_detector.image_processor | Panel pixel (AI): [1286, 592, 1714, 1070]
2026-07-25 13:03:13 | INFO     | jewelry_detector.image_processor | Object pixel (AI): [1337, 615, 1663, 1024]
2026-07-25 13:03:13 | INFO     | jewelry_detector.image_processor | Center pixel: [1500, 819]
2026-07-25 13:03:13 | INFO     | jewelry_detector.image_processor | OpenCV panel refine IoU = 0.890
2026-07-25 13:03:13 | INFO     | jewelry_detector.image_processor | Panel refined: [1268, 573, 1714, 1089]
2026-07-25 13:03:13 | INFO     | jewelry_detector.image_processor | Panel refined (OpenCV): [1268, 573, 1714, 1089]
2026-07-25 13:03:13 | INFO     | jewelry_detector.image_processor | Clean panel crop: raw_size=446x516 trim_left=24 trim_top=49 trim_right=0 trim_bottom=0 content_retained=100.0% success=True
2026-07-25 13:03:13 | INFO     | jewelry_detector.image_processor | Trimmed Object (ảnh gốc): [1292, 775, 1714, 981] | AI bbox gốc: [1337,615,1663,1024]
2026-07-25 13:03:13 | INFO     | jewelry_detector.image_processor | Object refined (OpenCV Trim): [1292, 775, 1714, 981]
2026-07-25 13:03:14 | INFO     | jewelry_detector.image_processor | Đã lưu ảnh kết quả: 889486 C+E_bottom_result.jpg
2026-07-25 13:03:14 | INFO     | jewelry_detector.image_processor | Tổng thời gian xử lý: 0.03s
2026-07-25 13:03:14 | INFO     | jewelry_detector.image_processor | Kích thước ảnh: 1714 x 1138 px
2026-07-25 13:03:14 | INFO     | jewelry_detector.image_processor | Panel pixel (AI): [0, 683, 428, 1138]
2026-07-25 13:03:14 | INFO     | jewelry_detector.image_processor | Object pixel (AI): [17, 706, 411, 1115]
2026-07-25 13:03:14 | INFO     | jewelry_detector.image_processor | Center pixel: [214, 910]
2026-07-25 13:03:14 | INFO     | jewelry_detector.image_processor | Object refined (OpenCV Trim): [15, 615, 548, 1124]
2026-07-25 13:03:14 | INFO     | jewelry_detector.image_processor | Đã lưu ảnh kết quả: 889486 C+E_perspective_result.jpg
2026-07-25 13:03:14 | INFO     | jewelry_detector.image_processor | Tổng thời gian xử lý: 0.04s
2026-07-25 13:03:27 | INFO     | jewelry_detector.image_processor | Kích thước ảnh: 1717 x 1147 px
2026-07-25 13:03:27 | INFO     | jewelry_detector.image_processor | Panel pixel (AI): [429, 92, 858, 596]
2026-07-25 13:03:27 | INFO     | jewelry_detector.image_processor | Object pixel (AI): [464, 115, 824, 551]
2026-07-25 13:03:27 | INFO     | jewelry_detector.image_processor | Center pixel: [644, 333]
2026-07-25 13:03:27 | INFO     | jewelry_detector.image_processor | OpenCV panel refine IoU = 0.857
2026-07-25 13:03:27 | INFO     | jewelry_detector.image_processor | Panel refined: [412, 72, 876, 617]
2026-07-25 13:03:27 | INFO     | jewelry_detector.image_processor | Panel refined (OpenCV): [412, 72, 876, 617]
2026-07-25 13:03:27 | INFO     | jewelry_detector.image_processor | Clean panel crop: raw_size=464x545 trim_left=25 trim_top=23 trim_right=15 trim_bottom=0 content_retained=96.7% success=True
2026-07-25 13:03:27 | INFO     | jewelry_detector.image_processor | Trimmed Object (ảnh gốc): [465, 278, 854, 466] | AI bbox gốc: [464,115,824,551]
2026-07-25 13:03:27 | INFO     | jewelry_detector.image_processor | Object refined (OpenCV Trim): [465, 278, 854, 466]
2026-07-25 13:03:27 | INFO     | jewelry_detector.image_processor | Đã lưu ảnh kết quả: 889486 D_front_result.jpg
2026-07-25 13:03:27 | INFO     | jewelry_detector.image_processor | Tổng thời gian xử lý: 0.03s
2026-07-25 13:03:27 | INFO     | jewelry_detector.image_processor | Kích thước ảnh: 1717 x 1147 px
2026-07-25 13:03:27 | INFO     | jewelry_detector.image_processor | Panel pixel (AI): [858, 92, 1288, 596]
2026-07-25 13:03:27 | INFO     | jewelry_detector.image_processor | Object pixel (AI): [910, 115, 1236, 551]
2026-07-25 13:03:27 | INFO     | jewelry_detector.image_processor | Center pixel: [1073, 333]
2026-07-25 13:03:27 | INFO     | jewelry_detector.image_processor | OpenCV panel refine IoU = 0.857
2026-07-25 13:03:27 | INFO     | jewelry_detector.image_processor | Panel refined: [841, 72, 1305, 617]
2026-07-25 13:03:27 | INFO     | jewelry_detector.image_processor | Panel refined (OpenCV): [841, 72, 1305, 617]
2026-07-25 13:03:27 | INFO     | jewelry_detector.image_processor | Clean panel crop: raw_size=464x545 trim_left=24 trim_top=23 trim_right=16 trim_bottom=0 content_retained=99.8% success=True
2026-07-25 13:03:27 | INFO     | jewelry_detector.image_processor | Trimmed Object (ảnh gốc): [1015, 294, 1192, 474] | AI bbox gốc: [910,115,1236,551]
2026-07-25 13:03:27 | INFO     | jewelry_detector.image_processor | Object refined (OpenCV Trim): [1015, 294, 1192, 474]
2026-07-25 13:03:27 | INFO     | jewelry_detector.image_processor | Đã lưu ảnh kết quả: 889486 D_left_result.jpg
2026-07-25 13:03:27 | INFO     | jewelry_detector.image_processor | Tổng thời gian xử lý: 0.03s
2026-07-25 13:03:27 | INFO     | jewelry_detector.image_processor | Kích thước ảnh: 1717 x 1147 px
2026-07-25 13:03:27 | INFO     | jewelry_detector.image_processor | Panel pixel (AI): [1288, 92, 1717, 596]
2026-07-25 13:03:27 | INFO     | jewelry_detector.image_processor | Object pixel (AI): [1339, 115, 1665, 551]
2026-07-25 13:03:27 | INFO     | jewelry_detector.image_processor | Center pixel: [1502, 333]
2026-07-25 13:03:27 | INFO     | jewelry_detector.image_processor | OpenCV panel refine IoU = 0.891
2026-07-25 13:03:27 | INFO     | jewelry_detector.image_processor | Panel refined: [1271, 72, 1717, 617]
2026-07-25 13:03:27 | INFO     | jewelry_detector.image_processor | Panel refined (OpenCV): [1271, 72, 1717, 617]
2026-07-25 13:03:27 | INFO     | jewelry_detector.image_processor | Clean panel crop: raw_size=446x545 trim_left=23 trim_top=23 trim_right=0 trim_bottom=0 content_retained=100.0% success=True
2026-07-25 13:03:27 | INFO     | jewelry_detector.image_processor | Trimmed Object (ảnh gốc): [1294, 268, 1717, 461] | AI bbox gốc: [1339,115,1665,551]
2026-07-25 13:03:27 | INFO     | jewelry_detector.image_processor | Object refined (OpenCV Trim): [1294, 268, 1717, 461]
2026-07-25 13:03:27 | INFO     | jewelry_detector.image_processor | Đã lưu ảnh kết quả: 889486 D_top_result.jpg
2026-07-25 13:03:27 | INFO     | jewelry_detector.image_processor | Tổng thời gian xử lý: 0.03s
2026-07-25 13:03:27 | INFO     | jewelry_detector.image_processor | Kích thước ảnh: 1717 x 1147 px
2026-07-25 13:03:27 | INFO     | jewelry_detector.image_processor | Panel pixel (AI): [429, 596, 858, 1078]
2026-07-25 13:03:27 | INFO     | jewelry_detector.image_processor | Object pixel (AI): [464, 619, 824, 1032]
2026-07-25 13:03:27 | INFO     | jewelry_detector.image_processor | Center pixel: [644, 826]
2026-07-25 13:03:27 | INFO     | jewelry_detector.image_processor | OpenCV panel refine IoU = 0.857
2026-07-25 13:03:27 | INFO     | jewelry_detector.image_processor | Panel refined: [412, 577, 876, 1097]
2026-07-25 13:03:27 | INFO     | jewelry_detector.image_processor | Panel refined (OpenCV): [412, 577, 876, 1097]
2026-07-25 13:03:27 | INFO     | jewelry_detector.image_processor | Clean panel crop: raw_size=464x520 trim_left=25 trim_top=43 trim_right=15 trim_bottom=0 content_retained=99.4% success=True
2026-07-25 13:03:27 | INFO     | jewelry_detector.image_processor | Trimmed Object (ảnh gốc): [452, 769, 826, 957] | AI bbox gốc: [464,619,824,1032]
2026-07-25 13:03:27 | INFO     | jewelry_detector.image_processor | Object refined (OpenCV Trim): [452, 769, 826, 957]
2026-07-25 13:03:28 | INFO     | jewelry_detector.image_processor | Đã lưu ảnh kết quả: 889486 D_back_result.jpg
2026-07-25 13:03:28 | INFO     | jewelry_detector.image_processor | Tổng thời gian xử lý: 0.04s
2026-07-25 13:03:28 | INFO     | jewelry_detector.image_processor | Kích thước ảnh: 1717 x 1147 px
2026-07-25 13:03:28 | INFO     | jewelry_detector.image_processor | Panel pixel (AI): [858, 596, 1288, 1078]
2026-07-25 13:03:28 | INFO     | jewelry_detector.image_processor | Object pixel (AI): [910, 619, 1236, 1032]
2026-07-25 13:03:28 | INFO     | jewelry_detector.image_processor | Center pixel: [1073, 826]
2026-07-25 13:03:28 | INFO     | jewelry_detector.image_processor | OpenCV panel refine IoU = 0.857
2026-07-25 13:03:28 | INFO     | jewelry_detector.image_processor | Panel refined: [841, 577, 1305, 1097]
2026-07-25 13:03:28 | INFO     | jewelry_detector.image_processor | Panel refined (OpenCV): [841, 577, 1305, 1097]
2026-07-25 13:03:28 | INFO     | jewelry_detector.image_processor | Clean panel crop: raw_size=464x520 trim_left=24 trim_top=43 trim_right=16 trim_bottom=0 content_retained=98.3% success=True
2026-07-25 13:03:28 | INFO     | jewelry_detector.image_processor | Trimmed Object (ảnh gốc): [958, 802, 1152, 985] | AI bbox gốc: [910,619,1236,1032]
2026-07-25 13:03:28 | INFO     | jewelry_detector.image_processor | Object refined (OpenCV Trim): [958, 802, 1152, 985]
2026-07-25 13:03:28 | INFO     | jewelry_detector.image_processor | Đã lưu ảnh kết quả: 889486 D_right_result.jpg
2026-07-25 13:03:28 | INFO     | jewelry_detector.image_processor | Tổng thời gian xử lý: 0.03s
2026-07-25 13:03:28 | INFO     | jewelry_detector.image_processor | Kích thước ảnh: 1717 x 1147 px
2026-07-25 13:03:28 | INFO     | jewelry_detector.image_processor | Panel pixel (AI): [1288, 596, 1717, 1078]
2026-07-25 13:03:28 | INFO     | jewelry_detector.image_processor | Object pixel (AI): [1339, 619, 1665, 1032]
2026-07-25 13:03:28 | INFO     | jewelry_detector.image_processor | Center pixel: [1502, 826]
2026-07-25 13:03:28 | INFO     | jewelry_detector.image_processor | OpenCV panel refine IoU = 0.892
2026-07-25 13:03:28 | INFO     | jewelry_detector.image_processor | Panel refined: [1271, 577, 1717, 1097]
2026-07-25 13:03:28 | INFO     | jewelry_detector.image_processor | Panel refined (OpenCV): [1271, 577, 1717, 1097]
2026-07-25 13:03:28 | INFO     | jewelry_detector.image_processor | Clean panel crop: raw_size=446x520 trim_left=23 trim_top=43 trim_right=0 trim_bottom=0 content_retained=100.0% success=True
2026-07-25 13:03:28 | INFO     | jewelry_detector.image_processor | Trimmed Object (ảnh gốc): [1294, 777, 1717, 973] | AI bbox gốc: [1339,619,1665,1032]
2026-07-25 13:03:28 | INFO     | jewelry_detector.image_processor | Object refined (OpenCV Trim): [1294, 777, 1717, 973]
2026-07-25 13:03:28 | INFO     | jewelry_detector.image_processor | Đã lưu ảnh kết quả: 889486 D_bottom_result.jpg
2026-07-25 13:03:28 | INFO     | jewelry_detector.image_processor | Tổng thời gian xử lý: 0.03s
2026-07-25 13:03:28 | INFO     | jewelry_detector.image_processor | Kích thước ảnh: 1717 x 1147 px
2026-07-25 13:03:28 | INFO     | jewelry_detector.image_processor | Panel pixel (AI): [0, 596, 429, 1078]
2026-07-25 13:03:28 | INFO     | jewelry_detector.image_processor | Object pixel (AI): [17, 619, 412, 1032]
2026-07-25 13:03:28 | INFO     | jewelry_detector.image_processor | Center pixel: [215, 826]
2026-07-25 13:03:28 | INFO     | jewelry_detector.image_processor | Object refined (OpenCV Trim): [15, 528, 549, 1123]
2026-07-25 13:03:28 | INFO     | jewelry_detector.image_processor | Đã lưu ảnh kết quả: 889486 D_perspective_result.jpg
2026-07-25 13:03:28 | INFO     | jewelry_detector.image_processor | Tổng thời gian xử lý: 0.04s
2026-07-25 13:03:40 | INFO     | jewelry_detector.image_processor | Kích thước ảnh: 1150 x 767 px
2026-07-25 13:03:40 | INFO     | jewelry_detector.image_processor | Panel pixel (AI): [299, 65, 575, 384]
2026-07-25 13:03:40 | INFO     | jewelry_detector.image_processor | Object pixel (AI): [310, 77, 564, 368]
2026-07-25 13:03:40 | INFO     | jewelry_detector.image_processor | Center pixel: [437, 222]
2026-07-25 13:03:40 | INFO     | jewelry_detector.image_processor | OpenCV panel refine IoU = 0.857
2026-07-25 13:03:40 | INFO     | jewelry_detector.image_processor | Panel refined: [288, 52, 586, 396]
2026-07-25 13:03:40 | INFO     | jewelry_detector.image_processor | Panel refined (OpenCV): [288, 52, 586, 396]
2026-07-25 13:03:40 | INFO     | jewelry_detector.image_processor | Clean panel crop: raw_size=298x344 trim_left=9 trim_top=16 trim_right=8 trim_bottom=0 content_retained=99.5% success=True
2026-07-25 13:03:40 | INFO     | jewelry_detector.image_processor | Trimmed Object (ảnh gốc): [297, 136, 578, 355] | AI bbox gốc: [311,77,563,368]
2026-07-25 13:03:40 | INFO     | jewelry_detector.image_processor | Object refined (OpenCV Trim): [297, 136, 578, 355]
2026-07-25 13:03:40 | INFO     | jewelry_detector.image_processor | Đã lưu ảnh kết quả: 889488_front_result.jpg
2026-07-25 13:03:40 | INFO     | jewelry_detector.image_processor | Tổng thời gian xử lý: 0.02s
2026-07-25 13:03:40 | INFO     | jewelry_detector.image_processor | Kích thước ảnh: 1150 x 767 px
2026-07-25 13:03:40 | INFO     | jewelry_detector.image_processor | Panel pixel (AI): [575, 65, 851, 384]
2026-07-25 13:03:40 | INFO     | jewelry_detector.image_processor | Object pixel (AI): [586, 77, 840, 368]
2026-07-25 13:03:40 | INFO     | jewelry_detector.image_processor | Center pixel: [713, 222]
2026-07-25 13:03:40 | INFO     | jewelry_detector.image_processor | OpenCV panel refine IoU = 0.857
2026-07-25 13:03:40 | INFO     | jewelry_detector.image_processor | Panel refined: [564, 52, 862, 396]
2026-07-25 13:03:40 | INFO     | jewelry_detector.image_processor | Panel refined (OpenCV): [564, 52, 862, 396]
2026-07-25 13:03:40 | INFO     | jewelry_detector.image_processor | Clean panel crop: raw_size=298x344 trim_left=17 trim_top=16 trim_right=0 trim_bottom=0 content_retained=99.2% success=True
2026-07-25 13:03:40 | INFO     | jewelry_detector.image_processor | Trimmed Object (ảnh gốc): [617, 174, 848, 337] | AI bbox gốc: [587,77,839,368]
2026-07-25 13:03:40 | INFO     | jewelry_detector.image_processor | Object refined (OpenCV Trim): [617, 174, 848, 337]
2026-07-25 13:03:40 | INFO     | jewelry_detector.image_processor | Đã lưu ảnh kết quả: 889488_left_result.jpg
2026-07-25 13:03:40 | INFO     | jewelry_detector.image_processor | Tổng thời gian xử lý: 0.01s
2026-07-25 13:03:40 | INFO     | jewelry_detector.image_processor | Kích thước ảnh: 1150 x 767 px
2026-07-25 13:03:40 | INFO     | jewelry_detector.image_processor | Panel pixel (AI): [851, 65, 1127, 384]
2026-07-25 13:03:40 | INFO     | jewelry_detector.image_processor | Object pixel (AI): [862, 77, 1116, 368]
2026-07-25 13:03:40 | INFO     | jewelry_detector.image_processor | Center pixel: [989, 222]
2026-07-25 13:03:40 | INFO     | jewelry_detector.image_processor | OpenCV panel refine IoU = 0.857
2026-07-25 13:03:40 | INFO     | jewelry_detector.image_processor | Panel refined: [840, 52, 1138, 396]
2026-07-25 13:03:40 | INFO     | jewelry_detector.image_processor | Panel refined (OpenCV): [840, 52, 1138, 396]
2026-07-25 13:03:40 | INFO     | jewelry_detector.image_processor | Clean panel crop: raw_size=298x344 trim_left=25 trim_top=16 trim_right=0 trim_bottom=0 content_retained=100.0% success=True
2026-07-25 13:03:40 | INFO     | jewelry_detector.image_processor | Trimmed Object (ảnh gốc): [865, 99, 1122, 362] | AI bbox gốc: [863,77,1115,368]
2026-07-25 13:03:40 | INFO     | jewelry_detector.image_processor | Object refined (OpenCV Trim): [865, 99, 1122, 362]
2026-07-25 13:03:40 | INFO     | jewelry_detector.image_processor | Đã lưu ảnh kết quả: 889488_top_result.jpg
2026-07-25 13:03:40 | INFO     | jewelry_detector.image_processor | Tổng thời gian xử lý: 0.02s
2026-07-25 13:03:40 | INFO     | jewelry_detector.image_processor | Kích thước ảnh: 1150 x 767 px
2026-07-25 13:03:40 | INFO     | jewelry_detector.image_processor | Panel pixel (AI): [299, 384, 575, 763]
2026-07-25 13:03:40 | INFO     | jewelry_detector.image_processor | Object pixel (AI): [310, 395, 564, 752]
2026-07-25 13:03:40 | INFO     | jewelry_detector.image_processor | Center pixel: [437, 573]
2026-07-25 13:03:40 | INFO     | jewelry_detector.image_processor | OpenCV panel refine IoU = 0.881
2026-07-25 13:03:40 | INFO     | jewelry_detector.image_processor | Panel refined: [288, 368, 586, 767]
2026-07-25 13:03:40 | INFO     | jewelry_detector.image_processor | Panel refined (OpenCV): [288, 368, 586, 767]
2026-07-25 13:03:40 | INFO     | jewelry_detector.image_processor | Clean panel crop: raw_size=298x399 trim_left=9 trim_top=49 trim_right=8 trim_bottom=3 content_retained=99.9% success=True
2026-07-25 13:03:40 | INFO     | jewelry_detector.image_processor | Trimmed Object (ảnh gốc): [297, 439, 577, 764] | AI bbox gốc: [311,395,563,752]
2026-07-25 13:03:40 | INFO     | jewelry_detector.image_processor | Object refined (OpenCV Trim): [297, 439, 577, 764]
2026-07-25 13:03:40 | INFO     | jewelry_detector.image_processor | Đã lưu ảnh kết quả: 889488_back_result.jpg
2026-07-25 13:03:40 | INFO     | jewelry_detector.image_processor | Tổng thời gian xử lý: 0.02s
2026-07-25 13:03:40 | INFO     | jewelry_detector.image_processor | Kích thước ảnh: 1150 x 767 px
2026-07-25 13:03:40 | INFO     | jewelry_detector.image_processor | Panel pixel (AI): [575, 384, 851, 763]
2026-07-25 13:03:40 | INFO     | jewelry_detector.image_processor | Object pixel (AI): [586, 395, 840, 752]
2026-07-25 13:03:40 | INFO     | jewelry_detector.image_processor | Center pixel: [713, 573]
2026-07-25 13:03:40 | INFO     | jewelry_detector.image_processor | OpenCV panel refine IoU = 0.881
2026-07-25 13:03:40 | INFO     | jewelry_detector.image_processor | Panel refined: [564, 368, 862, 767]
2026-07-25 13:03:40 | INFO     | jewelry_detector.image_processor | Panel refined (OpenCV): [564, 368, 862, 767]
2026-07-25 13:03:40 | INFO     | jewelry_detector.image_processor | Clean panel crop: raw_size=298x399 trim_left=17 trim_top=49 trim_right=0 trim_bottom=3 content_retained=100.0% success=True
2026-07-25 13:03:40 | INFO     | jewelry_detector.image_processor | Trimmed Object (ảnh gốc): [591, 512, 838, 684] | AI bbox gốc: [587,395,839,752]
2026-07-25 13:03:40 | INFO     | jewelry_detector.image_processor | Object refined (OpenCV Trim): [591, 512, 838, 684]
2026-07-25 13:03:40 | INFO     | jewelry_detector.image_processor | Đã lưu ảnh kết quả: 889488_right_result.jpg
2026-07-25 13:03:40 | INFO     | jewelry_detector.image_processor | Tổng thời gian xử lý: 0.02s
2026-07-25 13:03:40 | INFO     | jewelry_detector.image_processor | Kích thước ảnh: 1150 x 767 px
2026-07-25 13:03:40 | INFO     | jewelry_detector.image_processor | Panel pixel (AI): [851, 384, 1127, 763]
2026-07-25 13:03:40 | INFO     | jewelry_detector.image_processor | Object pixel (AI): [862, 395, 1116, 752]
2026-07-25 13:03:40 | INFO     | jewelry_detector.image_processor | Center pixel: [989, 573]
2026-07-25 13:03:40 | INFO     | jewelry_detector.image_processor | OpenCV panel refine IoU = 0.881
2026-07-25 13:03:40 | INFO     | jewelry_detector.image_processor | Panel refined: [840, 368, 1138, 767]
2026-07-25 13:03:40 | INFO     | jewelry_detector.image_processor | Panel refined (OpenCV): [840, 368, 1138, 767]
2026-07-25 13:03:41 | INFO     | jewelry_detector.image_processor | Clean panel crop: raw_size=298x399 trim_left=25 trim_top=49 trim_right=0 trim_bottom=3 content_retained=100.0% success=True
2026-07-25 13:03:41 | INFO     | jewelry_detector.image_processor | Trimmed Object (ảnh gốc): [865, 478, 1122, 742] | AI bbox gốc: [863,395,1115,752]
2026-07-25 13:03:41 | INFO     | jewelry_detector.image_processor | Object refined (OpenCV Trim): [865, 478, 1122, 742]
2026-07-25 13:03:41 | INFO     | jewelry_detector.image_processor | Đã lưu ảnh kết quả: 889488_bottom_result.jpg
2026-07-25 13:03:41 | INFO     | jewelry_detector.image_processor | Tổng thời gian xử lý: 0.02s
2026-07-25 13:03:41 | INFO     | jewelry_detector.image_processor | Kích thước ảnh: 1150 x 767 px
2026-07-25 13:03:41 | INFO     | jewelry_detector.image_processor | Panel pixel (AI): [0, 384, 299, 763]
2026-07-25 13:03:41 | INFO     | jewelry_detector.image_processor | Object pixel (AI): [12, 395, 288, 752]
2026-07-25 13:03:41 | INFO     | jewelry_detector.image_processor | Center pixel: [150, 573]
2026-07-25 13:03:41 | INFO     | jewelry_detector.image_processor | Object refined (OpenCV Trim): [15, 334, 380, 753]
2026-07-25 13:03:41 | INFO     | jewelry_detector.image_processor | Đã lưu ảnh kết quả: 889488_perspective_result.jpg
2026-07-25 13:03:41 | INFO     | jewelry_detector.image_processor | Tổng thời gian xử lý: 0.03s
2026-07-25 13:04:00 | INFO     | jewelry_detector.image_processor | Kích thước ảnh: 1767 x 1176 px
2026-07-25 13:04:00 | INFO     | jewelry_detector.image_processor | Panel pixel (AI): [442, 106, 884, 612]
2026-07-25 13:04:00 | INFO     | jewelry_detector.image_processor | Object pixel (AI): [548, 153, 795, 553]
2026-07-25 13:04:00 | INFO     | jewelry_detector.image_processor | Center pixel: [671, 353]
2026-07-25 13:04:00 | INFO     | jewelry_detector.image_processor | OpenCV panel refine IoU = 0.858
2026-07-25 13:04:00 | INFO     | jewelry_detector.image_processor | Panel refined: [424, 86, 901, 632]
2026-07-25 13:04:00 | INFO     | jewelry_detector.image_processor | Panel refined (OpenCV): [424, 86, 901, 632]
2026-07-25 13:04:00 | INFO     | jewelry_detector.image_processor | Clean panel crop: raw_size=477x546 trim_left=31 trim_top=19 trim_right=14 trim_bottom=0 content_retained=97.7% success=True
2026-07-25 13:04:00 | INFO     | jewelry_detector.image_processor | Trimmed Object (ảnh gốc): [546, 178, 884, 597] | AI bbox gốc: [548,153,795,553]
2026-07-25 13:04:00 | INFO     | jewelry_detector.image_processor | Object refined (OpenCV Trim): [546, 178, 884, 597]
2026-07-25 13:04:00 | INFO     | jewelry_detector.image_processor | Đã lưu ảnh kết quả: 889524-A_front_result.jpg
2026-07-25 13:04:00 | INFO     | jewelry_detector.image_processor | Tổng thời gian xử lý: 0.04s
2026-07-25 13:04:00 | INFO     | jewelry_detector.image_processor | Kích thước ảnh: 1767 x 1176 px
2026-07-25 13:04:00 | INFO     | jewelry_detector.image_processor | Panel pixel (AI): [884, 106, 1325, 612]
2026-07-25 13:04:00 | INFO     | jewelry_detector.image_processor | Object pixel (AI): [1007, 153, 1237, 553]
2026-07-25 13:04:00 | INFO     | jewelry_detector.image_processor | Center pixel: [1122, 353]
2026-07-25 13:04:00 | INFO     | jewelry_detector.image_processor | OpenCV panel refine IoU = 0.858
2026-07-25 13:04:00 | INFO     | jewelry_detector.image_processor | Panel refined: [866, 86, 1343, 632]
2026-07-25 13:04:00 | INFO     | jewelry_detector.image_processor | Panel refined (OpenCV): [866, 86, 1343, 632]
2026-07-25 13:04:00 | INFO     | jewelry_detector.image_processor | Clean panel crop: raw_size=477x546 trim_left=24 trim_top=19 trim_right=20 trim_bottom=0 content_retained=99.6% success=True
2026-07-25 13:04:00 | INFO     | jewelry_detector.image_processor | Trimmed Object (ảnh gốc): [1015, 206, 1210, 626] | AI bbox gốc: [1007,153,1237,553]
2026-07-25 13:04:00 | INFO     | jewelry_detector.image_processor | Object refined (OpenCV Trim): [1015, 206, 1210, 626]
2026-07-25 13:04:00 | INFO     | jewelry_detector.image_processor | Đã lưu ảnh kết quả: 889524-A_left_result.jpg
2026-07-25 13:04:00 | INFO     | jewelry_detector.image_processor | Tổng thời gian xử lý: 0.03s
2026-07-25 13:04:00 | INFO     | jewelry_detector.image_processor | Kích thước ảnh: 1767 x 1176 px
2026-07-25 13:04:00 | INFO     | jewelry_detector.image_processor | Panel pixel (AI): [1325, 106, 1767, 612]
2026-07-25 13:04:00 | INFO     | jewelry_detector.image_processor | Object pixel (AI): [1431, 153, 1679, 553]
2026-07-25 13:04:00 | INFO     | jewelry_detector.image_processor | Center pixel: [1555, 353]
2026-07-25 13:04:00 | INFO     | jewelry_detector.image_processor | OpenCV panel refine IoU = 0.891
2026-07-25 13:04:00 | INFO     | jewelry_detector.image_processor | Panel refined: [1308, 86, 1767, 632]
2026-07-25 13:04:00 | INFO     | jewelry_detector.image_processor | Panel refined (OpenCV): [1308, 86, 1767, 632]
2026-07-25 13:04:00 | INFO     | jewelry_detector.image_processor | Clean panel crop: raw_size=459x546 trim_left=18 trim_top=19 trim_right=8 trim_bottom=0 content_retained=99.9% success=True
2026-07-25 13:04:00 | INFO     | jewelry_detector.image_processor | Trimmed Object (ảnh gốc): [1381, 273, 1667, 458] | AI bbox gốc: [1431,153,1679,553]
2026-07-25 13:04:00 | INFO     | jewelry_detector.image_processor | Object refined (OpenCV Trim): [1381, 273, 1667, 458]
2026-07-25 13:04:00 | INFO     | jewelry_detector.image_processor | Đã lưu ảnh kết quả: 889524-A_top_result.jpg
2026-07-25 13:04:00 | INFO     | jewelry_detector.image_processor | Tổng thời gian xử lý: 0.03s
2026-07-25 13:04:00 | INFO     | jewelry_detector.image_processor | Kích thước ảnh: 1767 x 1176 px
2026-07-25 13:04:00 | INFO     | jewelry_detector.image_processor | Panel pixel (AI): [442, 612, 884, 1105]
2026-07-25 13:04:00 | INFO     | jewelry_detector.image_processor | Object pixel (AI): [548, 659, 795, 1058]
2026-07-25 13:04:00 | INFO     | jewelry_detector.image_processor | Center pixel: [671, 858]
2026-07-25 13:04:00 | INFO     | jewelry_detector.image_processor | OpenCV panel refine IoU = 0.858
2026-07-25 13:04:00 | INFO     | jewelry_detector.image_processor | Panel refined: [424, 592, 901, 1125]
2026-07-25 13:04:00 | INFO     | jewelry_detector.image_processor | Panel refined (OpenCV): [424, 592, 901, 1125]
2026-07-25 13:04:00 | INFO     | jewelry_detector.image_processor | Clean panel crop: raw_size=477x533 trim_left=31 trim_top=47 trim_right=14 trim_bottom=0 content_retained=99.6% success=True
2026-07-25 13:04:00 | INFO     | jewelry_detector.image_processor | Trimmed Object (ảnh gốc): [455, 673, 808, 1095] | AI bbox gốc: [548,659,795,1058]
2026-07-25 13:04:00 | INFO     | jewelry_detector.image_processor | Object refined (OpenCV Trim): [455, 673, 808, 1095]
2026-07-25 13:04:00 | INFO     | jewelry_detector.image_processor | Đã lưu ảnh kết quả: 889524-A_back_result.jpg
2026-07-25 13:04:00 | INFO     | jewelry_detector.image_processor | Tổng thời gian xử lý: 0.04s
2026-07-25 13:04:00 | INFO     | jewelry_detector.image_processor | Kích thước ảnh: 1767 x 1176 px
2026-07-25 13:04:00 | INFO     | jewelry_detector.image_processor | Panel pixel (AI): [884, 612, 1325, 1105]
2026-07-25 13:04:00 | INFO     | jewelry_detector.image_processor | Object pixel (AI): [1007, 659, 1237, 1058]
2026-07-25 13:04:00 | INFO     | jewelry_detector.image_processor | Center pixel: [1122, 858]
2026-07-25 13:04:00 | INFO     | jewelry_detector.image_processor | OpenCV panel refine IoU = 0.858
2026-07-25 13:04:00 | INFO     | jewelry_detector.image_processor | Panel refined: [866, 592, 1343, 1125]
2026-07-25 13:04:00 | INFO     | jewelry_detector.image_processor | Panel refined (OpenCV): [866, 592, 1343, 1125]
2026-07-25 13:04:00 | INFO     | jewelry_detector.image_processor | Clean panel crop: raw_size=477x533 trim_left=24 trim_top=47 trim_right=20 trim_bottom=0 content_retained=96.3% success=True
2026-07-25 13:04:00 | INFO     | jewelry_detector.image_processor | Trimmed Object (ảnh gốc): [1018, 689, 1201, 1081] | AI bbox gốc: [1007,659,1237,1058]
2026-07-25 13:04:00 | INFO     | jewelry_detector.image_processor | Object refined (OpenCV Trim): [1018, 689, 1201, 1081]
2026-07-25 13:04:00 | INFO     | jewelry_detector.image_processor | Đã lưu ảnh kết quả: 889524-A_right_result.jpg
2026-07-25 13:04:00 | INFO     | jewelry_detector.image_processor | Tổng thời gian xử lý: 0.03s
2026-07-25 13:04:00 | INFO     | jewelry_detector.image_processor | Kích thước ảnh: 1767 x 1176 px
2026-07-25 13:04:00 | INFO     | jewelry_detector.image_processor | Panel pixel (AI): [1325, 612, 1767, 1105]
2026-07-25 13:04:00 | INFO     | jewelry_detector.image_processor | Object pixel (AI): [1431, 659, 1679, 1058]
2026-07-25 13:04:00 | INFO     | jewelry_detector.image_processor | Center pixel: [1555, 858]
2026-07-25 13:04:00 | INFO     | jewelry_detector.image_processor | OpenCV panel refine IoU = 0.892
2026-07-25 13:04:00 | INFO     | jewelry_detector.image_processor | Panel refined: [1308, 592, 1767, 1125]
2026-07-25 13:04:00 | INFO     | jewelry_detector.image_processor | Panel refined (OpenCV): [1308, 592, 1767, 1125]
2026-07-25 13:04:00 | INFO     | jewelry_detector.image_processor | Clean panel crop: raw_size=459x533 trim_left=18 trim_top=47 trim_right=8 trim_bottom=0 content_retained=99.7% success=True
2026-07-25 13:04:00 | INFO     | jewelry_detector.image_processor | Trimmed Object (ảnh gốc): [1416, 786, 1685, 950] | AI bbox gốc: [1431,659,1679,1058]
2026-07-25 13:04:00 | INFO     | jewelry_detector.image_processor | Object refined (OpenCV Trim): [1416, 786, 1685, 950]
2026-07-25 13:04:00 | INFO     | jewelry_detector.image_processor | Đã lưu ảnh kết quả: 889524-A_bottom_result.jpg
2026-07-25 13:04:00 | INFO     | jewelry_detector.image_processor | Tổng thời gian xử lý: 0.03s
2026-07-25 13:04:00 | INFO     | jewelry_detector.image_processor | Kích thước ảnh: 1767 x 1176 px
2026-07-25 13:04:00 | INFO     | jewelry_detector.image_processor | Panel pixel (AI): [0, 612, 442, 1105]
2026-07-25 13:04:00 | INFO     | jewelry_detector.image_processor | Object pixel (AI): [35, 659, 353, 1058]
2026-07-25 13:04:00 | INFO     | jewelry_detector.image_processor | Center pixel: [194, 858]
2026-07-25 13:04:00 | INFO     | jewelry_detector.image_processor | Object refined (OpenCV Trim): [15, 625, 384, 1081]
2026-07-25 13:04:00 | INFO     | jewelry_detector.image_processor | Đã lưu ảnh kết quả: 889524-A_perspective_result.jpg
2026-07-25 13:04:00 | INFO     | jewelry_detector.image_processor | Tổng thời gian xử lý: 0.04s
2026-07-25 13:04:14 | INFO     | jewelry_detector.image_processor | Kích thước ảnh: 1744 x 1165 px
2026-07-25 13:04:14 | INFO     | jewelry_detector.image_processor | Panel pixel (AI): [453, 105, 872, 606]
2026-07-25 13:04:14 | INFO     | jewelry_detector.image_processor | Object pixel (AI): [593, 175, 698, 559]
2026-07-25 13:04:14 | INFO     | jewelry_detector.image_processor | Center pixel: [645, 367]
2026-07-25 13:04:14 | INFO     | jewelry_detector.image_processor | OpenCV panel refine IoU = 0.857
2026-07-25 13:04:14 | INFO     | jewelry_detector.image_processor | Panel refined: [437, 85, 889, 626]
2026-07-25 13:04:14 | INFO     | jewelry_detector.image_processor | Panel refined (OpenCV): [437, 85, 889, 626]
2026-07-25 13:04:14 | INFO     | jewelry_detector.image_processor | Clean panel crop: raw_size=452x541 trim_left=15 trim_top=20 trim_right=12 trim_bottom=0 content_retained=99.1% success=True
2026-07-25 13:04:14 | INFO     | jewelry_detector.image_processor | Trimmed Object (ảnh gốc): [580, 187, 749, 600] | AI bbox gốc: [593,175,698,559]
2026-07-25 13:04:14 | INFO     | jewelry_detector.image_processor | Object refined (OpenCV Trim): [580, 187, 749, 600]
2026-07-25 13:04:14 | INFO     | jewelry_detector.image_processor | Đã lưu ảnh kết quả: 889525_front_result.jpg
2026-07-25 13:04:14 | INFO     | jewelry_detector.image_processor | Tổng thời gian xử lý: 0.03s
2026-07-25 13:04:14 | INFO     | jewelry_detector.image_processor | Kích thước ảnh: 1744 x 1165 px
2026-07-25 13:04:14 | INFO     | jewelry_detector.image_processor | Panel pixel (AI): [872, 105, 1291, 606]
2026-07-25 13:04:14 | INFO     | jewelry_detector.image_processor | Object pixel (AI): [1012, 175, 1186, 559]
2026-07-25 13:04:14 | INFO     | jewelry_detector.image_processor | Center pixel: [1099, 367]
2026-07-25 13:04:14 | INFO     | jewelry_detector.image_processor | OpenCV panel refine IoU = 0.857
2026-07-25 13:04:14 | INFO     | jewelry_detector.image_processor | Panel refined: [855, 85, 1307, 626]
2026-07-25 13:04:14 | INFO     | jewelry_detector.image_processor | Panel refined (OpenCV): [855, 85, 1307, 626]
2026-07-25 13:04:14 | INFO     | jewelry_detector.image_processor | Clean panel crop: raw_size=452x541 trim_left=25 trim_top=20 trim_right=2 trim_bottom=0 content_retained=100.0% success=True
2026-07-25 13:04:14 | INFO     | jewelry_detector.image_processor | Trimmed Object (ảnh gốc): [919, 158, 1296, 613] | AI bbox gốc: [1012,175,1186,559]
2026-07-25 13:04:14 | INFO     | jewelry_detector.image_processor | Object refined (OpenCV Trim): [919, 158, 1296, 613]
2026-07-25 13:04:14 | INFO     | jewelry_detector.image_processor | Đã lưu ảnh kết quả: 889525_left_result.jpg
2026-07-25 13:04:14 | INFO     | jewelry_detector.image_processor | Tổng thời gian xử lý: 0.04s
2026-07-25 13:04:14 | INFO     | jewelry_detector.image_processor | Kích thước ảnh: 1744 x 1165 px
2026-07-25 13:04:14 | INFO     | jewelry_detector.image_processor | Panel pixel (AI): [1291, 105, 1709, 606]
2026-07-25 13:04:14 | INFO     | jewelry_detector.image_processor | Object pixel (AI): [1430, 175, 1570, 559]
2026-07-25 13:04:14 | INFO     | jewelry_detector.image_processor | Center pixel: [1500, 367]
2026-07-25 13:04:14 | INFO     | jewelry_detector.image_processor | OpenCV panel refine IoU = 0.857
2026-07-25 13:04:14 | INFO     | jewelry_detector.image_processor | Panel refined: [1274, 85, 1726, 626]
2026-07-25 13:04:14 | INFO     | jewelry_detector.image_processor | Panel refined (OpenCV): [1274, 85, 1726, 626]
2026-07-25 13:04:14 | INFO     | jewelry_detector.image_processor | Clean panel crop: raw_size=452x541 trim_left=34 trim_top=20 trim_right=0 trim_bottom=0 content_retained=100.0% success=True
2026-07-25 13:04:14 | INFO     | jewelry_detector.image_processor | Trimmed Object (ảnh gốc): [1435, 187, 1603, 514] | AI bbox gốc: [1430,175,1570,559]
2026-07-25 13:04:14 | INFO     | jewelry_detector.image_processor | Object refined (OpenCV Trim): [1435, 187, 1603, 514]
2026-07-25 13:04:14 | INFO     | jewelry_detector.image_processor | Đã lưu ảnh kết quả: 889525_top_result.jpg
2026-07-25 13:04:14 | INFO     | jewelry_detector.image_processor | Tổng thời gian xử lý: 0.03s
2026-07-25 13:04:14 | INFO     | jewelry_detector.image_processor | Kích thước ảnh: 1744 x 1165 px
2026-07-25 13:04:14 | INFO     | jewelry_detector.image_processor | Panel pixel (AI): [453, 606, 872, 1095]
2026-07-25 13:04:14 | INFO     | jewelry_detector.image_processor | Object pixel (AI): [593, 699, 698, 1025]
2026-07-25 13:04:14 | INFO     | jewelry_detector.image_processor | Center pixel: [645, 862]
2026-07-25 13:04:14 | INFO     | jewelry_detector.image_processor | OpenCV panel refine IoU = 0.857
2026-07-25 13:04:14 | INFO     | jewelry_detector.image_processor | Panel refined: [437, 586, 889, 1115]
2026-07-25 13:04:14 | INFO     | jewelry_detector.image_processor | Panel refined (OpenCV): [437, 586, 889, 1115]
2026-07-25 13:04:14 | INFO     | jewelry_detector.image_processor | Clean panel crop: raw_size=452x529 trim_left=15 trim_top=44 trim_right=12 trim_bottom=0 content_retained=99.8% success=True
2026-07-25 13:04:14 | INFO     | jewelry_detector.image_processor | Trimmed Object (ảnh gốc): [564, 664, 733, 1080] | AI bbox gốc: [593,699,698,1025]
2026-07-25 13:04:14 | INFO     | jewelry_detector.image_processor | Object refined (OpenCV Trim): [564, 664, 733, 1080]
2026-07-25 13:04:14 | INFO     | jewelry_detector.image_processor | Đã lưu ảnh kết quả: 889525_back_result.jpg
2026-07-25 13:04:14 | INFO     | jewelry_detector.image_processor | Tổng thời gian xử lý: 0.03s
2026-07-25 13:04:14 | INFO     | jewelry_detector.image_processor | Kích thước ảnh: 1744 x 1165 px
2026-07-25 13:04:14 | INFO     | jewelry_detector.image_processor | Panel pixel (AI): [872, 606, 1291, 1095]
2026-07-25 13:04:14 | INFO     | jewelry_detector.image_processor | Object pixel (AI): [1012, 699, 1186, 1025]
2026-07-25 13:04:14 | INFO     | jewelry_detector.image_processor | Center pixel: [1099, 862]
2026-07-25 13:04:14 | INFO     | jewelry_detector.image_processor | OpenCV panel refine IoU = 0.857
2026-07-25 13:04:14 | INFO     | jewelry_detector.image_processor | Panel refined: [855, 586, 1307, 1115]
2026-07-25 13:04:14 | INFO     | jewelry_detector.image_processor | Panel refined (OpenCV): [855, 586, 1307, 1115]
2026-07-25 13:04:14 | INFO     | jewelry_detector.image_processor | Clean panel crop: raw_size=452x529 trim_left=25 trim_top=44 trim_right=2 trim_bottom=0 content_retained=100.0% success=True
2026-07-25 13:04:14 | INFO     | jewelry_detector.image_processor | Trimmed Object (ảnh gốc): [897, 671, 1261, 1096] | AI bbox gốc: [1012,699,1186,1025]
2026-07-25 13:04:14 | INFO     | jewelry_detector.image_processor | Object refined (OpenCV Trim): [897, 671, 1261, 1096]
2026-07-25 13:04:14 | INFO     | jewelry_detector.image_processor | Đã lưu ảnh kết quả: 889525_right_result.jpg
2026-07-25 13:04:14 | INFO     | jewelry_detector.image_processor | Tổng thời gian xử lý: 0.04s
2026-07-25 13:04:14 | INFO     | jewelry_detector.image_processor | Kích thước ảnh: 1744 x 1165 px
2026-07-25 13:04:14 | INFO     | jewelry_detector.image_processor | Panel pixel (AI): [1291, 606, 1709, 1095]
2026-07-25 13:04:14 | INFO     | jewelry_detector.image_processor | Object pixel (AI): [1430, 699, 1570, 1025]
2026-07-25 13:04:14 | INFO     | jewelry_detector.image_processor | Center pixel: [1500, 862]
2026-07-25 13:04:14 | INFO     | jewelry_detector.image_processor | OpenCV panel refine IoU = 0.857
2026-07-25 13:04:14 | INFO     | jewelry_detector.image_processor | Panel refined: [1274, 586, 1726, 1115]
2026-07-25 13:04:14 | INFO     | jewelry_detector.image_processor | Panel refined (OpenCV): [1274, 586, 1726, 1115]
2026-07-25 13:04:14 | INFO     | jewelry_detector.image_processor | Clean panel crop: raw_size=452x529 trim_left=34 trim_top=44 trim_right=0 trim_bottom=0 content_retained=100.0% success=True
2026-07-25 13:04:14 | INFO     | jewelry_detector.image_processor | Trimmed Object (ảnh gốc): [1426, 709, 1622, 1090] | AI bbox gốc: [1430,699,1570,1025]
2026-07-25 13:04:14 | INFO     | jewelry_detector.image_processor | Object refined (OpenCV Trim): [1426, 709, 1622, 1090]
2026-07-25 13:04:14 | INFO     | jewelry_detector.image_processor | Đã lưu ảnh kết quả: 889525_bottom_result.jpg
2026-07-25 13:04:14 | INFO     | jewelry_detector.image_processor | Tổng thời gian xử lý: 0.03s
2026-07-25 13:04:14 | INFO     | jewelry_detector.image_processor | Kích thước ảnh: 1744 x 1165 px
2026-07-25 13:04:14 | INFO     | jewelry_detector.image_processor | Panel pixel (AI): [0, 606, 453, 1095]
2026-07-25 13:04:14 | INFO     | jewelry_detector.image_processor | Object pixel (AI): [70, 699, 314, 1025]
2026-07-25 13:04:14 | INFO     | jewelry_detector.image_processor | Center pixel: [192, 862]
2026-07-25 13:04:14 | INFO     | jewelry_detector.image_processor | Object refined (OpenCV Trim): [15, 606, 453, 1118]
2026-07-25 13:04:14 | INFO     | jewelry_detector.image_processor | Đã lưu ảnh kết quả: 889525_perspective_result.jpg
2026-07-25 13:04:14 | INFO     | jewelry_detector.image_processor | Tổng thời gian xử lý: 0.04s
2026-07-25 13:04:28 | INFO     | jewelry_detector.image_processor | Kích thước ảnh: 1745 x 1164 px
2026-07-25 13:04:28 | INFO     | jewelry_detector.image_processor | Panel pixel (AI): [462, 113, 872, 617]
2026-07-25 13:04:28 | INFO     | jewelry_detector.image_processor | Object pixel (AI): [489, 140, 838, 559]
2026-07-25 13:04:28 | INFO     | jewelry_detector.image_processor | Center pixel: [663, 349]
2026-07-25 13:04:28 | INFO     | jewelry_detector.image_processor | OpenCV panel refine IoU = 0.858
2026-07-25 13:04:28 | INFO     | jewelry_detector.image_processor | Panel refined: [446, 93, 889, 637]
2026-07-25 13:04:28 | INFO     | jewelry_detector.image_processor | Panel refined (OpenCV): [446, 93, 889, 637]
2026-07-25 13:04:28 | INFO     | jewelry_detector.image_processor | Clean panel crop: raw_size=443x544 trim_left=7 trim_top=16 trim_right=11 trim_bottom=6 content_retained=99.7% success=True
2026-07-25 13:04:28 | INFO     | jewelry_detector.image_processor | Trimmed Object (ảnh gốc): [486, 197, 834, 571] | AI bbox gốc: [489,140,838,559]
2026-07-25 13:04:28 | INFO     | jewelry_detector.image_processor | Object refined (OpenCV Trim): [486, 197, 834, 571]
2026-07-25 13:04:28 | INFO     | jewelry_detector.image_processor | Đã lưu ảnh kết quả: 889526-S52_front_result.jpg
2026-07-25 13:04:28 | INFO     | jewelry_detector.image_processor | Tổng thời gian xử lý: 0.04s
2026-07-25 13:04:28 | INFO     | jewelry_detector.image_processor | Kích thước ảnh: 1745 x 1164 px
2026-07-25 13:04:28 | INFO     | jewelry_detector.image_processor | Panel pixel (AI): [872, 113, 1283, 617]
2026-07-25 13:04:28 | INFO     | jewelry_detector.image_processor | Object pixel (AI): [907, 140, 1256, 559]
2026-07-25 13:04:28 | INFO     | jewelry_detector.image_processor | Center pixel: [1082, 349]
2026-07-25 13:04:28 | INFO     | jewelry_detector.image_processor | OpenCV panel refine IoU = 0.858
2026-07-25 13:04:28 | INFO     | jewelry_detector.image_processor | Panel refined: [856, 93, 1299, 637]
2026-07-25 13:04:28 | INFO     | jewelry_detector.image_processor | Panel refined (OpenCV): [856, 93, 1299, 637]
2026-07-25 13:04:28 | INFO     | jewelry_detector.image_processor | Clean panel crop: raw_size=443x544 trim_left=25 trim_top=16 trim_right=0 trim_bottom=6 content_retained=100.0% success=True
2026-07-25 13:04:28 | INFO     | jewelry_detector.image_processor | Trimmed Object (ảnh gốc): [1012, 175, 1172, 545] | AI bbox gốc: [907,140,1256,559]
2026-07-25 13:04:28 | INFO     | jewelry_detector.image_processor | Object refined (OpenCV Trim): [1012, 175, 1172, 545]
2026-07-25 13:04:28 | INFO     | jewelry_detector.image_processor | Đã lưu ảnh kết quả: 889526-S52_left_result.jpg
2026-07-25 13:04:28 | INFO     | jewelry_detector.image_processor | Tổng thời gian xử lý: 0.03s
2026-07-25 13:04:28 | INFO     | jewelry_detector.image_processor | Kích thước ảnh: 1745 x 1164 px
2026-07-25 13:04:28 | INFO     | jewelry_detector.image_processor | Panel pixel (AI): [1283, 113, 1693, 617]
2026-07-25 13:04:28 | INFO     | jewelry_detector.image_processor | Object pixel (AI): [1309, 140, 1658, 559]
2026-07-25 13:04:28 | INFO     | jewelry_detector.image_processor | Center pixel: [1483, 349]
2026-07-25 13:04:28 | INFO     | jewelry_detector.image_processor | OpenCV panel refine IoU = 0.858
2026-07-25 13:04:28 | INFO     | jewelry_detector.image_processor | Panel refined: [1266, 93, 1709, 637]
2026-07-25 13:04:28 | INFO     | jewelry_detector.image_processor | Panel refined (OpenCV): [1266, 93, 1709, 637]
2026-07-25 13:04:28 | INFO     | jewelry_detector.image_processor | Clean panel crop: raw_size=443x544 trim_left=43 trim_top=16 trim_right=0 trim_bottom=6 content_retained=100.0% success=True
2026-07-25 13:04:28 | INFO     | jewelry_detector.image_processor | Trimmed Object (ảnh gốc): [1337, 279, 1709, 423] | AI bbox gốc: [1309,140,1658,559]
2026-07-25 13:04:28 | INFO     | jewelry_detector.image_processor | Object refined (OpenCV Trim): [1337, 279, 1709, 423]
2026-07-25 13:04:28 | INFO     | jewelry_detector.image_processor | Đã lưu ảnh kết quả: 889526-S52_top_result.jpg
2026-07-25 13:04:28 | INFO     | jewelry_detector.image_processor | Tổng thời gian xử lý: 0.03s
2026-07-25 13:04:28 | INFO     | jewelry_detector.image_processor | Kích thước ảnh: 1745 x 1164 px
2026-07-25 13:04:28 | INFO     | jewelry_detector.image_processor | Panel pixel (AI): [462, 617, 872, 1129]
2026-07-25 13:04:28 | INFO     | jewelry_detector.image_processor | Object pixel (AI): [489, 640, 838, 1071]
2026-07-25 13:04:28 | INFO     | jewelry_detector.image_processor | Center pixel: [663, 856]
2026-07-25 13:04:28 | INFO     | jewelry_detector.image_processor | OpenCV panel refine IoU = 0.856
2026-07-25 13:04:28 | INFO     | jewelry_detector.image_processor | Panel refined: [446, 596, 889, 1150]
2026-07-25 13:04:28 | INFO     | jewelry_detector.image_processor | Panel refined (OpenCV): [446, 596, 889, 1150]
2026-07-25 13:04:28 | INFO     | jewelry_detector.image_processor | Clean panel crop: raw_size=443x554 trim_left=7 trim_top=38 trim_right=11 trim_bottom=0 content_retained=99.9% success=True
2026-07-25 13:04:28 | INFO     | jewelry_detector.image_processor | Trimmed Object (ảnh gốc): [488, 702, 844, 1085] | AI bbox gốc: [489,640,838,1071]
2026-07-25 13:04:28 | INFO     | jewelry_detector.image_processor | Object refined (OpenCV Trim): [488, 702, 844, 1085]
2026-07-25 13:04:28 | INFO     | jewelry_detector.image_processor | Đã lưu ảnh kết quả: 889526-S52_back_result.jpg
2026-07-25 13:04:28 | INFO     | jewelry_detector.image_processor | Tổng thời gian xử lý: 0.04s
2026-07-25 13:04:28 | INFO     | jewelry_detector.image_processor | Kích thước ảnh: 1745 x 1164 px
2026-07-25 13:04:28 | INFO     | jewelry_detector.image_processor | Panel pixel (AI): [872, 617, 1283, 1129]
2026-07-25 13:04:28 | INFO     | jewelry_detector.image_processor | Object pixel (AI): [907, 640, 1256, 1071]
2026-07-25 13:04:28 | INFO     | jewelry_detector.image_processor | Center pixel: [1082, 856]
2026-07-25 13:04:28 | INFO     | jewelry_detector.image_processor | OpenCV panel refine IoU = 0.856
2026-07-25 13:04:28 | INFO     | jewelry_detector.image_processor | Panel refined: [856, 596, 1299, 1150]
2026-07-25 13:04:28 | INFO     | jewelry_detector.image_processor | Panel refined (OpenCV): [856, 596, 1299, 1150]
2026-07-25 13:04:28 | INFO     | jewelry_detector.image_processor | Clean panel crop: raw_size=443x554 trim_left=25 trim_top=38 trim_right=0 trim_bottom=0 content_retained=100.0% success=True
2026-07-25 13:04:28 | INFO     | jewelry_detector.image_processor | Trimmed Object (ảnh gốc): [1013, 688, 1170, 1048] | AI bbox gốc: [907,640,1256,1071]
2026-07-25 13:04:28 | INFO     | jewelry_detector.image_processor | Object refined (OpenCV Trim): [1013, 688, 1170, 1048]
2026-07-25 13:04:28 | INFO     | jewelry_detector.image_processor | Đã lưu ảnh kết quả: 889526-S52_right_result.jpg
2026-07-25 13:04:28 | INFO     | jewelry_detector.image_processor | Tổng thời gian xử lý: 0.04s
2026-07-25 13:04:28 | INFO     | jewelry_detector.image_processor | Kích thước ảnh: 1745 x 1164 px
2026-07-25 13:04:28 | INFO     | jewelry_detector.image_processor | Panel pixel (AI): [1283, 617, 1693, 1129]
2026-07-25 13:04:28 | INFO     | jewelry_detector.image_processor | Object pixel (AI): [1309, 640, 1658, 1071]
2026-07-25 13:04:28 | INFO     | jewelry_detector.image_processor | Center pixel: [1483, 856]
2026-07-25 13:04:28 | INFO     | jewelry_detector.image_processor | OpenCV panel refine IoU = 0.856
2026-07-25 13:04:28 | INFO     | jewelry_detector.image_processor | Panel refined: [1266, 596, 1709, 1150]
2026-07-25 13:04:28 | INFO     | jewelry_detector.image_processor | Panel refined (OpenCV): [1266, 596, 1709, 1150]
2026-07-25 13:04:28 | INFO     | jewelry_detector.image_processor | Clean panel crop: raw_size=443x554 trim_left=43 trim_top=38 trim_right=0 trim_bottom=0 content_retained=100.0% success=True
2026-07-25 13:04:28 | INFO     | jewelry_detector.image_processor | Trimmed Object (ảnh gốc): [1337, 811, 1709, 955] | AI bbox gốc: [1309,640,1658,1071]
2026-07-25 13:04:28 | INFO     | jewelry_detector.image_processor | Object refined (OpenCV Trim): [1337, 811, 1709, 955]
2026-07-25 13:04:28 | INFO     | jewelry_detector.image_processor | Đã lưu ảnh kết quả: 889526-S52_bottom_result.jpg
2026-07-25 13:04:28 | INFO     | jewelry_detector.image_processor | Tổng thời gian xử lý: 0.03s
2026-07-25 13:04:28 | INFO     | jewelry_detector.image_processor | Kích thước ảnh: 1745 x 1164 px
2026-07-25 13:04:28 | INFO     | jewelry_detector.image_processor | Panel pixel (AI): [0, 617, 462, 1129]
2026-07-25 13:04:28 | INFO     | jewelry_detector.image_processor | Object pixel (AI): [35, 640, 419, 1071]
2026-07-25 13:04:28 | INFO     | jewelry_detector.image_processor | Center pixel: [227, 856]
2026-07-25 13:04:28 | INFO     | jewelry_detector.image_processor | Object refined (OpenCV Trim): [15, 547, 558, 1150]
2026-07-25 13:04:28 | INFO     | jewelry_detector.image_processor | Đã lưu ảnh kết quả: 889526-S52_perspective_result.jpg
2026-07-25 13:04:28 | INFO     | jewelry_detector.image_processor | Tổng thời gian xử lý: 0.05s
2026-07-25 13:04:42 | INFO     | jewelry_detector.image_processor | Kích thước ảnh: 1835 x 1230 px
2026-07-25 13:04:42 | INFO     | jewelry_detector.image_processor | Panel pixel (AI): [459, 111, 918, 652]
2026-07-25 13:04:42 | INFO     | jewelry_detector.image_processor | Object pixel (AI): [606, 184, 771, 554]
2026-07-25 13:04:42 | INFO     | jewelry_detector.image_processor | Center pixel: [688, 369]
2026-07-25 13:04:42 | INFO     | jewelry_detector.image_processor | OpenCV panel refine IoU = 0.856
2026-07-25 13:04:42 | INFO     | jewelry_detector.image_processor | Panel refined: [440, 89, 936, 674]
2026-07-25 13:04:42 | INFO     | jewelry_detector.image_processor | Panel refined (OpenCV): [440, 89, 936, 674]
2026-07-25 13:04:42 | INFO     | jewelry_detector.image_processor | Clean panel crop: raw_size=496x585 trim_left=34 trim_top=24 trim_right=13 trim_bottom=10 content_retained=96.0% success=True
2026-07-25 13:04:42 | INFO     | jewelry_detector.image_processor | Trimmed Object (ảnh gốc): [592, 259, 800, 580] | AI bbox gốc: [606,185,771,553]
2026-07-25 13:04:42 | INFO     | jewelry_detector.image_processor | Object refined (OpenCV Trim): [592, 259, 800, 580]
2026-07-25 13:04:42 | INFO     | jewelry_detector.image_processor | Đã lưu ảnh kết quả: FINE23.COMP40_DI_12142022_front_result.jpg
2026-07-25 13:04:42 | INFO     | jewelry_detector.image_processor | Tổng thời gian xử lý: 0.04s
2026-07-25 13:04:42 | INFO     | jewelry_detector.image_processor | Kích thước ảnh: 1835 x 1230 px
2026-07-25 13:04:42 | INFO     | jewelry_detector.image_processor | Panel pixel (AI): [918, 111, 1376, 652]
2026-07-25 13:04:42 | INFO     | jewelry_detector.image_processor | Object pixel (AI): [1064, 184, 1248, 554]
2026-07-25 13:04:42 | INFO     | jewelry_detector.image_processor | Center pixel: [1156, 369]
2026-07-25 13:04:42 | INFO     | jewelry_detector.image_processor | OpenCV panel refine IoU = 0.888
2026-07-25 13:04:42 | INFO     | jewelry_detector.image_processor | Panel refined: [899, 110, 1395, 674]
2026-07-25 13:04:42 | INFO     | jewelry_detector.image_processor | Panel refined (OpenCV): [899, 110, 1395, 674]
2026-07-25 13:04:42 | INFO     | jewelry_detector.image_processor | Clean panel crop: raw_size=496x564 trim_left=27 trim_top=3 trim_right=20 trim_bottom=10 content_retained=99.8% success=True
2026-07-25 13:04:42 | INFO     | jewelry_detector.image_processor | Trimmed Object (ảnh gốc): [1032, 266, 1320, 635] | AI bbox gốc: [1064,185,1248,553]
2026-07-25 13:04:42 | INFO     | jewelry_detector.image_processor | Object refined (OpenCV Trim): [1032, 266, 1320, 635]
2026-07-25 13:04:42 | INFO     | jewelry_detector.image_processor | Đã lưu ảnh kết quả: FINE23.COMP40_DI_12142022_left_result.jpg
2026-07-25 13:04:42 | INFO     | jewelry_detector.image_processor | Tổng thời gian xử lý: 0.04s
2026-07-25 13:04:42 | INFO     | jewelry_detector.image_processor | Kích thước ảnh: 1835 x 1230 px
2026-07-25 13:04:42 | INFO     | jewelry_detector.image_processor | Panel pixel (AI): [1376, 111, 1835, 652]
2026-07-25 13:04:42 | INFO     | jewelry_detector.image_processor | Object pixel (AI): [1523, 184, 1707, 554]
2026-07-25 13:04:42 | INFO     | jewelry_detector.image_processor | Center pixel: [1615, 369]
2026-07-25 13:04:42 | INFO     | jewelry_detector.image_processor | OpenCV panel refine IoU = 0.890
2026-07-25 13:04:42 | INFO     | jewelry_detector.image_processor | Panel refined: [1358, 89, 1835, 674]
2026-07-25 13:04:42 | INFO     | jewelry_detector.image_processor | Panel refined (OpenCV): [1358, 89, 1835, 674]
2026-07-25 13:04:42 | INFO     | jewelry_detector.image_processor | Clean panel crop: raw_size=477x585 trim_left=20 trim_top=24 trim_right=8 trim_bottom=10 content_retained=94.1% success=True
2026-07-25 13:04:42 | INFO     | jewelry_detector.image_processor | Trimmed Object (ảnh gốc): [1498, 285, 1681, 559] | AI bbox gốc: [1523,185,1707,553]
2026-07-25 13:04:42 | INFO     | jewelry_detector.image_processor | Object refined (OpenCV Trim): [1498, 285, 1681, 559]
2026-07-25 13:04:42 | INFO     | jewelry_detector.image_processor | Đã lưu ảnh kết quả: FINE23.COMP40_DI_12142022_top_result.jpg
2026-07-25 13:04:42 | INFO     | jewelry_detector.image_processor | Tổng thời gian xử lý: 0.04s
2026-07-25 13:04:42 | INFO     | jewelry_detector.image_processor | Kích thước ảnh: 1835 x 1230 px
2026-07-25 13:04:42 | INFO     | jewelry_detector.image_processor | Panel pixel (AI): [459, 652, 918, 1193]
2026-07-25 13:04:42 | INFO     | jewelry_detector.image_processor | Object pixel (AI): [606, 738, 771, 1082]
2026-07-25 13:04:42 | INFO     | jewelry_detector.image_processor | Center pixel: [688, 910]
2026-07-25 13:04:42 | INFO     | jewelry_detector.image_processor | OpenCV panel refine IoU = 0.856
2026-07-25 13:04:42 | INFO     | jewelry_detector.image_processor | Panel refined: [440, 630, 936, 1215]
2026-07-25 13:04:42 | INFO     | jewelry_detector.image_processor | Panel refined (OpenCV): [440, 630, 936, 1215]
2026-07-25 13:04:42 | INFO     | jewelry_detector.image_processor | Clean panel crop: raw_size=496x585 trim_left=34 trim_top=37 trim_right=13 trim_bottom=0 content_retained=99.5% success=True
2026-07-25 13:04:42 | INFO     | jewelry_detector.image_processor | Trimmed Object (ảnh gốc): [596, 829, 792, 1153] | AI bbox gốc: [606,738,771,1082]
2026-07-25 13:04:42 | INFO     | jewelry_detector.image_processor | Object refined (OpenCV Trim): [596, 829, 792, 1153]
2026-07-25 13:04:42 | INFO     | jewelry_detector.image_processor | Đã lưu ảnh kết quả: FINE23.COMP40_DI_12142022_back_result.jpg
2026-07-25 13:04:42 | INFO     | jewelry_detector.image_processor | Tổng thời gian xử lý: 0.04s
2026-07-25 13:04:42 | INFO     | jewelry_detector.image_processor | Kích thước ảnh: 1835 x 1230 px
2026-07-25 13:04:42 | INFO     | jewelry_detector.image_processor | Panel pixel (AI): [918, 652, 1376, 1193]
2026-07-25 13:04:42 | INFO     | jewelry_detector.image_processor | Object pixel (AI): [1064, 738, 1248, 1082]
2026-07-25 13:04:42 | INFO     | jewelry_detector.image_processor | Center pixel: [1156, 910]
2026-07-25 13:04:42 | INFO     | jewelry_detector.image_processor | OpenCV panel refine IoU = 0.856
2026-07-25 13:04:42 | INFO     | jewelry_detector.image_processor | Panel refined: [899, 630, 1395, 1215]
2026-07-25 13:04:42 | INFO     | jewelry_detector.image_processor | Panel refined (OpenCV): [899, 630, 1395, 1215]
2026-07-25 13:04:42 | INFO     | jewelry_detector.image_processor | Clean panel crop: raw_size=496x585 trim_left=27 trim_top=37 trim_right=20 trim_bottom=0 content_retained=98.9% success=True
2026-07-25 13:04:42 | INFO     | jewelry_detector.image_processor | Trimmed Object (ảnh gốc): [967, 819, 1263, 1187] | AI bbox gốc: [1064,738,1248,1082]
2026-07-25 13:04:42 | INFO     | jewelry_detector.image_processor | Object refined (OpenCV Trim): [967, 819, 1263, 1187]
2026-07-25 13:04:42 | INFO     | jewelry_detector.image_processor | Đã lưu ảnh kết quả: FINE23.COMP40_DI_12142022_right_result.jpg
2026-07-25 13:04:42 | INFO     | jewelry_detector.image_processor | Tổng thời gian xử lý: 0.04s
2026-07-25 13:04:42 | INFO     | jewelry_detector.image_processor | Kích thước ảnh: 1835 x 1230 px
2026-07-25 13:04:42 | INFO     | jewelry_detector.image_processor | Panel pixel (AI): [1376, 652, 1835, 1193]
2026-07-25 13:04:42 | INFO     | jewelry_detector.image_processor | Object pixel (AI): [1523, 738, 1707, 1082]
2026-07-25 13:04:42 | INFO     | jewelry_detector.image_processor | Center pixel: [1615, 910]
2026-07-25 13:04:42 | INFO     | jewelry_detector.image_processor | OpenCV panel refine IoU = 0.890
2026-07-25 13:04:42 | INFO     | jewelry_detector.image_processor | Panel refined: [1358, 630, 1835, 1215]
2026-07-25 13:04:42 | INFO     | jewelry_detector.image_processor | Panel refined (OpenCV): [1358, 630, 1835, 1215]
2026-07-25 13:04:42 | INFO     | jewelry_detector.image_processor | Clean panel crop: raw_size=477x585 trim_left=20 trim_top=37 trim_right=8 trim_bottom=0 content_retained=100.0% success=True
2026-07-25 13:04:42 | INFO     | jewelry_detector.image_processor | Trimmed Object (ảnh gốc): [1495, 875, 1681, 1140] | AI bbox gốc: [1523,738,1707,1082]
2026-07-25 13:04:42 | INFO     | jewelry_detector.image_processor | Object refined (OpenCV Trim): [1495, 875, 1681, 1140]
2026-07-25 13:04:42 | INFO     | jewelry_detector.image_processor | Đã lưu ảnh kết quả: FINE23.COMP40_DI_12142022_bottom_result.jpg
2026-07-25 13:04:42 | INFO     | jewelry_detector.image_processor | Tổng thời gian xử lý: 0.04s
2026-07-25 13:04:42 | INFO     | jewelry_detector.image_processor | Kích thước ảnh: 1835 x 1230 px
2026-07-25 13:04:42 | INFO     | jewelry_detector.image_processor | Panel pixel (AI): [0, 652, 459, 1193]
2026-07-25 13:04:42 | INFO     | jewelry_detector.image_processor | Object pixel (AI): [92, 738, 330, 1082]
2026-07-25 13:04:42 | INFO     | jewelry_detector.image_processor | Center pixel: [211, 910]
2026-07-25 13:04:42 | INFO     | jewelry_detector.image_processor | Object refined (OpenCV Trim): [15, 640, 476, 1180]
2026-07-25 13:04:42 | INFO     | jewelry_detector.image_processor | Đã lưu ảnh kết quả: FINE23.COMP40_DI_12142022_perspective_result.jpg
2026-07-25 13:04:42 | INFO     | jewelry_detector.image_processor | Tổng thời gian xử lý: 0.05s
2026-07-25 13:47:45 | INFO     | jewelry_detector.image_processor | Clean panel crop: raw_size=200x200 trim_left=0 trim_top=8 trim_right=0 trim_bottom=0 content_retained=98.5% success=True
2026-07-25 13:47:45 | INFO     | jewelry_detector.image_processor | Không tìm thấy nội dung giao với AI Object Bbox.
2026-07-25 13:47:45 | INFO     | jewelry_detector.image_processor | Trimmed Object (ảnh gốc): [122, 122, 379, 379] | AI bbox gốc: [140, 140, 360, 360]
2026-07-25 13:47:45 | INFO     | jewelry_detector.image_processor | OpenCV không tìm được contour phù hợp cho panel. Giữ bbox AI.
2026-07-25 13:47:45 | INFO     | jewelry_detector.image_processor | OpenCV panel refine IoU = 0.859
2026-07-25 13:47:45 | INFO     | jewelry_detector.image_processor | Panel refined: [32, 32, 468, 468]
2026-07-25 13:47:54 | INFO     | jewelry_detector.image_processor | Kích thước ảnh: 500 x 500 px
2026-07-25 13:47:54 | INFO     | jewelry_detector.image_processor | Panel pixel (AI): [50, 50, 450, 450]
2026-07-25 13:47:54 | INFO     | jewelry_detector.image_processor | Object pixel (AI): [100, 100, 400, 400]
2026-07-25 13:47:54 | INFO     | jewelry_detector.image_processor | Center pixel: [250, 250]
2026-07-25 13:47:54 | INFO     | jewelry_detector.image_processor | Kích thước ảnh: 500 x 500 px
2026-07-25 13:47:54 | INFO     | jewelry_detector.image_processor | Panel pixel (AI): [50, 50, 450, 450]
2026-07-25 13:47:54 | INFO     | jewelry_detector.image_processor | Object pixel (AI): [100, 100, 400, 400]
2026-07-25 13:47:54 | INFO     | jewelry_detector.image_processor | Center pixel: [250, 250]
2026-07-25 13:47:54 | INFO     | jewelry_detector.image_processor | Clean panel crop: raw_size=200x200 trim_left=0 trim_top=8 trim_right=0 trim_bottom=0 content_retained=98.5% success=True
2026-07-25 13:47:54 | INFO     | jewelry_detector.image_processor | Không tìm thấy nội dung giao với AI Object Bbox.
2026-07-25 13:47:54 | INFO     | jewelry_detector.image_processor | Trimmed Object (ảnh gốc): [122, 122, 379, 379] | AI bbox gốc: [140, 140, 360, 360]
2026-07-25 13:47:54 | INFO     | jewelry_detector.image_processor | OpenCV không tìm được contour phù hợp cho panel. Giữ bbox AI.
2026-07-25 13:47:54 | INFO     | jewelry_detector.image_processor | OpenCV panel refine IoU = 0.859
2026-07-25 13:47:54 | INFO     | jewelry_detector.image_processor | Panel refined: [32, 32, 468, 468]
2026-07-25 13:48:07 | INFO     | jewelry_detector.image_processor | Kích thước ảnh: 500 x 500 px
2026-07-25 13:48:07 | INFO     | jewelry_detector.image_processor | Panel pixel (AI): [50, 50, 450, 450]
2026-07-25 13:48:07 | INFO     | jewelry_detector.image_processor | Object pixel (AI): [100, 100, 400, 400]
2026-07-25 13:48:07 | INFO     | jewelry_detector.image_processor | Center pixel: [250, 250]
2026-07-25 13:48:07 | INFO     | jewelry_detector.image_processor | Đã lưu ảnh kết quả: sample_img_front_result.jpg
2026-07-25 13:48:07 | INFO     | jewelry_detector.image_processor | Tổng thời gian xử lý: 0.05s
2026-07-25 13:48:07 | INFO     | jewelry_detector.image_processor | Kích thước ảnh: 500 x 500 px
2026-07-25 13:48:07 | INFO     | jewelry_detector.image_processor | Panel pixel (AI): [50, 50, 450, 450]
2026-07-25 13:48:07 | INFO     | jewelry_detector.image_processor | Object pixel (AI): [100, 100, 400, 400]
2026-07-25 13:48:07 | INFO     | jewelry_detector.image_processor | Center pixel: [250, 250]
2026-07-25 13:48:07 | INFO     | jewelry_detector.image_processor | OpenCV không tìm được contour phù hợp cho panel. Giữ bbox AI.
2026-07-25 13:48:07 | INFO     | jewelry_detector.image_processor | Panel refine không thành công, dùng bbox AI.
2026-07-25 13:48:07 | INFO     | jewelry_detector.image_processor | Không tìm thấy nội dung giao với AI Object Bbox.
2026-07-25 13:48:07 | INFO     | jewelry_detector.image_processor | Object trim không thành công, dùng bbox AI gốc.
2026-07-25 13:48:07 | INFO     | jewelry_detector.image_processor | Đã lưu ảnh kết quả: sample_img_front_result.jpg
2026-07-25 13:48:07 | INFO     | jewelry_detector.image_processor | Tổng thời gian xử lý: 0.01s
2026-07-25 13:48:07 | INFO     | jewelry_detector.image_processor | Clean panel crop: raw_size=200x200 trim_left=0 trim_top=8 trim_right=0 trim_bottom=0 content_retained=98.5% success=True
2026-07-25 13:48:07 | INFO     | jewelry_detector.image_processor | Không tìm thấy nội dung giao với AI Object Bbox.
2026-07-25 13:48:07 | INFO     | jewelry_detector.image_processor | Trimmed Object (ảnh gốc): [122, 122, 379, 379] | AI bbox gốc: [140, 140, 360, 360]
2026-07-25 13:48:07 | INFO     | jewelry_detector.image_processor | OpenCV không tìm được contour phù hợp cho panel. Giữ bbox AI.
2026-07-25 13:48:07 | INFO     | jewelry_detector.image_processor | OpenCV panel refine IoU = 0.859
2026-07-25 13:48:07 | INFO     | jewelry_detector.image_processor | Panel refined: [32, 32, 468, 468]
2026-07-25 13:49:12 | INFO     | jewelry_detector.image_processor | Clean panel crop: raw_size=200x200 trim_left=0 trim_top=8 trim_right=0 trim_bottom=0 content_retained=98.5% success=True
2026-07-25 13:49:12 | INFO     | jewelry_detector.image_processor | Không tìm thấy nội dung giao với AI Object Bbox.
2026-07-25 13:49:12 | INFO     | jewelry_detector.image_processor | Trimmed Object (ảnh gốc): [122, 122, 379, 379] | AI bbox gốc: [140, 140, 360, 360]
2026-07-25 13:49:12 | INFO     | jewelry_detector.image_processor | OpenCV không tìm được contour phù hợp cho panel. Giữ bbox AI.
2026-07-25 13:49:12 | INFO     | jewelry_detector.image_processor | OpenCV panel refine IoU = 0.859
2026-07-25 13:49:12 | INFO     | jewelry_detector.image_processor | Panel refined: [32, 32, 468, 468]
2026-07-25 13:49:12 | INFO     | jewelry_detector.image_processor | Kích thước ảnh: 500 x 500 px
2026-07-25 13:49:12 | INFO     | jewelry_detector.image_processor | Panel pixel (AI): [50, 50, 450, 450]
2026-07-25 13:49:12 | INFO     | jewelry_detector.image_processor | Object pixel (AI): [100, 100, 400, 400]
2026-07-25 13:49:12 | INFO     | jewelry_detector.image_processor | Center pixel: [250, 250]
2026-07-25 13:49:12 | INFO     | jewelry_detector.image_processor | Đã lưu ảnh kết quả: sample_img_front_result.jpg
2026-07-25 13:49:12 | INFO     | jewelry_detector.image_processor | Tổng thời gian xử lý: 0.05s
2026-07-25 13:49:12 | INFO     | jewelry_detector.image_processor | Kích thước ảnh: 500 x 500 px
2026-07-25 13:49:12 | INFO     | jewelry_detector.image_processor | Panel pixel (AI): [50, 50, 450, 450]
2026-07-25 13:49:12 | INFO     | jewelry_detector.image_processor | Object pixel (AI): [100, 100, 400, 400]
2026-07-25 13:49:12 | INFO     | jewelry_detector.image_processor | Center pixel: [250, 250]
2026-07-25 13:49:12 | INFO     | jewelry_detector.image_processor | OpenCV không tìm được contour phù hợp cho panel. Giữ bbox AI.
2026-07-25 13:49:12 | INFO     | jewelry_detector.image_processor | Panel refine không thành công, dùng bbox AI.
2026-07-25 13:49:12 | INFO     | jewelry_detector.image_processor | Không tìm thấy nội dung giao với AI Object Bbox.
2026-07-25 13:49:12 | INFO     | jewelry_detector.image_processor | Object trim không thành công, dùng bbox AI gốc.
2026-07-25 13:49:12 | INFO     | jewelry_detector.image_processor | Đã lưu ảnh kết quả: sample_img_front_result.jpg
2026-07-25 13:49:12 | INFO     | jewelry_detector.image_processor | Tổng thời gian xử lý: 0.01s
2026-07-25 13:52:27 | INFO     | jewelry_detector.image_processor | Kích thước ảnh: 500 x 500 px
2026-07-25 13:52:27 | INFO     | jewelry_detector.image_processor | Panel pixel (AI): [50, 50, 450, 450]
2026-07-25 13:52:27 | INFO     | jewelry_detector.image_processor | Object pixel (AI): [150, 150, 350, 350]
2026-07-25 13:52:27 | INFO     | jewelry_detector.image_processor | Center pixel: [250, 250]
2026-07-25 13:52:27 | INFO     | jewelry_detector.image_processor | Clean panel crop: raw_size=400x400 trim_left=4 trim_top=4 trim_right=3 trim_bottom=3 content_retained=100.0% success=True
2026-07-25 13:52:27 | INFO     | jewelry_detector.image_processor | Đã lưu ảnh kết quả: sample_img_front_result.jpg
2026-07-25 13:52:27 | INFO     | jewelry_detector.image_processor | Tổng thời gian xử lý: 0.02s
2026-07-25 13:52:27 | INFO     | jewelry_detector.image_processor | Kích thước ảnh: 500 x 500 px
2026-07-25 13:52:27 | INFO     | jewelry_detector.image_processor | Panel pixel (AI): [50, 50, 450, 450]
2026-07-25 13:52:27 | INFO     | jewelry_detector.image_processor | Object pixel (AI): [150, 150, 350, 350]
2026-07-25 13:52:27 | INFO     | jewelry_detector.image_processor | Center pixel: [250, 250]
2026-07-25 13:52:27 | INFO     | jewelry_detector.image_processor | OpenCV không tìm được contour phù hợp cho panel. Giữ bbox AI.
2026-07-25 13:52:27 | INFO     | jewelry_detector.image_processor | Panel refine không thành công, dùng bbox AI.
2026-07-25 13:52:27 | INFO     | jewelry_detector.image_processor | Không tìm thấy nội dung giao với AI Object Bbox.
2026-07-25 13:52:27 | INFO     | jewelry_detector.image_processor | Object trim không thành công, dùng bbox AI gốc.
2026-07-25 13:52:27 | INFO     | jewelry_detector.image_processor | Đã lưu ảnh kết quả: blank_img_front_result.jpg
2026-07-25 13:52:27 | INFO     | jewelry_detector.image_processor | Tổng thời gian xử lý: 0.01s
2026-07-25 13:52:27 | INFO     | jewelry_detector.image_processor | Kích thước ảnh: 500 x 500 px
2026-07-25 13:52:27 | INFO     | jewelry_detector.image_processor | Panel pixel (AI): [50, 50, 450, 450]
2026-07-25 13:52:27 | INFO     | jewelry_detector.image_processor | Object pixel (AI): [150, 150, 350, 350]
2026-07-25 13:52:27 | INFO     | jewelry_detector.image_processor | Center pixel: [250, 250]
2026-07-25 13:52:27 | INFO     | jewelry_detector.image_processor | OpenCV panel refine IoU = 0.857
2026-07-25 13:52:27 | INFO     | jewelry_detector.image_processor | Panel refined: [34, 34, 466, 466]
2026-07-25 13:52:27 | INFO     | jewelry_detector.image_processor | Panel refined (OpenCV): [34, 34, 466, 466]
2026-07-25 13:52:27 | INFO     | jewelry_detector.image_processor | Clean panel crop: raw_size=432x432 trim_left=20 trim_top=20 trim_right=19 trim_bottom=19 content_retained=88.0% success=True
2026-07-25 13:52:27 | INFO     | jewelry_detector.image_processor | Object refined (OpenCV Trim): [600, 600, 700, 700]
2026-07-25 13:52:27 | INFO     | jewelry_detector.image_processor | Đã lưu ảnh kết quả: sample_img_front_result.jpg
2026-07-25 13:52:27 | INFO     | jewelry_detector.image_processor | Tổng thời gian xử lý: 0.01s
2026-07-25 13:52:27 | INFO     | jewelry_detector.image_processor | Kích thước ảnh: 500 x 500 px
2026-07-25 13:52:27 | INFO     | jewelry_detector.image_processor | Panel pixel (AI): [50, 50, 450, 450]
2026-07-25 13:52:27 | INFO     | jewelry_detector.image_processor | Object pixel (AI): [150, 150, 350, 350]
2026-07-25 13:52:27 | INFO     | jewelry_detector.image_processor | Center pixel: [250, 250]
2026-07-25 13:52:27 | INFO     | jewelry_detector.image_processor | OpenCV panel refine IoU = 0.857
2026-07-25 13:52:27 | INFO     | jewelry_detector.image_processor | Panel refined: [34, 34, 466, 466]
2026-07-25 13:52:27 | INFO     | jewelry_detector.image_processor | Panel refined (OpenCV): [34, 34, 466, 466]
2026-07-25 13:52:27 | INFO     | jewelry_detector.image_processor | Clean panel crop: raw_size=432x432 trim_left=20 trim_top=20 trim_right=19 trim_bottom=19 content_retained=88.0% success=True
2026-07-25 13:52:27 | INFO     | jewelry_detector.image_processor | Trimmed Object (ảnh gốc): [123, 123, 378, 378] | AI bbox gốc: [150, 150, 350, 350]
2026-07-25 13:52:27 | INFO     | jewelry_detector.image_processor | Object refined (OpenCV Trim): [123, 123, 378, 378]
2026-07-25 13:52:27 | INFO     | jewelry_detector.image_processor | Đã lưu ảnh kết quả: sample_img_front_result.jpg
2026-07-25 13:52:27 | INFO     | jewelry_detector.image_processor | Tổng thời gian xử lý: 0.01s
2026-07-25 13:52:27 | INFO     | jewelry_detector.image_processor | Đã lưu JSON: sample_img_front_result.json
2026-07-25 13:52:27 | INFO     | jewelry_detector.image_processor | Clean panel crop: raw_size=200x200 trim_left=0 trim_top=8 trim_right=0 trim_bottom=0 content_retained=98.5% success=True
2026-07-25 13:52:27 | INFO     | jewelry_detector.image_processor | Không tìm thấy nội dung giao với AI Object Bbox.
2026-07-25 13:52:27 | INFO     | jewelry_detector.image_processor | Object IoU 0.035 < 0.35. Giữ bbox AI.
2026-07-25 13:52:27 | INFO     | jewelry_detector.image_processor | Không tìm thấy nội dung giao với AI Object Bbox.
2026-07-25 13:52:27 | INFO     | jewelry_detector.image_processor | Trimmed Object (ảnh gốc): [122, 122, 379, 379] | AI bbox gốc: [140, 140, 360, 360]
2026-07-25 13:52:27 | INFO     | jewelry_detector.image_processor | OpenCV không tìm được contour phù hợp cho panel. Giữ bbox AI.
2026-07-25 13:52:27 | INFO     | jewelry_detector.image_processor | OpenCV panel refine IoU = 0.859
2026-07-25 13:52:27 | INFO     | jewelry_detector.image_processor | Panel refined: [32, 32, 468, 468]
2026-07-25 13:52:54 | INFO     | jewelry_detector.image_processor | Kích thước ảnh: 500 x 500 px
2026-07-25 13:52:54 | INFO     | jewelry_detector.image_processor | Panel pixel (AI): [50, 50, 450, 450]
2026-07-25 13:52:54 | INFO     | jewelry_detector.image_processor | Object pixel (AI): [150, 150, 350, 350]
2026-07-25 13:52:54 | INFO     | jewelry_detector.image_processor | Center pixel: [250, 250]
2026-07-25 13:52:54 | INFO     | jewelry_detector.image_processor | Clean panel crop: raw_size=400x400 trim_left=4 trim_top=4 trim_right=3 trim_bottom=3 content_retained=100.0% success=True
2026-07-25 13:52:54 | INFO     | jewelry_detector.image_processor | Đã lưu ảnh kết quả: sample_img_front_result.jpg
2026-07-25 13:52:54 | INFO     | jewelry_detector.image_processor | Tổng thời gian xử lý: 0.02s
2026-07-25 13:52:54 | INFO     | jewelry_detector.image_processor | Kích thước ảnh: 500 x 500 px
2026-07-25 13:52:54 | INFO     | jewelry_detector.image_processor | Panel pixel (AI): [50, 50, 450, 450]
2026-07-25 13:52:54 | INFO     | jewelry_detector.image_processor | Object pixel (AI): [150, 150, 350, 350]
2026-07-25 13:52:54 | INFO     | jewelry_detector.image_processor | Center pixel: [250, 250]
2026-07-25 13:52:54 | INFO     | jewelry_detector.image_processor | OpenCV không tìm được contour phù hợp cho panel. Giữ bbox AI.
2026-07-25 13:52:54 | INFO     | jewelry_detector.image_processor | Panel refine không thành công, dùng bbox AI.
2026-07-25 13:52:54 | INFO     | jewelry_detector.image_processor | Không tìm thấy nội dung giao với AI Object Bbox.
2026-07-25 13:52:54 | INFO     | jewelry_detector.image_processor | Object trim không thành công, dùng bbox AI gốc.
2026-07-25 13:52:54 | INFO     | jewelry_detector.image_processor | Đã lưu ảnh kết quả: blank_img_front_result.jpg
2026-07-25 13:52:54 | INFO     | jewelry_detector.image_processor | Tổng thời gian xử lý: 0.01s
2026-07-25 13:52:54 | INFO     | jewelry_detector.image_processor | Kích thước ảnh: 500 x 500 px
2026-07-25 13:52:54 | INFO     | jewelry_detector.image_processor | Panel pixel (AI): [50, 50, 450, 450]
2026-07-25 13:52:54 | INFO     | jewelry_detector.image_processor | Object pixel (AI): [150, 150, 350, 350]
2026-07-25 13:52:54 | INFO     | jewelry_detector.image_processor | Center pixel: [250, 250]
2026-07-25 13:52:54 | INFO     | jewelry_detector.image_processor | OpenCV panel refine IoU = 0.857
2026-07-25 13:52:54 | INFO     | jewelry_detector.image_processor | Panel refined: [34, 34, 466, 466]
2026-07-25 13:52:54 | INFO     | jewelry_detector.image_processor | Panel refined (OpenCV): [34, 34, 466, 466]
2026-07-25 13:52:54 | INFO     | jewelry_detector.image_processor | Clean panel crop: raw_size=432x432 trim_left=20 trim_top=20 trim_right=19 trim_bottom=19 content_retained=88.0% success=True
2026-07-25 13:52:54 | WARNING  | jewelry_detector.image_processor | Refined object bbox không hợp lệ (refined_object_bbox: bbox [600.0,600.0,700.0,700.0] vượt ngoài ảnh [500x500]). Giữ bbox AI.
2026-07-25 13:52:54 | INFO     | jewelry_detector.image_processor | Đã lưu ảnh kết quả: sample_img_front_result.jpg
2026-07-25 13:52:54 | INFO     | jewelry_detector.image_processor | Tổng thời gian xử lý: 0.01s
2026-07-25 13:52:54 | INFO     | jewelry_detector.image_processor | Kích thước ảnh: 500 x 500 px
2026-07-25 13:52:54 | INFO     | jewelry_detector.image_processor | Panel pixel (AI): [50, 50, 450, 450]
2026-07-25 13:52:54 | INFO     | jewelry_detector.image_processor | Object pixel (AI): [150, 150, 350, 350]
2026-07-25 13:52:54 | INFO     | jewelry_detector.image_processor | Center pixel: [250, 250]
2026-07-25 13:52:54 | INFO     | jewelry_detector.image_processor | OpenCV panel refine IoU = 0.857
2026-07-25 13:52:54 | INFO     | jewelry_detector.image_processor | Panel refined: [34, 34, 466, 466]
2026-07-25 13:52:54 | INFO     | jewelry_detector.image_processor | Panel refined (OpenCV): [34, 34, 466, 466]
2026-07-25 13:52:54 | INFO     | jewelry_detector.image_processor | Clean panel crop: raw_size=432x432 trim_left=20 trim_top=20 trim_right=19 trim_bottom=19 content_retained=88.0% success=True
2026-07-25 13:52:54 | INFO     | jewelry_detector.image_processor | Trimmed Object (ảnh gốc): [123, 123, 378, 378] | AI bbox gốc: [150, 150, 350, 350]
2026-07-25 13:52:54 | INFO     | jewelry_detector.image_processor | Object refined (OpenCV Trim): [123, 123, 378, 378]
2026-07-25 13:52:54 | INFO     | jewelry_detector.image_processor | Đã lưu ảnh kết quả: sample_img_front_result.jpg
2026-07-25 13:52:54 | INFO     | jewelry_detector.image_processor | Tổng thời gian xử lý: 0.01s
2026-07-25 13:52:54 | INFO     | jewelry_detector.image_processor | Đã lưu JSON: sample_img_front_result.json
2026-07-25 13:52:54 | INFO     | jewelry_detector.image_processor | Clean panel crop: raw_size=200x200 trim_left=0 trim_top=8 trim_right=0 trim_bottom=0 content_retained=98.5% success=True
2026-07-25 13:52:54 | INFO     | jewelry_detector.image_processor | Không tìm thấy nội dung giao với AI Object Bbox.
2026-07-25 13:52:54 | INFO     | jewelry_detector.image_processor | Object IoU 0.035 < 0.35. Giữ bbox AI.
2026-07-25 13:52:54 | INFO     | jewelry_detector.image_processor | Không tìm thấy nội dung giao với AI Object Bbox.
2026-07-25 13:52:54 | INFO     | jewelry_detector.image_processor | Trimmed Object (ảnh gốc): [122, 122, 379, 379] | AI bbox gốc: [140, 140, 360, 360]
2026-07-25 13:52:54 | INFO     | jewelry_detector.image_processor | OpenCV không tìm được contour phù hợp cho panel. Giữ bbox AI.
2026-07-25 13:52:54 | INFO     | jewelry_detector.image_processor | OpenCV panel refine IoU = 0.859
2026-07-25 13:52:54 | INFO     | jewelry_detector.image_processor | Panel refined: [32, 32, 468, 468]
2026-07-25 13:53:28 | INFO     | jewelry_detector.image_processor | Kích thước ảnh: 500 x 500 px
2026-07-25 13:53:28 | INFO     | jewelry_detector.image_processor | Panel pixel (AI): [50, 50, 450, 450]
2026-07-25 13:53:28 | INFO     | jewelry_detector.image_processor | Object pixel (AI): [150, 150, 350, 350]
2026-07-25 13:53:28 | INFO     | jewelry_detector.image_processor | Center pixel: [250, 250]
2026-07-25 13:53:28 | INFO     | jewelry_detector.image_processor | Clean panel crop: raw_size=400x400 trim_left=4 trim_top=4 trim_right=3 trim_bottom=3 content_retained=100.0% success=True
2026-07-25 13:53:28 | INFO     | jewelry_detector.image_processor | Đã lưu ảnh kết quả: sample_img_front_result.jpg
2026-07-25 13:53:28 | INFO     | jewelry_detector.image_processor | Tổng thời gian xử lý: 0.03s
2026-07-25 13:53:28 | INFO     | jewelry_detector.image_processor | Kích thước ảnh: 500 x 500 px
2026-07-25 13:53:28 | INFO     | jewelry_detector.image_processor | Panel pixel (AI): [50, 50, 450, 450]
2026-07-25 13:53:28 | INFO     | jewelry_detector.image_processor | Object pixel (AI): [150, 150, 350, 350]
2026-07-25 13:53:28 | INFO     | jewelry_detector.image_processor | Center pixel: [250, 250]
2026-07-25 13:53:28 | INFO     | jewelry_detector.image_processor | OpenCV không tìm được contour phù hợp cho panel. Giữ bbox AI.
2026-07-25 13:53:28 | INFO     | jewelry_detector.image_processor | Panel refine không thành công, dùng bbox AI.
2026-07-25 13:53:28 | INFO     | jewelry_detector.image_processor | Không tìm thấy nội dung giao với AI Object Bbox.
2026-07-25 13:53:28 | INFO     | jewelry_detector.image_processor | Object trim không thành công, dùng bbox AI gốc.
2026-07-25 13:53:28 | INFO     | jewelry_detector.image_processor | Đã lưu ảnh kết quả: blank_img_front_result.jpg
2026-07-25 13:53:28 | INFO     | jewelry_detector.image_processor | Tổng thời gian xử lý: 0.01s
2026-07-25 13:53:28 | INFO     | jewelry_detector.image_processor | Kích thước ảnh: 500 x 500 px
2026-07-25 13:53:28 | INFO     | jewelry_detector.image_processor | Panel pixel (AI): [50, 50, 450, 450]
2026-07-25 13:53:28 | INFO     | jewelry_detector.image_processor | Object pixel (AI): [150, 150, 350, 350]
2026-07-25 13:53:28 | INFO     | jewelry_detector.image_processor | Center pixel: [250, 250]
2026-07-25 13:53:28 | INFO     | jewelry_detector.image_processor | OpenCV panel refine IoU = 0.857
2026-07-25 13:53:28 | INFO     | jewelry_detector.image_processor | Panel refined: [34, 34, 466, 466]
2026-07-25 13:53:28 | INFO     | jewelry_detector.image_processor | Panel refined (OpenCV): [34, 34, 466, 466]
2026-07-25 13:53:28 | INFO     | jewelry_detector.image_processor | Clean panel crop: raw_size=432x432 trim_left=20 trim_top=20 trim_right=19 trim_bottom=19 content_retained=88.0% success=True
2026-07-25 13:53:28 | WARNING  | jewelry_detector.image_processor | Refined object bbox không hợp lệ (refined_object_bbox: bbox [600.0,600.0,700.0,700.0] vượt ngoài ảnh [500x500]). Giữ bbox AI.
2026-07-25 13:53:28 | INFO     | jewelry_detector.image_processor | Đã lưu ảnh kết quả: sample_img_front_result.jpg
2026-07-25 13:53:28 | INFO     | jewelry_detector.image_processor | Tổng thời gian xử lý: 0.01s
2026-07-25 13:53:28 | INFO     | jewelry_detector.image_processor | Kích thước ảnh: 500 x 500 px
2026-07-25 13:53:28 | INFO     | jewelry_detector.image_processor | Panel pixel (AI): [50, 50, 450, 450]
2026-07-25 13:53:28 | INFO     | jewelry_detector.image_processor | Object pixel (AI): [150, 150, 350, 350]
2026-07-25 13:53:28 | INFO     | jewelry_detector.image_processor | Center pixel: [250, 250]
2026-07-25 13:53:28 | INFO     | jewelry_detector.image_processor | OpenCV panel refine IoU = 0.857
2026-07-25 13:53:28 | INFO     | jewelry_detector.image_processor | Panel refined: [34, 34, 466, 466]
2026-07-25 13:53:28 | INFO     | jewelry_detector.image_processor | Panel refined (OpenCV): [34, 34, 466, 466]
2026-07-25 13:53:28 | INFO     | jewelry_detector.image_processor | Clean panel crop: raw_size=432x432 trim_left=20 trim_top=20 trim_right=19 trim_bottom=19 content_retained=88.0% success=True
2026-07-25 13:53:28 | INFO     | jewelry_detector.image_processor | Trimmed Object (ảnh gốc): [123, 123, 378, 378] | AI bbox gốc: [150, 150, 350, 350]
2026-07-25 13:53:28 | INFO     | jewelry_detector.image_processor | Object refined (OpenCV Trim): [123, 123, 378, 378]
2026-07-25 13:53:28 | INFO     | jewelry_detector.image_processor | Đã lưu ảnh kết quả: sample_img_front_result.jpg
2026-07-25 13:53:28 | INFO     | jewelry_detector.image_processor | Tổng thời gian xử lý: 0.01s
2026-07-25 13:53:28 | INFO     | jewelry_detector.image_processor | Đã lưu JSON: sample_img_front_result.json
2026-07-25 13:53:28 | INFO     | jewelry_detector.image_processor | Clean panel crop: raw_size=200x200 trim_left=0 trim_top=8 trim_right=0 trim_bottom=0 content_retained=98.5% success=True
2026-07-25 13:53:28 | INFO     | jewelry_detector.image_processor | Không tìm thấy nội dung giao với AI Object Bbox.
2026-07-25 13:53:28 | INFO     | jewelry_detector.image_processor | Object area ratio 0.035 < 0.3. Giữ bbox AI.
2026-07-25 13:53:28 | INFO     | jewelry_detector.image_processor | Không tìm thấy nội dung giao với AI Object Bbox.
2026-07-25 13:53:28 | INFO     | jewelry_detector.image_processor | Trimmed Object (ảnh gốc): [122, 122, 379, 379] | AI bbox gốc: [140, 140, 360, 360]
2026-07-25 13:53:28 | INFO     | jewelry_detector.image_processor | OpenCV không tìm được contour phù hợp cho panel. Giữ bbox AI.
2026-07-25 13:53:28 | INFO     | jewelry_detector.image_processor | OpenCV panel refine IoU = 0.859
2026-07-25 13:53:28 | INFO     | jewelry_detector.image_processor | Panel refined: [32, 32, 468, 468]
2026-07-25 13:53:45 | INFO     | jewelry_detector.image_processor | Kích thước ảnh: 500 x 500 px
2026-07-25 13:53:45 | INFO     | jewelry_detector.image_processor | Panel pixel (AI): [50, 50, 450, 450]
2026-07-25 13:53:45 | INFO     | jewelry_detector.image_processor | Object pixel (AI): [150, 150, 350, 350]
2026-07-25 13:53:45 | INFO     | jewelry_detector.image_processor | Center pixel: [250, 250]
2026-07-25 13:53:45 | INFO     | jewelry_detector.image_processor | Clean panel crop: raw_size=400x400 trim_left=4 trim_top=4 trim_right=3 trim_bottom=3 content_retained=100.0% success=True
2026-07-25 13:53:45 | INFO     | jewelry_detector.image_processor | Đã lưu ảnh kết quả: sample_img_front_result.jpg
2026-07-25 13:53:45 | INFO     | jewelry_detector.image_processor | Tổng thời gian xử lý: 0.03s
2026-07-25 13:53:45 | INFO     | jewelry_detector.image_processor | Kích thước ảnh: 500 x 500 px
2026-07-25 13:53:45 | INFO     | jewelry_detector.image_processor | Panel pixel (AI): [50, 50, 450, 450]
2026-07-25 13:53:45 | INFO     | jewelry_detector.image_processor | Object pixel (AI): [150, 150, 350, 350]
2026-07-25 13:53:45 | INFO     | jewelry_detector.image_processor | Center pixel: [250, 250]
2026-07-25 13:53:45 | INFO     | jewelry_detector.image_processor | OpenCV không tìm được contour phù hợp cho panel. Giữ bbox AI.
2026-07-25 13:53:45 | INFO     | jewelry_detector.image_processor | Panel refine không thành công, dùng bbox AI.
2026-07-25 13:53:45 | INFO     | jewelry_detector.image_processor | Không tìm thấy nội dung giao với AI Object Bbox.
2026-07-25 13:53:45 | INFO     | jewelry_detector.image_processor | Object trim không thành công, dùng bbox AI gốc.
2026-07-25 13:53:45 | INFO     | jewelry_detector.image_processor | Đã lưu ảnh kết quả: blank_img_front_result.jpg
2026-07-25 13:53:45 | INFO     | jewelry_detector.image_processor | Tổng thời gian xử lý: 0.01s
2026-07-25 13:53:45 | INFO     | jewelry_detector.image_processor | Kích thước ảnh: 500 x 500 px
2026-07-25 13:53:45 | INFO     | jewelry_detector.image_processor | Panel pixel (AI): [50, 50, 450, 450]
2026-07-25 13:53:45 | INFO     | jewelry_detector.image_processor | Object pixel (AI): [150, 150, 350, 350]
2026-07-25 13:53:45 | INFO     | jewelry_detector.image_processor | Center pixel: [250, 250]
2026-07-25 13:53:45 | INFO     | jewelry_detector.image_processor | OpenCV panel refine IoU = 0.857
2026-07-25 13:53:45 | INFO     | jewelry_detector.image_processor | Panel refined: [34, 34, 466, 466]
2026-07-25 13:53:45 | INFO     | jewelry_detector.image_processor | Panel refined (OpenCV): [34, 34, 466, 466]
2026-07-25 13:53:45 | INFO     | jewelry_detector.image_processor | Clean panel crop: raw_size=432x432 trim_left=20 trim_top=20 trim_right=19 trim_bottom=19 content_retained=88.0% success=True
2026-07-25 13:53:45 | WARNING  | jewelry_detector.image_processor | Refined object bbox không hợp lệ (refined_object_bbox: bbox [600.0,600.0,700.0,700.0] vượt ngoài ảnh [500x500]). Giữ bbox AI.
2026-07-25 13:53:45 | INFO     | jewelry_detector.image_processor | Đã lưu ảnh kết quả: sample_img_front_result.jpg
2026-07-25 13:53:45 | INFO     | jewelry_detector.image_processor | Tổng thời gian xử lý: 0.01s
2026-07-25 13:53:45 | INFO     | jewelry_detector.image_processor | Kích thước ảnh: 500 x 500 px
2026-07-25 13:53:45 | INFO     | jewelry_detector.image_processor | Panel pixel (AI): [50, 50, 450, 450]
2026-07-25 13:53:45 | INFO     | jewelry_detector.image_processor | Object pixel (AI): [150, 150, 350, 350]
2026-07-25 13:53:45 | INFO     | jewelry_detector.image_processor | Center pixel: [250, 250]
2026-07-25 13:53:45 | INFO     | jewelry_detector.image_processor | OpenCV panel refine IoU = 0.857
2026-07-25 13:53:45 | INFO     | jewelry_detector.image_processor | Panel refined: [34, 34, 466, 466]
2026-07-25 13:53:45 | INFO     | jewelry_detector.image_processor | Panel refined (OpenCV): [34, 34, 466, 466]
2026-07-25 13:53:45 | INFO     | jewelry_detector.image_processor | Clean panel crop: raw_size=432x432 trim_left=20 trim_top=20 trim_right=19 trim_bottom=19 content_retained=88.0% success=True
2026-07-25 13:53:45 | INFO     | jewelry_detector.image_processor | Trimmed Object (ảnh gốc): [123, 123, 378, 378] | AI bbox gốc: [150, 150, 350, 350]
2026-07-25 13:53:45 | INFO     | jewelry_detector.image_processor | Object refined (OpenCV Trim): [123, 123, 378, 378]
2026-07-25 13:53:45 | INFO     | jewelry_detector.image_processor | Đã lưu ảnh kết quả: sample_img_front_result.jpg
2026-07-25 13:53:45 | INFO     | jewelry_detector.image_processor | Tổng thời gian xử lý: 0.01s
2026-07-25 13:53:45 | INFO     | jewelry_detector.image_processor | Đã lưu JSON: sample_img_front_result.json
2026-07-25 13:53:45 | INFO     | jewelry_detector.image_processor | Clean panel crop: raw_size=200x200 trim_left=0 trim_top=8 trim_right=0 trim_bottom=0 content_retained=98.5% success=True
2026-07-25 13:53:45 | INFO     | jewelry_detector.image_processor | Object area ratio 41.281 > 2.5. Giữ bbox AI.
2026-07-25 13:53:45 | INFO     | jewelry_detector.image_processor | Object area ratio 0.035 < 0.3. Giữ bbox AI.
2026-07-25 13:53:45 | INFO     | jewelry_detector.image_processor | Không tìm thấy nội dung giao với AI Object Bbox.
2026-07-25 13:53:45 | INFO     | jewelry_detector.image_processor | Trimmed Object (ảnh gốc): [122, 122, 379, 379] | AI bbox gốc: [140, 140, 360, 360]
2026-07-25 13:53:45 | INFO     | jewelry_detector.image_processor | OpenCV không tìm được contour phù hợp cho panel. Giữ bbox AI.
2026-07-25 13:53:45 | INFO     | jewelry_detector.image_processor | OpenCV panel refine IoU = 0.859
2026-07-25 13:53:45 | INFO     | jewelry_detector.image_processor | Panel refined: [32, 32, 468, 468]
2026-07-25 13:54:05 | INFO     | jewelry_detector.image_processor | Kích thước ảnh: 500 x 500 px
2026-07-25 13:54:05 | INFO     | jewelry_detector.image_processor | Panel pixel (AI): [50, 50, 450, 450]
2026-07-25 13:54:05 | INFO     | jewelry_detector.image_processor | Object pixel (AI): [150, 150, 350, 350]
2026-07-25 13:54:05 | INFO     | jewelry_detector.image_processor | Center pixel: [250, 250]
2026-07-25 13:54:05 | INFO     | jewelry_detector.image_processor | Clean panel crop: raw_size=400x400 trim_left=4 trim_top=4 trim_right=3 trim_bottom=3 content_retained=100.0% success=True
2026-07-25 13:54:05 | INFO     | jewelry_detector.image_processor | Đã lưu ảnh kết quả: sample_img_front_result.jpg
2026-07-25 13:54:05 | INFO     | jewelry_detector.image_processor | Tổng thời gian xử lý: 0.02s
2026-07-25 13:54:05 | INFO     | jewelry_detector.image_processor | Kích thước ảnh: 500 x 500 px
2026-07-25 13:54:05 | INFO     | jewelry_detector.image_processor | Panel pixel (AI): [50, 50, 450, 450]
2026-07-25 13:54:05 | INFO     | jewelry_detector.image_processor | Object pixel (AI): [150, 150, 350, 350]
2026-07-25 13:54:05 | INFO     | jewelry_detector.image_processor | Center pixel: [250, 250]
2026-07-25 13:54:05 | INFO     | jewelry_detector.image_processor | OpenCV không tìm được contour phù hợp cho panel. Giữ bbox AI.
2026-07-25 13:54:05 | INFO     | jewelry_detector.image_processor | Panel refine không thành công, dùng bbox AI.
2026-07-25 13:54:05 | INFO     | jewelry_detector.image_processor | Không tìm thấy nội dung giao với AI Object Bbox.
2026-07-25 13:54:05 | INFO     | jewelry_detector.image_processor | Object trim không thành công, dùng bbox AI gốc.
2026-07-25 13:54:05 | INFO     | jewelry_detector.image_processor | Đã lưu ảnh kết quả: blank_img_front_result.jpg
2026-07-25 13:54:05 | INFO     | jewelry_detector.image_processor | Tổng thời gian xử lý: 0.01s
2026-07-25 13:54:05 | INFO     | jewelry_detector.image_processor | Kích thước ảnh: 500 x 500 px
2026-07-25 13:54:05 | INFO     | jewelry_detector.image_processor | Panel pixel (AI): [50, 50, 450, 450]
2026-07-25 13:54:05 | INFO     | jewelry_detector.image_processor | Object pixel (AI): [150, 150, 350, 350]
2026-07-25 13:54:05 | INFO     | jewelry_detector.image_processor | Center pixel: [250, 250]
2026-07-25 13:54:05 | INFO     | jewelry_detector.image_processor | OpenCV panel refine IoU = 0.857
2026-07-25 13:54:05 | INFO     | jewelry_detector.image_processor | Panel refined: [34, 34, 466, 466]
2026-07-25 13:54:05 | INFO     | jewelry_detector.image_processor | Panel refined (OpenCV): [34, 34, 466, 466]
2026-07-25 13:54:05 | INFO     | jewelry_detector.image_processor | Clean panel crop: raw_size=432x432 trim_left=20 trim_top=20 trim_right=19 trim_bottom=19 content_retained=88.0% success=True
2026-07-25 13:54:05 | WARNING  | jewelry_detector.image_processor | Refined object bbox không hợp lệ (refined_object_bbox: bbox [600.0,600.0,700.0,700.0] vượt ngoài ảnh [500x500]). Giữ bbox AI.
2026-07-25 13:54:05 | INFO     | jewelry_detector.image_processor | Đã lưu ảnh kết quả: sample_img_front_result.jpg
2026-07-25 13:54:05 | INFO     | jewelry_detector.image_processor | Tổng thời gian xử lý: 0.01s
2026-07-25 13:54:05 | INFO     | jewelry_detector.image_processor | Kích thước ảnh: 500 x 500 px
2026-07-25 13:54:05 | INFO     | jewelry_detector.image_processor | Panel pixel (AI): [50, 50, 450, 450]
2026-07-25 13:54:05 | INFO     | jewelry_detector.image_processor | Object pixel (AI): [150, 150, 350, 350]
2026-07-25 13:54:05 | INFO     | jewelry_detector.image_processor | Center pixel: [250, 250]
2026-07-25 13:54:05 | INFO     | jewelry_detector.image_processor | OpenCV panel refine IoU = 0.857
2026-07-25 13:54:05 | INFO     | jewelry_detector.image_processor | Panel refined: [34, 34, 466, 466]
2026-07-25 13:54:05 | INFO     | jewelry_detector.image_processor | Panel refined (OpenCV): [34, 34, 466, 466]
2026-07-25 13:54:05 | INFO     | jewelry_detector.image_processor | Clean panel crop: raw_size=432x432 trim_left=20 trim_top=20 trim_right=19 trim_bottom=19 content_retained=88.0% success=True
2026-07-25 13:54:05 | INFO     | jewelry_detector.image_processor | Trimmed Object (ảnh gốc): [123, 123, 378, 378] | AI bbox gốc: [150, 150, 350, 350]
2026-07-25 13:54:05 | INFO     | jewelry_detector.image_processor | Object refined (OpenCV Trim): [123, 123, 378, 378]
2026-07-25 13:54:05 | INFO     | jewelry_detector.image_processor | Đã lưu ảnh kết quả: sample_img_front_result.jpg
2026-07-25 13:54:05 | INFO     | jewelry_detector.image_processor | Tổng thời gian xử lý: 0.01s
2026-07-25 13:54:05 | INFO     | jewelry_detector.image_processor | Đã lưu JSON: sample_img_front_result.json
2026-07-25 13:54:05 | INFO     | jewelry_detector.image_processor | Clean panel crop: raw_size=200x200 trim_left=0 trim_top=8 trim_right=0 trim_bottom=0 content_retained=98.5% success=True
2026-07-25 13:54:05 | INFO     | jewelry_detector.image_processor | Object area ratio 41.281 > 2.5. Giữ bbox AI.
2026-07-25 13:54:05 | INFO     | jewelry_detector.image_processor | Object area ratio 0.035 < 0.3. Giữ bbox AI.
2026-07-25 13:54:05 | INFO     | jewelry_detector.image_processor | Không tìm thấy nội dung giao với AI Object Bbox.
2026-07-25 13:54:05 | INFO     | jewelry_detector.image_processor | Trimmed Object (ảnh gốc): [122, 122, 379, 379] | AI bbox gốc: [140, 140, 360, 360]
2026-07-25 13:54:05 | INFO     | jewelry_detector.image_processor | OpenCV không tìm được contour phù hợp cho panel. Giữ bbox AI.
2026-07-25 13:54:05 | INFO     | jewelry_detector.image_processor | OpenCV panel refine IoU = 0.859
2026-07-25 13:54:05 | INFO     | jewelry_detector.image_processor | Panel refined: [32, 32, 468, 468]
2026-07-25 13:55:13 | INFO     | jewelry_detector.image_processor | Kích thước ảnh: 500 x 500 px
2026-07-25 13:55:13 | INFO     | jewelry_detector.image_processor | Panel pixel (AI): [50, 50, 450, 450]
2026-07-25 13:55:13 | INFO     | jewelry_detector.image_processor | Object pixel (AI): [150, 150, 350, 350]
2026-07-25 13:55:13 | INFO     | jewelry_detector.image_processor | Center pixel: [250, 250]
2026-07-25 13:55:13 | INFO     | jewelry_detector.image_processor | Clean panel crop: raw_size=400x400 trim_left=4 trim_top=4 trim_right=3 trim_bottom=3 content_retained=100.0% success=True
2026-07-25 13:55:13 | INFO     | jewelry_detector.image_processor | Đã lưu ảnh kết quả: sample_img_front_result.jpg
2026-07-25 13:55:13 | INFO     | jewelry_detector.image_processor | Tổng thời gian xử lý: 0.03s
2026-07-25 13:55:13 | INFO     | jewelry_detector.image_processor | Kích thước ảnh: 500 x 500 px
2026-07-25 13:55:13 | INFO     | jewelry_detector.image_processor | Panel pixel (AI): [50, 50, 450, 450]
2026-07-25 13:55:13 | INFO     | jewelry_detector.image_processor | Object pixel (AI): [150, 150, 350, 350]
2026-07-25 13:55:13 | INFO     | jewelry_detector.image_processor | Center pixel: [250, 250]
2026-07-25 13:55:13 | INFO     | jewelry_detector.image_processor | OpenCV không tìm được contour phù hợp cho panel. Giữ bbox AI.
2026-07-25 13:55:13 | INFO     | jewelry_detector.image_processor | Panel refine không thành công, dùng bbox AI.
2026-07-25 13:55:13 | INFO     | jewelry_detector.image_processor | Không tìm thấy nội dung giao với AI Object Bbox.
2026-07-25 13:55:13 | INFO     | jewelry_detector.image_processor | Object trim không thành công, dùng bbox AI gốc.
2026-07-25 13:55:13 | INFO     | jewelry_detector.image_processor | Đã lưu ảnh kết quả: blank_img_front_result.jpg
2026-07-25 13:55:13 | INFO     | jewelry_detector.image_processor | Tổng thời gian xử lý: 0.01s
2026-07-25 13:55:13 | INFO     | jewelry_detector.image_processor | Kích thước ảnh: 500 x 500 px
2026-07-25 13:55:13 | INFO     | jewelry_detector.image_processor | Panel pixel (AI): [50, 50, 450, 450]
2026-07-25 13:55:13 | INFO     | jewelry_detector.image_processor | Object pixel (AI): [150, 150, 350, 350]
2026-07-25 13:55:13 | INFO     | jewelry_detector.image_processor | Center pixel: [250, 250]
2026-07-25 13:55:13 | INFO     | jewelry_detector.image_processor | OpenCV panel refine IoU = 0.857
2026-07-25 13:55:13 | INFO     | jewelry_detector.image_processor | Panel refined: [34, 34, 466, 466]
2026-07-25 13:55:13 | INFO     | jewelry_detector.image_processor | Panel refined (OpenCV): [34, 34, 466, 466]
2026-07-25 13:55:13 | INFO     | jewelry_detector.image_processor | Clean panel crop: raw_size=432x432 trim_left=20 trim_top=20 trim_right=19 trim_bottom=19 content_retained=88.0% success=True
2026-07-25 13:55:13 | WARNING  | jewelry_detector.image_processor | Refined object bbox không hợp lệ (refined_object_bbox: bbox [600.0,600.0,700.0,700.0] vượt ngoài ảnh [500x500]). Giữ bbox AI.
2026-07-25 13:55:13 | INFO     | jewelry_detector.image_processor | Đã lưu ảnh kết quả: sample_img_front_result.jpg
2026-07-25 13:55:13 | INFO     | jewelry_detector.image_processor | Tổng thời gian xử lý: 0.01s
2026-07-25 13:55:13 | INFO     | jewelry_detector.image_processor | Kích thước ảnh: 500 x 500 px
2026-07-25 13:55:13 | INFO     | jewelry_detector.image_processor | Panel pixel (AI): [50, 50, 450, 450]
2026-07-25 13:55:13 | INFO     | jewelry_detector.image_processor | Object pixel (AI): [150, 150, 350, 350]
2026-07-25 13:55:13 | INFO     | jewelry_detector.image_processor | Center pixel: [250, 250]
2026-07-25 13:55:13 | INFO     | jewelry_detector.image_processor | OpenCV panel refine IoU = 0.857
2026-07-25 13:55:13 | INFO     | jewelry_detector.image_processor | Panel refined: [34, 34, 466, 466]
2026-07-25 13:55:13 | INFO     | jewelry_detector.image_processor | Panel refined (OpenCV): [34, 34, 466, 466]
2026-07-25 13:55:13 | INFO     | jewelry_detector.image_processor | Clean panel crop: raw_size=432x432 trim_left=20 trim_top=20 trim_right=19 trim_bottom=19 content_retained=88.0% success=True
2026-07-25 13:55:13 | INFO     | jewelry_detector.image_processor | Trimmed Object (ảnh gốc): [123, 123, 378, 378] | AI bbox gốc: [150, 150, 350, 350]
2026-07-25 13:55:13 | INFO     | jewelry_detector.image_processor | Object refined (OpenCV Trim): [123, 123, 378, 378]
2026-07-25 13:55:13 | INFO     | jewelry_detector.image_processor | Đã lưu ảnh kết quả: sample_img_front_result.jpg
2026-07-25 13:55:13 | INFO     | jewelry_detector.image_processor | Tổng thời gian xử lý: 0.01s
2026-07-25 13:55:13 | INFO     | jewelry_detector.image_processor | Đã lưu JSON: sample_img_front_result.json
2026-07-25 13:55:13 | INFO     | jewelry_detector.image_processor | Clean panel crop: raw_size=200x200 trim_left=0 trim_top=8 trim_right=0 trim_bottom=0 content_retained=98.5% success=True
2026-07-25 13:55:13 | INFO     | jewelry_detector.image_processor | Object area ratio 41.281 > 2.5. Giữ bbox AI.
2026-07-25 13:55:13 | INFO     | jewelry_detector.image_processor | Object area ratio 0.035 < 0.3. Giữ bbox AI.
2026-07-25 13:55:13 | INFO     | jewelry_detector.image_processor | Không tìm thấy nội dung giao với AI Object Bbox.
2026-07-25 13:55:13 | INFO     | jewelry_detector.image_processor | Trimmed Object (ảnh gốc): [122, 122, 379, 379] | AI bbox gốc: [140, 140, 360, 360]
2026-07-25 13:55:13 | INFO     | jewelry_detector.image_processor | OpenCV không tìm được contour phù hợp cho panel. Giữ bbox AI.
2026-07-25 13:55:13 | INFO     | jewelry_detector.image_processor | OpenCV panel refine IoU = 0.859
2026-07-25 13:55:13 | INFO     | jewelry_detector.image_processor | Panel refined: [32, 32, 468, 468]
2026-07-25 13:59:02 | INFO     | jewelry_detector.image_processor | Kích thước ảnh: 500 x 500 px
2026-07-25 13:59:02 | INFO     | jewelry_detector.image_processor | Panel pixel (AI): [50, 50, 450, 450]
2026-07-25 13:59:02 | INFO     | jewelry_detector.image_processor | Object pixel (AI): [150, 150, 350, 350]
2026-07-25 13:59:02 | INFO     | jewelry_detector.image_processor | Center pixel: [250, 250]
2026-07-25 13:59:02 | INFO     | jewelry_detector.image_processor | OpenCV panel refine IoU = 0.857
2026-07-25 13:59:02 | INFO     | jewelry_detector.image_processor | Panel refined: [34, 34, 466, 466]
2026-07-25 13:59:02 | INFO     | jewelry_detector.image_processor | Panel refined (OpenCV): [34, 34, 466, 466]
2026-07-25 13:59:02 | INFO     | jewelry_detector.image_processor | Clean panel crop: raw_size=432x432 trim_left=20 trim_top=20 trim_right=19 trim_bottom=19 content_retained=88.0% success=True
2026-07-25 13:59:02 | INFO     | jewelry_detector.image_processor | Trimmed Object (ảnh gốc): [123, 123, 378, 378] | AI bbox gốc: [150, 150, 350, 350]
2026-07-25 13:59:02 | INFO     | jewelry_detector.image_processor | Object refined (OpenCV Trim): [123, 123, 378, 378]
2026-07-25 13:59:02 | INFO     | jewelry_detector.image_processor | Đã lưu ảnh kết quả: sample_img_front_result.jpg
2026-07-25 13:59:02 | INFO     | jewelry_detector.image_processor | Tổng thời gian xử lý: 0.03s
2026-07-25 13:59:02 | INFO     | jewelry_detector.image_processor | Kích thước ảnh: 500 x 500 px
2026-07-25 13:59:02 | INFO     | jewelry_detector.image_processor | Panel pixel (AI): [50, 50, 450, 450]
2026-07-25 13:59:02 | INFO     | jewelry_detector.image_processor | Object pixel (AI): [150, 150, 350, 350]
2026-07-25 13:59:02 | INFO     | jewelry_detector.image_processor | Center pixel: [250, 250]
2026-07-25 13:59:02 | INFO     | jewelry_detector.image_processor | OpenCV panel refine IoU = 0.857
2026-07-25 13:59:02 | INFO     | jewelry_detector.image_processor | Panel refined: [34, 34, 466, 466]
2026-07-25 13:59:02 | INFO     | jewelry_detector.image_processor | Panel refined (OpenCV): [34, 34, 466, 466]
2026-07-25 13:59:02 | INFO     | jewelry_detector.image_processor | Clean panel crop: raw_size=432x432 trim_left=20 trim_top=20 trim_right=19 trim_bottom=19 content_retained=88.0% success=True
2026-07-25 13:59:02 | INFO     | jewelry_detector.image_processor | Trimmed Object (ảnh gốc): [123, 123, 378, 378] | AI bbox gốc: [150, 150, 350, 350]
2026-07-25 13:59:02 | INFO     | jewelry_detector.image_processor | Object refined (OpenCV Trim): [123, 123, 378, 378]
2026-07-25 13:59:02 | INFO     | jewelry_detector.image_processor | Đã lưu ảnh kết quả: sample_img_left_result.jpg
2026-07-25 13:59:02 | INFO     | jewelry_detector.image_processor | Tổng thời gian xử lý: 0.01s
2026-07-25 13:59:02 | INFO     | jewelry_detector.image_processor | Kích thước ảnh: 500 x 500 px
2026-07-25 13:59:02 | INFO     | jewelry_detector.image_processor | Panel pixel (AI): [50, 50, 450, 450]
2026-07-25 13:59:02 | INFO     | jewelry_detector.image_processor | Object pixel (AI): [150, 150, 350, 350]
2026-07-25 13:59:02 | INFO     | jewelry_detector.image_processor | Center pixel: [250, 250]
2026-07-25 13:59:02 | INFO     | jewelry_detector.image_processor | OpenCV panel refine IoU = 0.857
2026-07-25 13:59:02 | INFO     | jewelry_detector.image_processor | Panel refined: [34, 34, 466, 466]
2026-07-25 13:59:02 | INFO     | jewelry_detector.image_processor | Panel refined (OpenCV): [34, 34, 466, 466]
2026-07-25 13:59:02 | INFO     | jewelry_detector.image_processor | Clean panel crop: raw_size=432x432 trim_left=20 trim_top=20 trim_right=19 trim_bottom=19 content_retained=88.0% success=True
2026-07-25 13:59:02 | INFO     | jewelry_detector.image_processor | Trimmed Object (ảnh gốc): [123, 123, 378, 378] | AI bbox gốc: [150, 150, 350, 350]
2026-07-25 13:59:02 | INFO     | jewelry_detector.image_processor | Object refined (OpenCV Trim): [123, 123, 378, 378]
2026-07-25 13:59:02 | INFO     | jewelry_detector.image_processor | Đã lưu ảnh kết quả: sample_img_right_result.jpg
2026-07-25 13:59:02 | INFO     | jewelry_detector.image_processor | Tổng thời gian xử lý: 0.01s
2026-07-25 13:59:02 | INFO     | jewelry_detector.image_processor | Kích thước ảnh: 500 x 500 px
2026-07-25 13:59:02 | INFO     | jewelry_detector.image_processor | Panel pixel (AI): [50, 50, 450, 450]
2026-07-25 13:59:02 | INFO     | jewelry_detector.image_processor | Object pixel (AI): [150, 150, 350, 350]
2026-07-25 13:59:02 | INFO     | jewelry_detector.image_processor | Center pixel: [250, 250]
2026-07-25 13:59:02 | INFO     | jewelry_detector.image_processor | OpenCV panel refine IoU = 0.857
2026-07-25 13:59:02 | INFO     | jewelry_detector.image_processor | Panel refined: [34, 34, 466, 466]
2026-07-25 13:59:02 | INFO     | jewelry_detector.image_processor | Panel refined (OpenCV): [34, 34, 466, 466]
2026-07-25 13:59:02 | INFO     | jewelry_detector.image_processor | Clean panel crop: raw_size=432x432 trim_left=20 trim_top=20 trim_right=19 trim_bottom=19 content_retained=88.0% success=True
2026-07-25 13:59:02 | INFO     | jewelry_detector.image_processor | Trimmed Object (ảnh gốc): [123, 123, 378, 378] | AI bbox gốc: [150, 150, 350, 350]
2026-07-25 13:59:02 | INFO     | jewelry_detector.image_processor | Object refined (OpenCV Trim): [123, 123, 378, 378]
2026-07-25 13:59:02 | INFO     | jewelry_detector.image_processor | Đã lưu ảnh kết quả: sample_img_top_result.jpg
2026-07-25 13:59:02 | INFO     | jewelry_detector.image_processor | Tổng thời gian xử lý: 0.01s
2026-07-25 13:59:02 | INFO     | jewelry_detector.image_processor | Kích thước ảnh: 500 x 500 px
2026-07-25 13:59:02 | INFO     | jewelry_detector.image_processor | Panel pixel (AI): [50, 50, 450, 450]
2026-07-25 13:59:02 | INFO     | jewelry_detector.image_processor | Object pixel (AI): [150, 150, 350, 350]
2026-07-25 13:59:02 | INFO     | jewelry_detector.image_processor | Center pixel: [250, 250]
2026-07-25 13:59:02 | INFO     | jewelry_detector.image_processor | OpenCV panel refine IoU = 0.857
2026-07-25 13:59:02 | INFO     | jewelry_detector.image_processor | Panel refined: [34, 34, 466, 466]
2026-07-25 13:59:02 | INFO     | jewelry_detector.image_processor | Panel refined (OpenCV): [34, 34, 466, 466]
2026-07-25 13:59:02 | INFO     | jewelry_detector.image_processor | Clean panel crop: raw_size=432x432 trim_left=20 trim_top=20 trim_right=19 trim_bottom=19 content_retained=88.0% success=True
2026-07-25 13:59:02 | INFO     | jewelry_detector.image_processor | Trimmed Object (ảnh gốc): [123, 123, 378, 378] | AI bbox gốc: [150, 150, 350, 350]
2026-07-25 13:59:02 | INFO     | jewelry_detector.image_processor | Object refined (OpenCV Trim): [123, 123, 378, 378]
2026-07-25 13:59:02 | INFO     | jewelry_detector.image_processor | Đã lưu ảnh kết quả: sample_img_bottom_result.jpg
2026-07-25 13:59:02 | INFO     | jewelry_detector.image_processor | Tổng thời gian xử lý: 0.01s
2026-07-25 13:59:02 | INFO     | jewelry_detector.image_processor | Kích thước ảnh: 500 x 500 px
2026-07-25 13:59:02 | INFO     | jewelry_detector.image_processor | Panel pixel (AI): [50, 50, 450, 450]
2026-07-25 13:59:02 | INFO     | jewelry_detector.image_processor | Object pixel (AI): [150, 150, 350, 350]
2026-07-25 13:59:02 | INFO     | jewelry_detector.image_processor | Center pixel: [250, 250]
2026-07-25 13:59:02 | INFO     | jewelry_detector.image_processor | OpenCV panel refine IoU = 0.857
2026-07-25 13:59:02 | INFO     | jewelry_detector.image_processor | Panel refined: [34, 34, 466, 466]
2026-07-25 13:59:02 | INFO     | jewelry_detector.image_processor | Panel refined (OpenCV): [34, 34, 466, 466]
2026-07-25 13:59:02 | INFO     | jewelry_detector.image_processor | Clean panel crop: raw_size=432x432 trim_left=20 trim_top=20 trim_right=19 trim_bottom=19 content_retained=88.0% success=True
2026-07-25 13:59:02 | INFO     | jewelry_detector.image_processor | Trimmed Object (ảnh gốc): [123, 123, 378, 378] | AI bbox gốc: [150, 150, 350, 350]
2026-07-25 13:59:02 | INFO     | jewelry_detector.image_processor | Object refined (OpenCV Trim): [123, 123, 378, 378]
2026-07-25 13:59:02 | INFO     | jewelry_detector.image_processor | Đã lưu ảnh kết quả: sample_img_back_result.jpg
2026-07-25 13:59:02 | INFO     | jewelry_detector.image_processor | Tổng thời gian xử lý: 0.01s
2026-07-25 13:59:02 | INFO     | jewelry_detector.image_processor | Kích thước ảnh: 500 x 500 px
2026-07-25 13:59:02 | INFO     | jewelry_detector.image_processor | Panel pixel (AI): [50, 50, 450, 450]
2026-07-25 13:59:02 | INFO     | jewelry_detector.image_processor | Object pixel (AI): [150, 150, 350, 350]
2026-07-25 13:59:02 | INFO     | jewelry_detector.image_processor | Center pixel: [250, 250]
2026-07-25 13:59:02 | INFO     | jewelry_detector.image_processor | Clean panel crop: raw_size=400x400 trim_left=4 trim_top=4 trim_right=3 trim_bottom=3 content_retained=100.0% success=True
2026-07-25 13:59:02 | INFO     | jewelry_detector.image_processor | Đã lưu ảnh kết quả: sample_img_front_result.jpg
2026-07-25 13:59:02 | INFO     | jewelry_detector.image_processor | Tổng thời gian xử lý: 0.01s
2026-07-25 13:59:02 | INFO     | jewelry_detector.image_processor | Kích thước ảnh: 500 x 500 px
2026-07-25 13:59:02 | INFO     | jewelry_detector.image_processor | Panel pixel (AI): [50, 50, 450, 450]
2026-07-25 13:59:02 | INFO     | jewelry_detector.image_processor | Object pixel (AI): [150, 150, 350, 350]
2026-07-25 13:59:02 | INFO     | jewelry_detector.image_processor | Center pixel: [250, 250]
2026-07-25 13:59:02 | INFO     | jewelry_detector.image_processor | OpenCV không tìm được contour phù hợp cho panel. Giữ bbox AI.
2026-07-25 13:59:02 | INFO     | jewelry_detector.image_processor | Panel refine không thành công, dùng bbox AI.
2026-07-25 13:59:02 | INFO     | jewelry_detector.image_processor | Không tìm thấy nội dung giao với AI Object Bbox.
2026-07-25 13:59:02 | INFO     | jewelry_detector.image_processor | Object trim không thành công, dùng bbox AI gốc.
2026-07-25 13:59:02 | INFO     | jewelry_detector.image_processor | Đã lưu ảnh kết quả: blank_img_front_result.jpg
2026-07-25 13:59:02 | INFO     | jewelry_detector.image_processor | Tổng thời gian xử lý: 0.01s
2026-07-25 13:59:02 | INFO     | jewelry_detector.image_processor | Kích thước ảnh: 500 x 500 px
2026-07-25 13:59:02 | INFO     | jewelry_detector.image_processor | Panel pixel (AI): [50, 50, 450, 450]
2026-07-25 13:59:02 | INFO     | jewelry_detector.image_processor | Object pixel (AI): [150, 150, 350, 350]
2026-07-25 13:59:02 | INFO     | jewelry_detector.image_processor | Center pixel: [250, 250]
2026-07-25 13:59:02 | INFO     | jewelry_detector.image_processor | OpenCV panel refine IoU = 0.857
2026-07-25 13:59:02 | INFO     | jewelry_detector.image_processor | Panel refined: [34, 34, 466, 466]
2026-07-25 13:59:02 | INFO     | jewelry_detector.image_processor | Panel refined (OpenCV): [34, 34, 466, 466]
2026-07-25 13:59:02 | INFO     | jewelry_detector.image_processor | Clean panel crop: raw_size=432x432 trim_left=20 trim_top=20 trim_right=19 trim_bottom=19 content_retained=88.0% success=True
2026-07-25 13:59:02 | WARNING  | jewelry_detector.image_processor | Refined object bbox không hợp lệ (refined_object_bbox: bbox [600.0,600.0,700.0,700.0] vượt ngoài ảnh [500x500]). Giữ bbox AI.
2026-07-25 13:59:02 | INFO     | jewelry_detector.image_processor | Đã lưu ảnh kết quả: sample_img_front_result.jpg
2026-07-25 13:59:02 | INFO     | jewelry_detector.image_processor | Tổng thời gian xử lý: 0.01s
2026-07-25 13:59:02 | INFO     | jewelry_detector.image_processor | Kích thước ảnh: 500 x 500 px
2026-07-25 13:59:02 | INFO     | jewelry_detector.image_processor | Panel pixel (AI): [50, 50, 450, 450]
2026-07-25 13:59:02 | INFO     | jewelry_detector.image_processor | Object pixel (AI): [150, 150, 350, 350]
2026-07-25 13:59:02 | INFO     | jewelry_detector.image_processor | Center pixel: [250, 250]
2026-07-25 13:59:02 | INFO     | jewelry_detector.image_processor | OpenCV panel refine IoU = 0.857
2026-07-25 13:59:02 | INFO     | jewelry_detector.image_processor | Panel refined: [34, 34, 466, 466]
2026-07-25 13:59:02 | INFO     | jewelry_detector.image_processor | Panel refined (OpenCV): [34, 34, 466, 466]
2026-07-25 13:59:02 | INFO     | jewelry_detector.image_processor | Clean panel crop: raw_size=432x432 trim_left=20 trim_top=20 trim_right=19 trim_bottom=19 content_retained=88.0% success=True
2026-07-25 13:59:02 | INFO     | jewelry_detector.image_processor | Trimmed Object (ảnh gốc): [123, 123, 378, 378] | AI bbox gốc: [150, 150, 350, 350]
2026-07-25 13:59:02 | INFO     | jewelry_detector.image_processor | Object refined (OpenCV Trim): [123, 123, 378, 378]
2026-07-25 13:59:02 | INFO     | jewelry_detector.image_processor | Đã lưu ảnh kết quả: sample_img_front_result.jpg
2026-07-25 13:59:02 | INFO     | jewelry_detector.image_processor | Tổng thời gian xử lý: 0.01s
2026-07-25 13:59:02 | INFO     | jewelry_detector.image_processor | Đã lưu JSON: sample_img_front_result.json
2026-07-25 13:59:02 | INFO     | jewelry_detector.image_processor | Clean panel crop: raw_size=200x200 trim_left=0 trim_top=8 trim_right=0 trim_bottom=0 content_retained=98.5% success=True
2026-07-25 13:59:02 | INFO     | jewelry_detector.image_processor | Object area ratio 41.281 > 2.5. Giữ bbox AI.
2026-07-25 13:59:02 | INFO     | jewelry_detector.image_processor | Object area ratio 0.035 < 0.3. Giữ bbox AI.
2026-07-25 13:59:02 | INFO     | jewelry_detector.image_processor | Không tìm thấy nội dung giao với AI Object Bbox.
2026-07-25 13:59:02 | INFO     | jewelry_detector.image_processor | Trimmed Object (ảnh gốc): [122, 122, 379, 379] | AI bbox gốc: [140, 140, 360, 360]
2026-07-25 13:59:02 | INFO     | jewelry_detector.image_processor | OpenCV không tìm được contour phù hợp cho panel. Giữ bbox AI.
2026-07-25 13:59:02 | INFO     | jewelry_detector.image_processor | OpenCV panel refine IoU = 0.859
2026-07-25 13:59:02 | INFO     | jewelry_detector.image_processor | Panel refined: [32, 32, 468, 468]
2026-07-25 13:59:54 | INFO     | jewelry_detector.image_processor | Clean panel crop: raw_size=200x200 trim_left=0 trim_top=8 trim_right=0 trim_bottom=0 content_retained=98.5% success=True
2026-07-25 13:59:54 | INFO     | jewelry_detector.image_processor | Object area ratio 41.281 > 2.5. Giữ bbox AI.
2026-07-25 13:59:54 | INFO     | jewelry_detector.image_processor | Object area ratio 0.035 < 0.3. Giữ bbox AI.
2026-07-25 13:59:54 | INFO     | jewelry_detector.image_processor | Không tìm thấy nội dung giao với AI Object Bbox.
2026-07-25 13:59:54 | INFO     | jewelry_detector.image_processor | Trimmed Object (ảnh gốc): [122, 122, 379, 379] | AI bbox gốc: [140, 140, 360, 360]
2026-07-25 13:59:54 | INFO     | jewelry_detector.image_processor | OpenCV không tìm được contour phù hợp cho panel. Giữ bbox AI.
2026-07-25 13:59:54 | INFO     | jewelry_detector.image_processor | OpenCV panel refine IoU = 0.859
2026-07-25 13:59:54 | INFO     | jewelry_detector.image_processor | Panel refined: [32, 32, 468, 468]
2026-07-25 13:59:54 | INFO     | jewelry_detector.image_processor | Kích thước ảnh: 500 x 500 px
2026-07-25 13:59:54 | INFO     | jewelry_detector.image_processor | Panel pixel (AI): [50, 50, 450, 450]
2026-07-25 13:59:54 | INFO     | jewelry_detector.image_processor | Object pixel (AI): [150, 150, 350, 350]
2026-07-25 13:59:54 | INFO     | jewelry_detector.image_processor | Center pixel: [250, 250]
2026-07-25 13:59:54 | INFO     | jewelry_detector.image_processor | OpenCV panel refine IoU = 0.857
2026-07-25 13:59:54 | INFO     | jewelry_detector.image_processor | Panel refined: [34, 34, 466, 466]
2026-07-25 13:59:54 | INFO     | jewelry_detector.image_processor | Panel refined (OpenCV): [34, 34, 466, 466]
2026-07-25 13:59:54 | INFO     | jewelry_detector.image_processor | Clean panel crop: raw_size=432x432 trim_left=20 trim_top=20 trim_right=19 trim_bottom=19 content_retained=88.0% success=True
2026-07-25 13:59:54 | INFO     | jewelry_detector.image_processor | Trimmed Object (ảnh gốc): [123, 123, 378, 378] | AI bbox gốc: [150, 150, 350, 350]
2026-07-25 13:59:54 | INFO     | jewelry_detector.image_processor | Object refined (OpenCV Trim): [123, 123, 378, 378]
2026-07-25 13:59:54 | INFO     | jewelry_detector.image_processor | Đã lưu ảnh kết quả: sample_img_front_result.jpg
2026-07-25 13:59:54 | INFO     | jewelry_detector.image_processor | Tổng thời gian xử lý: 0.03s
2026-07-25 13:59:54 | INFO     | jewelry_detector.image_processor | Kích thước ảnh: 500 x 500 px
2026-07-25 13:59:54 | INFO     | jewelry_detector.image_processor | Panel pixel (AI): [50, 50, 450, 450]
2026-07-25 13:59:54 | INFO     | jewelry_detector.image_processor | Object pixel (AI): [150, 150, 350, 350]
2026-07-25 13:59:54 | INFO     | jewelry_detector.image_processor | Center pixel: [250, 250]
2026-07-25 13:59:54 | INFO     | jewelry_detector.image_processor | OpenCV panel refine IoU = 0.857
2026-07-25 13:59:54 | INFO     | jewelry_detector.image_processor | Panel refined: [34, 34, 466, 466]
2026-07-25 13:59:54 | INFO     | jewelry_detector.image_processor | Panel refined (OpenCV): [34, 34, 466, 466]
2026-07-25 13:59:54 | INFO     | jewelry_detector.image_processor | Clean panel crop: raw_size=432x432 trim_left=20 trim_top=20 trim_right=19 trim_bottom=19 content_retained=88.0% success=True
2026-07-25 13:59:54 | INFO     | jewelry_detector.image_processor | Trimmed Object (ảnh gốc): [123, 123, 378, 378] | AI bbox gốc: [150, 150, 350, 350]
2026-07-25 13:59:54 | INFO     | jewelry_detector.image_processor | Object refined (OpenCV Trim): [123, 123, 378, 378]
2026-07-25 13:59:54 | INFO     | jewelry_detector.image_processor | Đã lưu ảnh kết quả: sample_img_left_result.jpg
2026-07-25 13:59:54 | INFO     | jewelry_detector.image_processor | Tổng thời gian xử lý: 0.01s
2026-07-25 13:59:54 | INFO     | jewelry_detector.image_processor | Kích thước ảnh: 500 x 500 px
2026-07-25 13:59:54 | INFO     | jewelry_detector.image_processor | Panel pixel (AI): [50, 50, 450, 450]
2026-07-25 13:59:54 | INFO     | jewelry_detector.image_processor | Object pixel (AI): [150, 150, 350, 350]
2026-07-25 13:59:54 | INFO     | jewelry_detector.image_processor | Center pixel: [250, 250]
2026-07-25 13:59:54 | INFO     | jewelry_detector.image_processor | OpenCV panel refine IoU = 0.857
2026-07-25 13:59:54 | INFO     | jewelry_detector.image_processor | Panel refined: [34, 34, 466, 466]
2026-07-25 13:59:54 | INFO     | jewelry_detector.image_processor | Panel refined (OpenCV): [34, 34, 466, 466]
2026-07-25 13:59:54 | INFO     | jewelry_detector.image_processor | Clean panel crop: raw_size=432x432 trim_left=20 trim_top=20 trim_right=19 trim_bottom=19 content_retained=88.0% success=True
2026-07-25 13:59:54 | INFO     | jewelry_detector.image_processor | Trimmed Object (ảnh gốc): [123, 123, 378, 378] | AI bbox gốc: [150, 150, 350, 350]
2026-07-25 13:59:54 | INFO     | jewelry_detector.image_processor | Object refined (OpenCV Trim): [123, 123, 378, 378]
2026-07-25 13:59:54 | INFO     | jewelry_detector.image_processor | Đã lưu ảnh kết quả: sample_img_right_result.jpg
2026-07-25 13:59:54 | INFO     | jewelry_detector.image_processor | Tổng thời gian xử lý: 0.01s
2026-07-25 13:59:54 | INFO     | jewelry_detector.image_processor | Kích thước ảnh: 500 x 500 px
2026-07-25 13:59:54 | INFO     | jewelry_detector.image_processor | Panel pixel (AI): [50, 50, 450, 450]
2026-07-25 13:59:54 | INFO     | jewelry_detector.image_processor | Object pixel (AI): [150, 150, 350, 350]
2026-07-25 13:59:54 | INFO     | jewelry_detector.image_processor | Center pixel: [250, 250]
2026-07-25 13:59:54 | INFO     | jewelry_detector.image_processor | OpenCV panel refine IoU = 0.857
2026-07-25 13:59:54 | INFO     | jewelry_detector.image_processor | Panel refined: [34, 34, 466, 466]
2026-07-25 13:59:54 | INFO     | jewelry_detector.image_processor | Panel refined (OpenCV): [34, 34, 466, 466]
2026-07-25 13:59:54 | INFO     | jewelry_detector.image_processor | Clean panel crop: raw_size=432x432 trim_left=20 trim_top=20 trim_right=19 trim_bottom=19 content_retained=88.0% success=True
2026-07-25 13:59:54 | INFO     | jewelry_detector.image_processor | Trimmed Object (ảnh gốc): [123, 123, 378, 378] | AI bbox gốc: [150, 150, 350, 350]
2026-07-25 13:59:54 | INFO     | jewelry_detector.image_processor | Object refined (OpenCV Trim): [123, 123, 378, 378]
2026-07-25 13:59:54 | INFO     | jewelry_detector.image_processor | Đã lưu ảnh kết quả: sample_img_top_result.jpg
2026-07-25 13:59:54 | INFO     | jewelry_detector.image_processor | Tổng thời gian xử lý: 0.01s
2026-07-25 13:59:54 | INFO     | jewelry_detector.image_processor | Kích thước ảnh: 500 x 500 px
2026-07-25 13:59:54 | INFO     | jewelry_detector.image_processor | Panel pixel (AI): [50, 50, 450, 450]
2026-07-25 13:59:54 | INFO     | jewelry_detector.image_processor | Object pixel (AI): [150, 150, 350, 350]
2026-07-25 13:59:54 | INFO     | jewelry_detector.image_processor | Center pixel: [250, 250]
2026-07-25 13:59:54 | INFO     | jewelry_detector.image_processor | OpenCV panel refine IoU = 0.857
2026-07-25 13:59:54 | INFO     | jewelry_detector.image_processor | Panel refined: [34, 34, 466, 466]
2026-07-25 13:59:54 | INFO     | jewelry_detector.image_processor | Panel refined (OpenCV): [34, 34, 466, 466]
2026-07-25 13:59:54 | INFO     | jewelry_detector.image_processor | Clean panel crop: raw_size=432x432 trim_left=20 trim_top=20 trim_right=19 trim_bottom=19 content_retained=88.0% success=True
2026-07-25 13:59:54 | INFO     | jewelry_detector.image_processor | Trimmed Object (ảnh gốc): [123, 123, 378, 378] | AI bbox gốc: [150, 150, 350, 350]
2026-07-25 13:59:54 | INFO     | jewelry_detector.image_processor | Object refined (OpenCV Trim): [123, 123, 378, 378]
2026-07-25 13:59:54 | INFO     | jewelry_detector.image_processor | Đã lưu ảnh kết quả: sample_img_bottom_result.jpg
2026-07-25 13:59:54 | INFO     | jewelry_detector.image_processor | Tổng thời gian xử lý: 0.01s
2026-07-25 13:59:54 | INFO     | jewelry_detector.image_processor | Kích thước ảnh: 500 x 500 px
2026-07-25 13:59:54 | INFO     | jewelry_detector.image_processor | Panel pixel (AI): [50, 50, 450, 450]
2026-07-25 13:59:54 | INFO     | jewelry_detector.image_processor | Object pixel (AI): [150, 150, 350, 350]
2026-07-25 13:59:54 | INFO     | jewelry_detector.image_processor | Center pixel: [250, 250]
2026-07-25 13:59:54 | INFO     | jewelry_detector.image_processor | OpenCV panel refine IoU = 0.857
2026-07-25 13:59:54 | INFO     | jewelry_detector.image_processor | Panel refined: [34, 34, 466, 466]
2026-07-25 13:59:54 | INFO     | jewelry_detector.image_processor | Panel refined (OpenCV): [34, 34, 466, 466]
2026-07-25 13:59:54 | INFO     | jewelry_detector.image_processor | Clean panel crop: raw_size=432x432 trim_left=20 trim_top=20 trim_right=19 trim_bottom=19 content_retained=88.0% success=True
2026-07-25 13:59:54 | INFO     | jewelry_detector.image_processor | Trimmed Object (ảnh gốc): [123, 123, 378, 378] | AI bbox gốc: [150, 150, 350, 350]
2026-07-25 13:59:54 | INFO     | jewelry_detector.image_processor | Object refined (OpenCV Trim): [123, 123, 378, 378]
2026-07-25 13:59:54 | INFO     | jewelry_detector.image_processor | Đã lưu ảnh kết quả: sample_img_back_result.jpg
2026-07-25 13:59:54 | INFO     | jewelry_detector.image_processor | Tổng thời gian xử lý: 0.01s
2026-07-25 13:59:54 | INFO     | jewelry_detector.image_processor | Kích thước ảnh: 500 x 500 px
2026-07-25 13:59:54 | INFO     | jewelry_detector.image_processor | Panel pixel (AI): [50, 50, 450, 450]
2026-07-25 13:59:54 | INFO     | jewelry_detector.image_processor | Object pixel (AI): [150, 150, 350, 350]
2026-07-25 13:59:54 | INFO     | jewelry_detector.image_processor | Center pixel: [250, 250]
2026-07-25 13:59:54 | INFO     | jewelry_detector.image_processor | Clean panel crop: raw_size=400x400 trim_left=4 trim_top=4 trim_right=3 trim_bottom=3 content_retained=100.0% success=True
2026-07-25 13:59:54 | INFO     | jewelry_detector.image_processor | Đã lưu ảnh kết quả: sample_img_front_result.jpg
2026-07-25 13:59:54 | INFO     | jewelry_detector.image_processor | Tổng thời gian xử lý: 0.01s
2026-07-25 13:59:54 | INFO     | jewelry_detector.image_processor | Kích thước ảnh: 500 x 500 px
2026-07-25 13:59:54 | INFO     | jewelry_detector.image_processor | Panel pixel (AI): [50, 50, 450, 450]
2026-07-25 13:59:54 | INFO     | jewelry_detector.image_processor | Object pixel (AI): [150, 150, 350, 350]
2026-07-25 13:59:54 | INFO     | jewelry_detector.image_processor | Center pixel: [250, 250]
2026-07-25 13:59:54 | INFO     | jewelry_detector.image_processor | OpenCV không tìm được contour phù hợp cho panel. Giữ bbox AI.
2026-07-25 13:59:54 | INFO     | jewelry_detector.image_processor | Panel refine không thành công, dùng bbox AI.
2026-07-25 13:59:54 | INFO     | jewelry_detector.image_processor | Không tìm thấy nội dung giao với AI Object Bbox.
2026-07-25 13:59:54 | INFO     | jewelry_detector.image_processor | Object trim không thành công, dùng bbox AI gốc.
2026-07-25 13:59:54 | INFO     | jewelry_detector.image_processor | Đã lưu ảnh kết quả: blank_img_front_result.jpg
2026-07-25 13:59:54 | INFO     | jewelry_detector.image_processor | Tổng thời gian xử lý: 0.01s
2026-07-25 13:59:54 | INFO     | jewelry_detector.image_processor | Kích thước ảnh: 500 x 500 px
2026-07-25 13:59:54 | INFO     | jewelry_detector.image_processor | Panel pixel (AI): [50, 50, 450, 450]
2026-07-25 13:59:54 | INFO     | jewelry_detector.image_processor | Object pixel (AI): [150, 150, 350, 350]
2026-07-25 13:59:54 | INFO     | jewelry_detector.image_processor | Center pixel: [250, 250]
2026-07-25 13:59:54 | INFO     | jewelry_detector.image_processor | OpenCV panel refine IoU = 0.857
2026-07-25 13:59:54 | INFO     | jewelry_detector.image_processor | Panel refined: [34, 34, 466, 466]
2026-07-25 13:59:54 | INFO     | jewelry_detector.image_processor | Panel refined (OpenCV): [34, 34, 466, 466]
2026-07-25 13:59:54 | INFO     | jewelry_detector.image_processor | Clean panel crop: raw_size=432x432 trim_left=20 trim_top=20 trim_right=19 trim_bottom=19 content_retained=88.0% success=True
2026-07-25 13:59:54 | WARNING  | jewelry_detector.image_processor | Refined object bbox không hợp lệ (refined_object_bbox: bbox [600.0,600.0,700.0,700.0] vượt ngoài ảnh [500x500]). Giữ bbox AI.
2026-07-25 13:59:54 | INFO     | jewelry_detector.image_processor | Đã lưu ảnh kết quả: sample_img_front_result.jpg
2026-07-25 13:59:54 | INFO     | jewelry_detector.image_processor | Tổng thời gian xử lý: 0.01s
2026-07-25 13:59:54 | INFO     | jewelry_detector.image_processor | Kích thước ảnh: 500 x 500 px
2026-07-25 13:59:54 | INFO     | jewelry_detector.image_processor | Panel pixel (AI): [50, 50, 450, 450]
2026-07-25 13:59:54 | INFO     | jewelry_detector.image_processor | Object pixel (AI): [150, 150, 350, 350]
2026-07-25 13:59:54 | INFO     | jewelry_detector.image_processor | Center pixel: [250, 250]
2026-07-25 13:59:54 | INFO     | jewelry_detector.image_processor | OpenCV panel refine IoU = 0.857
2026-07-25 13:59:54 | INFO     | jewelry_detector.image_processor | Panel refined: [34, 34, 466, 466]
2026-07-25 13:59:54 | INFO     | jewelry_detector.image_processor | Panel refined (OpenCV): [34, 34, 466, 466]
2026-07-25 13:59:54 | INFO     | jewelry_detector.image_processor | Clean panel crop: raw_size=432x432 trim_left=20 trim_top=20 trim_right=19 trim_bottom=19 content_retained=88.0% success=True
2026-07-25 13:59:54 | INFO     | jewelry_detector.image_processor | Trimmed Object (ảnh gốc): [123, 123, 378, 378] | AI bbox gốc: [150, 150, 350, 350]
2026-07-25 13:59:54 | INFO     | jewelry_detector.image_processor | Object refined (OpenCV Trim): [123, 123, 378, 378]
2026-07-25 13:59:54 | INFO     | jewelry_detector.image_processor | Đã lưu ảnh kết quả: sample_img_front_result.jpg
2026-07-25 13:59:54 | INFO     | jewelry_detector.image_processor | Tổng thời gian xử lý: 0.01s
2026-07-25 13:59:54 | INFO     | jewelry_detector.image_processor | Đã lưu JSON: sample_img_front_result.json
2026-07-25 13:59:57 | INFO     | jewelry_detector.image_processor | Kích thước ảnh: 500 x 500 px
2026-07-25 13:59:57 | INFO     | jewelry_detector.image_processor | Panel pixel (AI): [50, 50, 450, 450]
2026-07-25 13:59:57 | INFO     | jewelry_detector.image_processor | Object pixel (AI): [150, 150, 350, 350]
2026-07-25 13:59:57 | INFO     | jewelry_detector.image_processor | Center pixel: [250, 250]
2026-07-25 13:59:57 | INFO     | jewelry_detector.image_processor | OpenCV panel refine IoU = 0.857
2026-07-25 13:59:57 | INFO     | jewelry_detector.image_processor | Panel refined: [34, 34, 466, 466]
2026-07-25 13:59:57 | INFO     | jewelry_detector.image_processor | Panel refined (OpenCV): [34, 34, 466, 466]
2026-07-25 13:59:57 | INFO     | jewelry_detector.image_processor | Clean panel crop: raw_size=432x432 trim_left=20 trim_top=20 trim_right=19 trim_bottom=19 content_retained=88.0% success=True
2026-07-25 13:59:57 | INFO     | jewelry_detector.image_processor | Trimmed Object (ảnh gốc): [123, 123, 378, 378] | AI bbox gốc: [150, 150, 350, 350]
2026-07-25 13:59:57 | INFO     | jewelry_detector.image_processor | Object refined (OpenCV Trim): [123, 123, 378, 378]
2026-07-25 13:59:57 | INFO     | jewelry_detector.image_processor | Đã lưu ảnh kết quả: sample_img_front_result.jpg
2026-07-25 13:59:57 | INFO     | jewelry_detector.image_processor | Tổng thời gian xử lý: 0.03s
2026-07-25 13:59:57 | INFO     | jewelry_detector.image_processor | Kích thước ảnh: 500 x 500 px
2026-07-25 13:59:57 | INFO     | jewelry_detector.image_processor | Panel pixel (AI): [50, 50, 450, 450]
2026-07-25 13:59:57 | INFO     | jewelry_detector.image_processor | Object pixel (AI): [150, 150, 350, 350]
2026-07-25 13:59:57 | INFO     | jewelry_detector.image_processor | Center pixel: [250, 250]
2026-07-25 13:59:57 | INFO     | jewelry_detector.image_processor | OpenCV panel refine IoU = 0.857
2026-07-25 13:59:57 | INFO     | jewelry_detector.image_processor | Panel refined: [34, 34, 466, 466]
2026-07-25 13:59:57 | INFO     | jewelry_detector.image_processor | Panel refined (OpenCV): [34, 34, 466, 466]
2026-07-25 13:59:57 | INFO     | jewelry_detector.image_processor | Clean panel crop: raw_size=432x432 trim_left=20 trim_top=20 trim_right=19 trim_bottom=19 content_retained=88.0% success=True
2026-07-25 13:59:57 | INFO     | jewelry_detector.image_processor | Trimmed Object (ảnh gốc): [123, 123, 378, 378] | AI bbox gốc: [150, 150, 350, 350]
2026-07-25 13:59:57 | INFO     | jewelry_detector.image_processor | Object refined (OpenCV Trim): [123, 123, 378, 378]
2026-07-25 13:59:57 | INFO     | jewelry_detector.image_processor | Đã lưu ảnh kết quả: sample_img_left_result.jpg
2026-07-25 13:59:57 | INFO     | jewelry_detector.image_processor | Tổng thời gian xử lý: 0.01s
2026-07-25 13:59:57 | INFO     | jewelry_detector.image_processor | Kích thước ảnh: 500 x 500 px
2026-07-25 13:59:57 | INFO     | jewelry_detector.image_processor | Panel pixel (AI): [50, 50, 450, 450]
2026-07-25 13:59:57 | INFO     | jewelry_detector.image_processor | Object pixel (AI): [150, 150, 350, 350]
2026-07-25 13:59:57 | INFO     | jewelry_detector.image_processor | Center pixel: [250, 250]
2026-07-25 13:59:57 | INFO     | jewelry_detector.image_processor | OpenCV panel refine IoU = 0.857
2026-07-25 13:59:57 | INFO     | jewelry_detector.image_processor | Panel refined: [34, 34, 466, 466]
2026-07-25 13:59:57 | INFO     | jewelry_detector.image_processor | Panel refined (OpenCV): [34, 34, 466, 466]
2026-07-25 13:59:57 | INFO     | jewelry_detector.image_processor | Clean panel crop: raw_size=432x432 trim_left=20 trim_top=20 trim_right=19 trim_bottom=19 content_retained=88.0% success=True
2026-07-25 13:59:57 | INFO     | jewelry_detector.image_processor | Trimmed Object (ảnh gốc): [123, 123, 378, 378] | AI bbox gốc: [150, 150, 350, 350]
2026-07-25 13:59:57 | INFO     | jewelry_detector.image_processor | Object refined (OpenCV Trim): [123, 123, 378, 378]
2026-07-25 13:59:57 | INFO     | jewelry_detector.image_processor | Đã lưu ảnh kết quả: sample_img_right_result.jpg
2026-07-25 13:59:57 | INFO     | jewelry_detector.image_processor | Tổng thời gian xử lý: 0.01s
2026-07-25 13:59:57 | INFO     | jewelry_detector.image_processor | Kích thước ảnh: 500 x 500 px
2026-07-25 13:59:57 | INFO     | jewelry_detector.image_processor | Panel pixel (AI): [50, 50, 450, 450]
2026-07-25 13:59:57 | INFO     | jewelry_detector.image_processor | Object pixel (AI): [150, 150, 350, 350]
2026-07-25 13:59:57 | INFO     | jewelry_detector.image_processor | Center pixel: [250, 250]
2026-07-25 13:59:57 | INFO     | jewelry_detector.image_processor | OpenCV panel refine IoU = 0.857
2026-07-25 13:59:57 | INFO     | jewelry_detector.image_processor | Panel refined: [34, 34, 466, 466]
2026-07-25 13:59:57 | INFO     | jewelry_detector.image_processor | Panel refined (OpenCV): [34, 34, 466, 466]
2026-07-25 13:59:57 | INFO     | jewelry_detector.image_processor | Clean panel crop: raw_size=432x432 trim_left=20 trim_top=20 trim_right=19 trim_bottom=19 content_retained=88.0% success=True
2026-07-25 13:59:57 | INFO     | jewelry_detector.image_processor | Trimmed Object (ảnh gốc): [123, 123, 378, 378] | AI bbox gốc: [150, 150, 350, 350]
2026-07-25 13:59:57 | INFO     | jewelry_detector.image_processor | Object refined (OpenCV Trim): [123, 123, 378, 378]
2026-07-25 13:59:57 | INFO     | jewelry_detector.image_processor | Đã lưu ảnh kết quả: sample_img_top_result.jpg
2026-07-25 13:59:57 | INFO     | jewelry_detector.image_processor | Tổng thời gian xử lý: 0.01s
2026-07-25 13:59:57 | INFO     | jewelry_detector.image_processor | Kích thước ảnh: 500 x 500 px
2026-07-25 13:59:57 | INFO     | jewelry_detector.image_processor | Panel pixel (AI): [50, 50, 450, 450]
2026-07-25 13:59:57 | INFO     | jewelry_detector.image_processor | Object pixel (AI): [150, 150, 350, 350]
2026-07-25 13:59:57 | INFO     | jewelry_detector.image_processor | Center pixel: [250, 250]
2026-07-25 13:59:57 | INFO     | jewelry_detector.image_processor | OpenCV panel refine IoU = 0.857
2026-07-25 13:59:57 | INFO     | jewelry_detector.image_processor | Panel refined: [34, 34, 466, 466]
2026-07-25 13:59:57 | INFO     | jewelry_detector.image_processor | Panel refined (OpenCV): [34, 34, 466, 466]
2026-07-25 13:59:57 | INFO     | jewelry_detector.image_processor | Clean panel crop: raw_size=432x432 trim_left=20 trim_top=20 trim_right=19 trim_bottom=19 content_retained=88.0% success=True
2026-07-25 13:59:57 | INFO     | jewelry_detector.image_processor | Trimmed Object (ảnh gốc): [123, 123, 378, 378] | AI bbox gốc: [150, 150, 350, 350]
2026-07-25 13:59:57 | INFO     | jewelry_detector.image_processor | Object refined (OpenCV Trim): [123, 123, 378, 378]
2026-07-25 13:59:57 | INFO     | jewelry_detector.image_processor | Đã lưu ảnh kết quả: sample_img_bottom_result.jpg
2026-07-25 13:59:57 | INFO     | jewelry_detector.image_processor | Tổng thời gian xử lý: 0.01s
2026-07-25 13:59:57 | INFO     | jewelry_detector.image_processor | Kích thước ảnh: 500 x 500 px
2026-07-25 13:59:57 | INFO     | jewelry_detector.image_processor | Panel pixel (AI): [50, 50, 450, 450]
2026-07-25 13:59:57 | INFO     | jewelry_detector.image_processor | Object pixel (AI): [150, 150, 350, 350]
2026-07-25 13:59:57 | INFO     | jewelry_detector.image_processor | Center pixel: [250, 250]
2026-07-25 13:59:57 | INFO     | jewelry_detector.image_processor | OpenCV panel refine IoU = 0.857
2026-07-25 13:59:57 | INFO     | jewelry_detector.image_processor | Panel refined: [34, 34, 466, 466]
2026-07-25 13:59:57 | INFO     | jewelry_detector.image_processor | Panel refined (OpenCV): [34, 34, 466, 466]
2026-07-25 13:59:57 | INFO     | jewelry_detector.image_processor | Clean panel crop: raw_size=432x432 trim_left=20 trim_top=20 trim_right=19 trim_bottom=19 content_retained=88.0% success=True
2026-07-25 13:59:57 | INFO     | jewelry_detector.image_processor | Trimmed Object (ảnh gốc): [123, 123, 378, 378] | AI bbox gốc: [150, 150, 350, 350]
2026-07-25 13:59:57 | INFO     | jewelry_detector.image_processor | Object refined (OpenCV Trim): [123, 123, 378, 378]
2026-07-25 13:59:57 | INFO     | jewelry_detector.image_processor | Đã lưu ảnh kết quả: sample_img_back_result.jpg
2026-07-25 13:59:57 | INFO     | jewelry_detector.image_processor | Tổng thời gian xử lý: 0.01s
2026-07-25 13:59:57 | INFO     | jewelry_detector.image_processor | Kích thước ảnh: 500 x 500 px
2026-07-25 13:59:57 | INFO     | jewelry_detector.image_processor | Panel pixel (AI): [50, 50, 450, 450]
2026-07-25 13:59:57 | INFO     | jewelry_detector.image_processor | Object pixel (AI): [150, 150, 350, 350]
2026-07-25 13:59:57 | INFO     | jewelry_detector.image_processor | Center pixel: [250, 250]
2026-07-25 13:59:57 | INFO     | jewelry_detector.image_processor | Clean panel crop: raw_size=400x400 trim_left=4 trim_top=4 trim_right=3 trim_bottom=3 content_retained=100.0% success=True
2026-07-25 13:59:57 | INFO     | jewelry_detector.image_processor | Đã lưu ảnh kết quả: sample_img_front_result.jpg
2026-07-25 13:59:57 | INFO     | jewelry_detector.image_processor | Tổng thời gian xử lý: 0.01s
2026-07-25 13:59:57 | INFO     | jewelry_detector.image_processor | Kích thước ảnh: 500 x 500 px
2026-07-25 13:59:57 | INFO     | jewelry_detector.image_processor | Panel pixel (AI): [50, 50, 450, 450]
2026-07-25 13:59:57 | INFO     | jewelry_detector.image_processor | Object pixel (AI): [150, 150, 350, 350]
2026-07-25 13:59:57 | INFO     | jewelry_detector.image_processor | Center pixel: [250, 250]
2026-07-25 13:59:57 | INFO     | jewelry_detector.image_processor | OpenCV không tìm được contour phù hợp cho panel. Giữ bbox AI.
2026-07-25 13:59:57 | INFO     | jewelry_detector.image_processor | Panel refine không thành công, dùng bbox AI.
2026-07-25 13:59:57 | INFO     | jewelry_detector.image_processor | Không tìm thấy nội dung giao với AI Object Bbox.
2026-07-25 13:59:57 | INFO     | jewelry_detector.image_processor | Object trim không thành công, dùng bbox AI gốc.
2026-07-25 13:59:57 | INFO     | jewelry_detector.image_processor | Đã lưu ảnh kết quả: blank_img_front_result.jpg
2026-07-25 13:59:57 | INFO     | jewelry_detector.image_processor | Tổng thời gian xử lý: 0.01s
2026-07-25 13:59:57 | INFO     | jewelry_detector.image_processor | Kích thước ảnh: 500 x 500 px
2026-07-25 13:59:57 | INFO     | jewelry_detector.image_processor | Panel pixel (AI): [50, 50, 450, 450]
2026-07-25 13:59:57 | INFO     | jewelry_detector.image_processor | Object pixel (AI): [150, 150, 350, 350]
2026-07-25 13:59:57 | INFO     | jewelry_detector.image_processor | Center pixel: [250, 250]
2026-07-25 13:59:57 | INFO     | jewelry_detector.image_processor | OpenCV panel refine IoU = 0.857
2026-07-25 13:59:57 | INFO     | jewelry_detector.image_processor | Panel refined: [34, 34, 466, 466]
2026-07-25 13:59:57 | INFO     | jewelry_detector.image_processor | Panel refined (OpenCV): [34, 34, 466, 466]
2026-07-25 13:59:57 | INFO     | jewelry_detector.image_processor | Clean panel crop: raw_size=432x432 trim_left=20 trim_top=20 trim_right=19 trim_bottom=19 content_retained=88.0% success=True
2026-07-25 13:59:57 | WARNING  | jewelry_detector.image_processor | Refined object bbox không hợp lệ (refined_object_bbox: bbox [600.0,600.0,700.0,700.0] vượt ngoài ảnh [500x500]). Giữ bbox AI.
2026-07-25 13:59:57 | INFO     | jewelry_detector.image_processor | Đã lưu ảnh kết quả: sample_img_front_result.jpg
2026-07-25 13:59:57 | INFO     | jewelry_detector.image_processor | Tổng thời gian xử lý: 0.01s
2026-07-25 13:59:57 | INFO     | jewelry_detector.image_processor | Kích thước ảnh: 500 x 500 px
2026-07-25 13:59:57 | INFO     | jewelry_detector.image_processor | Panel pixel (AI): [50, 50, 450, 450]
2026-07-25 13:59:57 | INFO     | jewelry_detector.image_processor | Object pixel (AI): [150, 150, 350, 350]
2026-07-25 13:59:57 | INFO     | jewelry_detector.image_processor | Center pixel: [250, 250]
2026-07-25 13:59:57 | INFO     | jewelry_detector.image_processor | OpenCV panel refine IoU = 0.857
2026-07-25 13:59:57 | INFO     | jewelry_detector.image_processor | Panel refined: [34, 34, 466, 466]
2026-07-25 13:59:57 | INFO     | jewelry_detector.image_processor | Panel refined (OpenCV): [34, 34, 466, 466]
2026-07-25 13:59:57 | INFO     | jewelry_detector.image_processor | Clean panel crop: raw_size=432x432 trim_left=20 trim_top=20 trim_right=19 trim_bottom=19 content_retained=88.0% success=True
2026-07-25 13:59:57 | INFO     | jewelry_detector.image_processor | Trimmed Object (ảnh gốc): [123, 123, 378, 378] | AI bbox gốc: [150, 150, 350, 350]
2026-07-25 13:59:57 | INFO     | jewelry_detector.image_processor | Object refined (OpenCV Trim): [123, 123, 378, 378]
2026-07-25 13:59:57 | INFO     | jewelry_detector.image_processor | Đã lưu ảnh kết quả: sample_img_front_result.jpg
2026-07-25 13:59:57 | INFO     | jewelry_detector.image_processor | Tổng thời gian xử lý: 0.01s
2026-07-25 13:59:57 | INFO     | jewelry_detector.image_processor | Đã lưu JSON: sample_img_front_result.json
2026-07-25 13:59:57 | INFO     | jewelry_detector.image_processor | Clean panel crop: raw_size=200x200 trim_left=0 trim_top=8 trim_right=0 trim_bottom=0 content_retained=98.5% success=True
2026-07-25 13:59:57 | INFO     | jewelry_detector.image_processor | Object area ratio 41.281 > 2.5. Giữ bbox AI.
2026-07-25 13:59:57 | INFO     | jewelry_detector.image_processor | Object area ratio 0.035 < 0.3. Giữ bbox AI.
2026-07-25 13:59:57 | INFO     | jewelry_detector.image_processor | Không tìm thấy nội dung giao với AI Object Bbox.
2026-07-25 13:59:57 | INFO     | jewelry_detector.image_processor | Trimmed Object (ảnh gốc): [122, 122, 379, 379] | AI bbox gốc: [140, 140, 360, 360]
2026-07-25 13:59:57 | INFO     | jewelry_detector.image_processor | OpenCV không tìm được contour phù hợp cho panel. Giữ bbox AI.
2026-07-25 13:59:57 | INFO     | jewelry_detector.image_processor | OpenCV panel refine IoU = 0.859
2026-07-25 13:59:57 | INFO     | jewelry_detector.image_processor | Panel refined: [32, 32, 468, 468]
2026-07-25 14:01:12 | INFO     | jewelry_detector.image_processor | Kích thước ảnh: 500 x 500 px
2026-07-25 14:01:12 | INFO     | jewelry_detector.image_processor | Panel pixel (AI): [50, 50, 450, 450]
2026-07-25 14:01:12 | INFO     | jewelry_detector.image_processor | Object pixel (AI): [150, 150, 350, 350]
2026-07-25 14:01:12 | INFO     | jewelry_detector.image_processor | Center pixel: [250, 250]
2026-07-25 14:01:12 | INFO     | jewelry_detector.image_processor | OpenCV panel refine IoU = 0.857
2026-07-25 14:01:12 | INFO     | jewelry_detector.image_processor | Panel refined: [34, 34, 466, 466]
2026-07-25 14:01:12 | INFO     | jewelry_detector.image_processor | Panel refined (OpenCV): [34, 34, 466, 466]
2026-07-25 14:01:12 | INFO     | jewelry_detector.image_processor | Clean panel crop: raw_size=432x432 trim_left=20 trim_top=20 trim_right=19 trim_bottom=19 content_retained=88.0% success=True
2026-07-25 14:01:12 | INFO     | jewelry_detector.image_processor | Trimmed Object (ảnh gốc): [123, 123, 378, 378] | AI bbox gốc: [150, 150, 350, 350]
2026-07-25 14:01:12 | INFO     | jewelry_detector.image_processor | Object refined (OpenCV Trim): [123, 123, 378, 378]
2026-07-25 14:01:12 | INFO     | jewelry_detector.image_processor | Đã lưu ảnh kết quả: sample_img_front_result.jpg
2026-07-25 14:01:12 | INFO     | jewelry_detector.image_processor | Tổng thời gian xử lý: 0.03s
2026-07-25 14:01:12 | INFO     | jewelry_detector.image_processor | Kích thước ảnh: 500 x 500 px
2026-07-25 14:01:12 | INFO     | jewelry_detector.image_processor | Panel pixel (AI): [50, 50, 450, 450]
2026-07-25 14:01:12 | INFO     | jewelry_detector.image_processor | Object pixel (AI): [150, 150, 350, 350]
2026-07-25 14:01:12 | INFO     | jewelry_detector.image_processor | Center pixel: [250, 250]
2026-07-25 14:01:12 | INFO     | jewelry_detector.image_processor | OpenCV panel refine IoU = 0.857
2026-07-25 14:01:12 | INFO     | jewelry_detector.image_processor | Panel refined: [34, 34, 466, 466]
2026-07-25 14:01:12 | INFO     | jewelry_detector.image_processor | Panel refined (OpenCV): [34, 34, 466, 466]
2026-07-25 14:01:12 | INFO     | jewelry_detector.image_processor | Clean panel crop: raw_size=432x432 trim_left=20 trim_top=20 trim_right=19 trim_bottom=19 content_retained=88.0% success=True
2026-07-25 14:01:12 | INFO     | jewelry_detector.image_processor | Trimmed Object (ảnh gốc): [123, 123, 378, 378] | AI bbox gốc: [150, 150, 350, 350]
2026-07-25 14:01:12 | INFO     | jewelry_detector.image_processor | Object refined (OpenCV Trim): [123, 123, 378, 378]
2026-07-25 14:01:12 | INFO     | jewelry_detector.image_processor | Đã lưu ảnh kết quả: sample_img_left_result.jpg
2026-07-25 14:01:12 | INFO     | jewelry_detector.image_processor | Tổng thời gian xử lý: 0.01s
2026-07-25 14:01:12 | INFO     | jewelry_detector.image_processor | Kích thước ảnh: 500 x 500 px
2026-07-25 14:01:12 | INFO     | jewelry_detector.image_processor | Panel pixel (AI): [50, 50, 450, 450]
2026-07-25 14:01:12 | INFO     | jewelry_detector.image_processor | Object pixel (AI): [150, 150, 350, 350]
2026-07-25 14:01:12 | INFO     | jewelry_detector.image_processor | Center pixel: [250, 250]
2026-07-25 14:01:12 | INFO     | jewelry_detector.image_processor | OpenCV panel refine IoU = 0.857
2026-07-25 14:01:12 | INFO     | jewelry_detector.image_processor | Panel refined: [34, 34, 466, 466]
2026-07-25 14:01:12 | INFO     | jewelry_detector.image_processor | Panel refined (OpenCV): [34, 34, 466, 466]
2026-07-25 14:01:12 | INFO     | jewelry_detector.image_processor | Clean panel crop: raw_size=432x432 trim_left=20 trim_top=20 trim_right=19 trim_bottom=19 content_retained=88.0% success=True
2026-07-25 14:01:12 | INFO     | jewelry_detector.image_processor | Trimmed Object (ảnh gốc): [123, 123, 378, 378] | AI bbox gốc: [150, 150, 350, 350]
2026-07-25 14:01:12 | INFO     | jewelry_detector.image_processor | Object refined (OpenCV Trim): [123, 123, 378, 378]
2026-07-25 14:01:12 | INFO     | jewelry_detector.image_processor | Đã lưu ảnh kết quả: sample_img_right_result.jpg
2026-07-25 14:01:12 | INFO     | jewelry_detector.image_processor | Tổng thời gian xử lý: 0.01s
2026-07-25 14:01:12 | INFO     | jewelry_detector.image_processor | Kích thước ảnh: 500 x 500 px
2026-07-25 14:01:12 | INFO     | jewelry_detector.image_processor | Panel pixel (AI): [50, 50, 450, 450]
2026-07-25 14:01:12 | INFO     | jewelry_detector.image_processor | Object pixel (AI): [150, 150, 350, 350]
2026-07-25 14:01:12 | INFO     | jewelry_detector.image_processor | Center pixel: [250, 250]
2026-07-25 14:01:12 | INFO     | jewelry_detector.image_processor | OpenCV panel refine IoU = 0.857
2026-07-25 14:01:12 | INFO     | jewelry_detector.image_processor | Panel refined: [34, 34, 466, 466]
2026-07-25 14:01:12 | INFO     | jewelry_detector.image_processor | Panel refined (OpenCV): [34, 34, 466, 466]
2026-07-25 14:01:12 | INFO     | jewelry_detector.image_processor | Clean panel crop: raw_size=432x432 trim_left=20 trim_top=20 trim_right=19 trim_bottom=19 content_retained=88.0% success=True
2026-07-25 14:01:12 | INFO     | jewelry_detector.image_processor | Trimmed Object (ảnh gốc): [123, 123, 378, 378] | AI bbox gốc: [150, 150, 350, 350]
2026-07-25 14:01:12 | INFO     | jewelry_detector.image_processor | Object refined (OpenCV Trim): [123, 123, 378, 378]
2026-07-25 14:01:12 | INFO     | jewelry_detector.image_processor | Đã lưu ảnh kết quả: sample_img_top_result.jpg
2026-07-25 14:01:12 | INFO     | jewelry_detector.image_processor | Tổng thời gian xử lý: 0.01s
2026-07-25 14:01:12 | INFO     | jewelry_detector.image_processor | Kích thước ảnh: 500 x 500 px
2026-07-25 14:01:12 | INFO     | jewelry_detector.image_processor | Panel pixel (AI): [50, 50, 450, 450]
2026-07-25 14:01:12 | INFO     | jewelry_detector.image_processor | Object pixel (AI): [150, 150, 350, 350]
2026-07-25 14:01:12 | INFO     | jewelry_detector.image_processor | Center pixel: [250, 250]
2026-07-25 14:01:12 | INFO     | jewelry_detector.image_processor | OpenCV panel refine IoU = 0.857
2026-07-25 14:01:12 | INFO     | jewelry_detector.image_processor | Panel refined: [34, 34, 466, 466]
2026-07-25 14:01:12 | INFO     | jewelry_detector.image_processor | Panel refined (OpenCV): [34, 34, 466, 466]
2026-07-25 14:01:12 | INFO     | jewelry_detector.image_processor | Clean panel crop: raw_size=432x432 trim_left=20 trim_top=20 trim_right=19 trim_bottom=19 content_retained=88.0% success=True
2026-07-25 14:01:12 | INFO     | jewelry_detector.image_processor | Trimmed Object (ảnh gốc): [123, 123, 378, 378] | AI bbox gốc: [150, 150, 350, 350]
2026-07-25 14:01:12 | INFO     | jewelry_detector.image_processor | Object refined (OpenCV Trim): [123, 123, 378, 378]
2026-07-25 14:01:12 | INFO     | jewelry_detector.image_processor | Đã lưu ảnh kết quả: sample_img_bottom_result.jpg
2026-07-25 14:01:12 | INFO     | jewelry_detector.image_processor | Tổng thời gian xử lý: 0.01s
2026-07-25 14:01:12 | INFO     | jewelry_detector.image_processor | Kích thước ảnh: 500 x 500 px
2026-07-25 14:01:12 | INFO     | jewelry_detector.image_processor | Panel pixel (AI): [50, 50, 450, 450]
2026-07-25 14:01:12 | INFO     | jewelry_detector.image_processor | Object pixel (AI): [150, 150, 350, 350]
2026-07-25 14:01:12 | INFO     | jewelry_detector.image_processor | Center pixel: [250, 250]
2026-07-25 14:01:12 | INFO     | jewelry_detector.image_processor | OpenCV panel refine IoU = 0.857
2026-07-25 14:01:12 | INFO     | jewelry_detector.image_processor | Panel refined: [34, 34, 466, 466]
2026-07-25 14:01:12 | INFO     | jewelry_detector.image_processor | Panel refined (OpenCV): [34, 34, 466, 466]
2026-07-25 14:01:12 | INFO     | jewelry_detector.image_processor | Clean panel crop: raw_size=432x432 trim_left=20 trim_top=20 trim_right=19 trim_bottom=19 content_retained=88.0% success=True
2026-07-25 14:01:12 | INFO     | jewelry_detector.image_processor | Trimmed Object (ảnh gốc): [123, 123, 378, 378] | AI bbox gốc: [150, 150, 350, 350]
2026-07-25 14:01:12 | INFO     | jewelry_detector.image_processor | Object refined (OpenCV Trim): [123, 123, 378, 378]
2026-07-25 14:01:12 | INFO     | jewelry_detector.image_processor | Đã lưu ảnh kết quả: sample_img_back_result.jpg
2026-07-25 14:01:12 | INFO     | jewelry_detector.image_processor | Tổng thời gian xử lý: 0.01s
2026-07-25 14:01:12 | INFO     | jewelry_detector.image_processor | Kích thước ảnh: 500 x 500 px
2026-07-25 14:01:12 | INFO     | jewelry_detector.image_processor | Panel pixel (AI): [50, 50, 450, 450]
2026-07-25 14:01:12 | INFO     | jewelry_detector.image_processor | Object pixel (AI): [150, 150, 350, 350]
2026-07-25 14:01:12 | INFO     | jewelry_detector.image_processor | Center pixel: [250, 250]
2026-07-25 14:01:12 | INFO     | jewelry_detector.image_processor | Clean panel crop: raw_size=400x400 trim_left=4 trim_top=4 trim_right=3 trim_bottom=3 content_retained=100.0% success=True
2026-07-25 14:01:12 | INFO     | jewelry_detector.image_processor | Đã lưu ảnh kết quả: sample_img_front_result.jpg
2026-07-25 14:01:12 | INFO     | jewelry_detector.image_processor | Tổng thời gian xử lý: 0.01s
2026-07-25 14:01:12 | INFO     | jewelry_detector.image_processor | Kích thước ảnh: 500 x 500 px
2026-07-25 14:01:12 | INFO     | jewelry_detector.image_processor | Panel pixel (AI): [50, 50, 450, 450]
2026-07-25 14:01:12 | INFO     | jewelry_detector.image_processor | Object pixel (AI): [150, 150, 350, 350]
2026-07-25 14:01:12 | INFO     | jewelry_detector.image_processor | Center pixel: [250, 250]
2026-07-25 14:01:12 | INFO     | jewelry_detector.image_processor | OpenCV không tìm được contour phù hợp cho panel. Giữ bbox AI.
2026-07-25 14:01:12 | INFO     | jewelry_detector.image_processor | Panel refine không thành công, dùng bbox AI.
2026-07-25 14:01:13 | INFO     | jewelry_detector.image_processor | Không tìm thấy nội dung giao với AI Object Bbox.
2026-07-25 14:01:13 | INFO     | jewelry_detector.image_processor | Object trim không thành công, dùng bbox AI gốc.
2026-07-25 14:01:13 | INFO     | jewelry_detector.image_processor | Đã lưu ảnh kết quả: blank_img_front_result.jpg
2026-07-25 14:01:13 | INFO     | jewelry_detector.image_processor | Tổng thời gian xử lý: 0.01s
2026-07-25 14:01:13 | INFO     | jewelry_detector.image_processor | Kích thước ảnh: 500 x 500 px
2026-07-25 14:01:13 | INFO     | jewelry_detector.image_processor | Panel pixel (AI): [50, 50, 450, 450]
2026-07-25 14:01:13 | INFO     | jewelry_detector.image_processor | Object pixel (AI): [150, 150, 350, 350]
2026-07-25 14:01:13 | INFO     | jewelry_detector.image_processor | Center pixel: [250, 250]
2026-07-25 14:01:13 | INFO     | jewelry_detector.image_processor | OpenCV panel refine IoU = 0.857
2026-07-25 14:01:13 | INFO     | jewelry_detector.image_processor | Panel refined: [34, 34, 466, 466]
2026-07-25 14:01:13 | INFO     | jewelry_detector.image_processor | Panel refined (OpenCV): [34, 34, 466, 466]
2026-07-25 14:01:13 | INFO     | jewelry_detector.image_processor | Clean panel crop: raw_size=432x432 trim_left=20 trim_top=20 trim_right=19 trim_bottom=19 content_retained=88.0% success=True
2026-07-25 14:01:13 | WARNING  | jewelry_detector.image_processor | Refined object bbox không hợp lệ (refined_object_bbox: bbox [600.0,600.0,700.0,700.0] vượt ngoài ảnh [500x500]). Giữ bbox AI.
2026-07-25 14:01:13 | INFO     | jewelry_detector.image_processor | Đã lưu ảnh kết quả: sample_img_front_result.jpg
2026-07-25 14:01:13 | INFO     | jewelry_detector.image_processor | Tổng thời gian xử lý: 0.01s
2026-07-25 14:01:13 | INFO     | jewelry_detector.image_processor | Kích thước ảnh: 500 x 500 px
2026-07-25 14:01:13 | INFO     | jewelry_detector.image_processor | Panel pixel (AI): [50, 50, 450, 450]
2026-07-25 14:01:13 | INFO     | jewelry_detector.image_processor | Object pixel (AI): [150, 150, 350, 350]
2026-07-25 14:01:13 | INFO     | jewelry_detector.image_processor | Center pixel: [250, 250]
2026-07-25 14:01:13 | INFO     | jewelry_detector.image_processor | Object refined (OpenCV Trim): [150, 150, 350, 350]
2026-07-25 14:01:13 | INFO     | jewelry_detector.image_processor | Đã lưu ảnh kết quả: sample_img_perspective_result.jpg
2026-07-25 14:01:13 | INFO     | jewelry_detector.image_processor | Tổng thời gian xử lý: 0.01s
2026-07-25 14:01:13 | INFO     | jewelry_detector.image_processor | Kích thước ảnh: 500 x 500 px
2026-07-25 14:01:13 | INFO     | jewelry_detector.image_processor | Panel pixel (AI): [50, 50, 450, 450]
2026-07-25 14:01:13 | INFO     | jewelry_detector.image_processor | Object pixel (AI): [150, 150, 350, 350]
2026-07-25 14:01:13 | INFO     | jewelry_detector.image_processor | Center pixel: [250, 250]
2026-07-25 14:01:13 | INFO     | jewelry_detector.image_processor | OpenCV panel refine IoU = 0.857
2026-07-25 14:01:13 | INFO     | jewelry_detector.image_processor | Panel refined: [34, 34, 466, 466]
2026-07-25 14:01:13 | INFO     | jewelry_detector.image_processor | Panel refined (OpenCV): [34, 34, 466, 466]
2026-07-25 14:01:13 | INFO     | jewelry_detector.image_processor | Clean panel crop: raw_size=432x432 trim_left=20 trim_top=20 trim_right=19 trim_bottom=19 content_retained=88.0% success=True
2026-07-25 14:01:13 | INFO     | jewelry_detector.image_processor | Trimmed Object (ảnh gốc): [123, 123, 378, 378] | AI bbox gốc: [150, 150, 350, 350]
2026-07-25 14:01:13 | INFO     | jewelry_detector.image_processor | Object refined (OpenCV Trim): [123, 123, 378, 378]
2026-07-25 14:01:13 | INFO     | jewelry_detector.image_processor | Đã lưu ảnh kết quả: sample_img_front_result.jpg
2026-07-25 14:01:13 | INFO     | jewelry_detector.image_processor | Tổng thời gian xử lý: 0.01s
2026-07-25 14:01:13 | INFO     | jewelry_detector.image_processor | Đã lưu JSON: sample_img_front_result.json
2026-07-25 14:01:13 | INFO     | jewelry_detector.image_processor | Clean panel crop: raw_size=200x200 trim_left=0 trim_top=13 trim_right=0 trim_bottom=0 content_retained=97.4% success=True
2026-07-25 14:01:13 | INFO     | jewelry_detector.image_processor | Clean panel crop: raw_size=200x200 trim_left=0 trim_top=8 trim_right=0 trim_bottom=0 content_retained=98.5% success=True
2026-07-25 14:01:13 | INFO     | jewelry_detector.image_processor | Object area ratio 41.281 > 2.5. Giữ bbox AI.
2026-07-25 14:01:13 | INFO     | jewelry_detector.image_processor | Object area ratio 0.035 < 0.3. Giữ bbox AI.
2026-07-25 14:01:13 | INFO     | jewelry_detector.image_processor | Không tìm thấy nội dung giao với AI Object Bbox.
2026-07-25 14:01:13 | INFO     | jewelry_detector.image_processor | Trimmed Object (ảnh gốc): [122, 122, 379, 379] | AI bbox gốc: [140, 140, 360, 360]
2026-07-25 14:01:13 | INFO     | jewelry_detector.image_processor | OpenCV không tìm được contour phù hợp cho panel. Giữ bbox AI.
2026-07-25 14:01:13 | INFO     | jewelry_detector.image_processor | OpenCV panel refine IoU = 0.859
2026-07-25 14:01:13 | INFO     | jewelry_detector.image_processor | Panel refined: [32, 32, 468, 468]
2026-07-25 14:01:22 | INFO     | jewelry_detector.image_processor | Kích thước ảnh: 500 x 500 px
2026-07-25 14:01:22 | INFO     | jewelry_detector.image_processor | Panel pixel (AI): [50, 50, 450, 450]
2026-07-25 14:01:22 | INFO     | jewelry_detector.image_processor | Object pixel (AI): [150, 150, 350, 350]
2026-07-25 14:01:22 | INFO     | jewelry_detector.image_processor | Center pixel: [250, 250]
2026-07-25 14:01:22 | INFO     | jewelry_detector.image_processor | OpenCV panel refine IoU = 0.857
2026-07-25 14:01:22 | INFO     | jewelry_detector.image_processor | Panel refined: [34, 34, 466, 466]
2026-07-25 14:01:22 | INFO     | jewelry_detector.image_processor | Panel refined (OpenCV): [34, 34, 466, 466]
2026-07-25 14:01:22 | INFO     | jewelry_detector.image_processor | Clean panel crop: raw_size=432x432 trim_left=20 trim_top=20 trim_right=19 trim_bottom=19 content_retained=88.0% success=True
2026-07-25 14:01:22 | INFO     | jewelry_detector.image_processor | Trimmed Object (ảnh gốc): [123, 123, 378, 378] | AI bbox gốc: [150, 150, 350, 350]
2026-07-25 14:01:22 | INFO     | jewelry_detector.image_processor | Object refined (OpenCV Trim): [123, 123, 378, 378]
2026-07-25 14:01:22 | INFO     | jewelry_detector.image_processor | Đã lưu ảnh kết quả: sample_img_front_result.jpg
2026-07-25 14:01:22 | INFO     | jewelry_detector.image_processor | Tổng thời gian xử lý: 0.03s
2026-07-25 14:01:22 | INFO     | jewelry_detector.image_processor | Kích thước ảnh: 500 x 500 px
2026-07-25 14:01:22 | INFO     | jewelry_detector.image_processor | Panel pixel (AI): [50, 50, 450, 450]
2026-07-25 14:01:22 | INFO     | jewelry_detector.image_processor | Object pixel (AI): [150, 150, 350, 350]
2026-07-25 14:01:22 | INFO     | jewelry_detector.image_processor | Center pixel: [250, 250]
2026-07-25 14:01:22 | INFO     | jewelry_detector.image_processor | OpenCV panel refine IoU = 0.857
2026-07-25 14:01:22 | INFO     | jewelry_detector.image_processor | Panel refined: [34, 34, 466, 466]
2026-07-25 14:01:22 | INFO     | jewelry_detector.image_processor | Panel refined (OpenCV): [34, 34, 466, 466]
2026-07-25 14:01:22 | INFO     | jewelry_detector.image_processor | Clean panel crop: raw_size=432x432 trim_left=20 trim_top=20 trim_right=19 trim_bottom=19 content_retained=88.0% success=True
2026-07-25 14:01:22 | INFO     | jewelry_detector.image_processor | Trimmed Object (ảnh gốc): [123, 123, 378, 378] | AI bbox gốc: [150, 150, 350, 350]
2026-07-25 14:01:22 | INFO     | jewelry_detector.image_processor | Object refined (OpenCV Trim): [123, 123, 378, 378]
2026-07-25 14:01:22 | INFO     | jewelry_detector.image_processor | Đã lưu ảnh kết quả: sample_img_left_result.jpg
2026-07-25 14:01:22 | INFO     | jewelry_detector.image_processor | Tổng thời gian xử lý: 0.01s
2026-07-25 14:01:22 | INFO     | jewelry_detector.image_processor | Kích thước ảnh: 500 x 500 px
2026-07-25 14:01:22 | INFO     | jewelry_detector.image_processor | Panel pixel (AI): [50, 50, 450, 450]
2026-07-25 14:01:22 | INFO     | jewelry_detector.image_processor | Object pixel (AI): [150, 150, 350, 350]
2026-07-25 14:01:22 | INFO     | jewelry_detector.image_processor | Center pixel: [250, 250]
2026-07-25 14:01:22 | INFO     | jewelry_detector.image_processor | OpenCV panel refine IoU = 0.857
2026-07-25 14:01:22 | INFO     | jewelry_detector.image_processor | Panel refined: [34, 34, 466, 466]
2026-07-25 14:01:22 | INFO     | jewelry_detector.image_processor | Panel refined (OpenCV): [34, 34, 466, 466]
2026-07-25 14:01:22 | INFO     | jewelry_detector.image_processor | Clean panel crop: raw_size=432x432 trim_left=20 trim_top=20 trim_right=19 trim_bottom=19 content_retained=88.0% success=True
2026-07-25 14:01:22 | INFO     | jewelry_detector.image_processor | Trimmed Object (ảnh gốc): [123, 123, 378, 378] | AI bbox gốc: [150, 150, 350, 350]
2026-07-25 14:01:22 | INFO     | jewelry_detector.image_processor | Object refined (OpenCV Trim): [123, 123, 378, 378]
2026-07-25 14:01:22 | INFO     | jewelry_detector.image_processor | Đã lưu ảnh kết quả: sample_img_right_result.jpg
2026-07-25 14:01:22 | INFO     | jewelry_detector.image_processor | Tổng thời gian xử lý: 0.01s
2026-07-25 14:01:22 | INFO     | jewelry_detector.image_processor | Kích thước ảnh: 500 x 500 px
2026-07-25 14:01:22 | INFO     | jewelry_detector.image_processor | Panel pixel (AI): [50, 50, 450, 450]
2026-07-25 14:01:22 | INFO     | jewelry_detector.image_processor | Object pixel (AI): [150, 150, 350, 350]
2026-07-25 14:01:22 | INFO     | jewelry_detector.image_processor | Center pixel: [250, 250]
2026-07-25 14:01:22 | INFO     | jewelry_detector.image_processor | OpenCV panel refine IoU = 0.857
2026-07-25 14:01:22 | INFO     | jewelry_detector.image_processor | Panel refined: [34, 34, 466, 466]
2026-07-25 14:01:22 | INFO     | jewelry_detector.image_processor | Panel refined (OpenCV): [34, 34, 466, 466]
2026-07-25 14:01:22 | INFO     | jewelry_detector.image_processor | Clean panel crop: raw_size=432x432 trim_left=20 trim_top=20 trim_right=19 trim_bottom=19 content_retained=88.0% success=True
2026-07-25 14:01:22 | INFO     | jewelry_detector.image_processor | Trimmed Object (ảnh gốc): [123, 123, 378, 378] | AI bbox gốc: [150, 150, 350, 350]
2026-07-25 14:01:22 | INFO     | jewelry_detector.image_processor | Object refined (OpenCV Trim): [123, 123, 378, 378]
2026-07-25 14:01:22 | INFO     | jewelry_detector.image_processor | Đã lưu ảnh kết quả: sample_img_top_result.jpg
2026-07-25 14:01:22 | INFO     | jewelry_detector.image_processor | Tổng thời gian xử lý: 0.01s
2026-07-25 14:01:22 | INFO     | jewelry_detector.image_processor | Kích thước ảnh: 500 x 500 px
2026-07-25 14:01:22 | INFO     | jewelry_detector.image_processor | Panel pixel (AI): [50, 50, 450, 450]
2026-07-25 14:01:22 | INFO     | jewelry_detector.image_processor | Object pixel (AI): [150, 150, 350, 350]
2026-07-25 14:01:22 | INFO     | jewelry_detector.image_processor | Center pixel: [250, 250]
2026-07-25 14:01:22 | INFO     | jewelry_detector.image_processor | OpenCV panel refine IoU = 0.857
2026-07-25 14:01:22 | INFO     | jewelry_detector.image_processor | Panel refined: [34, 34, 466, 466]
2026-07-25 14:01:22 | INFO     | jewelry_detector.image_processor | Panel refined (OpenCV): [34, 34, 466, 466]
2026-07-25 14:01:22 | INFO     | jewelry_detector.image_processor | Clean panel crop: raw_size=432x432 trim_left=20 trim_top=20 trim_right=19 trim_bottom=19 content_retained=88.0% success=True
2026-07-25 14:01:22 | INFO     | jewelry_detector.image_processor | Trimmed Object (ảnh gốc): [123, 123, 378, 378] | AI bbox gốc: [150, 150, 350, 350]
2026-07-25 14:01:22 | INFO     | jewelry_detector.image_processor | Object refined (OpenCV Trim): [123, 123, 378, 378]
2026-07-25 14:01:22 | INFO     | jewelry_detector.image_processor | Đã lưu ảnh kết quả: sample_img_bottom_result.jpg
2026-07-25 14:01:22 | INFO     | jewelry_detector.image_processor | Tổng thời gian xử lý: 0.01s
2026-07-25 14:01:22 | INFO     | jewelry_detector.image_processor | Kích thước ảnh: 500 x 500 px
2026-07-25 14:01:22 | INFO     | jewelry_detector.image_processor | Panel pixel (AI): [50, 50, 450, 450]
2026-07-25 14:01:22 | INFO     | jewelry_detector.image_processor | Object pixel (AI): [150, 150, 350, 350]
2026-07-25 14:01:22 | INFO     | jewelry_detector.image_processor | Center pixel: [250, 250]
2026-07-25 14:01:22 | INFO     | jewelry_detector.image_processor | OpenCV panel refine IoU = 0.857
2026-07-25 14:01:22 | INFO     | jewelry_detector.image_processor | Panel refined: [34, 34, 466, 466]
2026-07-25 14:01:22 | INFO     | jewelry_detector.image_processor | Panel refined (OpenCV): [34, 34, 466, 466]
2026-07-25 14:01:22 | INFO     | jewelry_detector.image_processor | Clean panel crop: raw_size=432x432 trim_left=20 trim_top=20 trim_right=19 trim_bottom=19 content_retained=88.0% success=True
2026-07-25 14:01:22 | INFO     | jewelry_detector.image_processor | Trimmed Object (ảnh gốc): [123, 123, 378, 378] | AI bbox gốc: [150, 150, 350, 350]
2026-07-25 14:01:22 | INFO     | jewelry_detector.image_processor | Object refined (OpenCV Trim): [123, 123, 378, 378]
2026-07-25 14:01:22 | INFO     | jewelry_detector.image_processor | Đã lưu ảnh kết quả: sample_img_back_result.jpg
2026-07-25 14:01:22 | INFO     | jewelry_detector.image_processor | Tổng thời gian xử lý: 0.01s
2026-07-25 14:01:22 | INFO     | jewelry_detector.image_processor | Kích thước ảnh: 500 x 500 px
2026-07-25 14:01:22 | INFO     | jewelry_detector.image_processor | Panel pixel (AI): [50, 50, 450, 450]
2026-07-25 14:01:22 | INFO     | jewelry_detector.image_processor | Object pixel (AI): [150, 150, 350, 350]
2026-07-25 14:01:22 | INFO     | jewelry_detector.image_processor | Center pixel: [250, 250]
2026-07-25 14:01:22 | INFO     | jewelry_detector.image_processor | Clean panel crop: raw_size=400x400 trim_left=4 trim_top=4 trim_right=3 trim_bottom=3 content_retained=100.0% success=True
2026-07-25 14:01:22 | INFO     | jewelry_detector.image_processor | Đã lưu ảnh kết quả: sample_img_front_result.jpg
2026-07-25 14:01:22 | INFO     | jewelry_detector.image_processor | Tổng thời gian xử lý: 0.01s
2026-07-25 14:01:22 | INFO     | jewelry_detector.image_processor | Kích thước ảnh: 500 x 500 px
2026-07-25 14:01:22 | INFO     | jewelry_detector.image_processor | Panel pixel (AI): [50, 50, 450, 450]
2026-07-25 14:01:22 | INFO     | jewelry_detector.image_processor | Object pixel (AI): [150, 150, 350, 350]
2026-07-25 14:01:22 | INFO     | jewelry_detector.image_processor | Center pixel: [250, 250]
2026-07-25 14:01:22 | INFO     | jewelry_detector.image_processor | OpenCV không tìm được contour phù hợp cho panel. Giữ bbox AI.
2026-07-25 14:01:22 | INFO     | jewelry_detector.image_processor | Panel refine không thành công, dùng bbox AI.
2026-07-25 14:01:22 | INFO     | jewelry_detector.image_processor | Không tìm thấy nội dung giao với AI Object Bbox.
2026-07-25 14:01:22 | INFO     | jewelry_detector.image_processor | Object trim không thành công, dùng bbox AI gốc.
2026-07-25 14:01:22 | INFO     | jewelry_detector.image_processor | Đã lưu ảnh kết quả: blank_img_front_result.jpg
2026-07-25 14:01:22 | INFO     | jewelry_detector.image_processor | Tổng thời gian xử lý: 0.01s
2026-07-25 14:01:22 | INFO     | jewelry_detector.image_processor | Kích thước ảnh: 500 x 500 px
2026-07-25 14:01:22 | INFO     | jewelry_detector.image_processor | Panel pixel (AI): [50, 50, 450, 450]
2026-07-25 14:01:22 | INFO     | jewelry_detector.image_processor | Object pixel (AI): [150, 150, 350, 350]
2026-07-25 14:01:22 | INFO     | jewelry_detector.image_processor | Center pixel: [250, 250]
2026-07-25 14:01:22 | INFO     | jewelry_detector.image_processor | OpenCV panel refine IoU = 0.857
2026-07-25 14:01:22 | INFO     | jewelry_detector.image_processor | Panel refined: [34, 34, 466, 466]
2026-07-25 14:01:22 | INFO     | jewelry_detector.image_processor | Panel refined (OpenCV): [34, 34, 466, 466]
2026-07-25 14:01:22 | INFO     | jewelry_detector.image_processor | Clean panel crop: raw_size=432x432 trim_left=20 trim_top=20 trim_right=19 trim_bottom=19 content_retained=88.0% success=True
2026-07-25 14:01:22 | WARNING  | jewelry_detector.image_processor | Refined object bbox không hợp lệ (refined_object_bbox: bbox [600.0,600.0,700.0,700.0] vượt ngoài ảnh [500x500]). Giữ bbox AI.
2026-07-25 14:01:22 | INFO     | jewelry_detector.image_processor | Đã lưu ảnh kết quả: sample_img_front_result.jpg
2026-07-25 14:01:22 | INFO     | jewelry_detector.image_processor | Tổng thời gian xử lý: 0.01s
2026-07-25 14:01:22 | INFO     | jewelry_detector.image_processor | Kích thước ảnh: 500 x 500 px
2026-07-25 14:01:22 | INFO     | jewelry_detector.image_processor | Panel pixel (AI): [50, 50, 450, 450]
2026-07-25 14:01:22 | INFO     | jewelry_detector.image_processor | Object pixel (AI): [150, 150, 350, 350]
2026-07-25 14:01:22 | INFO     | jewelry_detector.image_processor | Center pixel: [250, 250]
2026-07-25 14:01:22 | INFO     | jewelry_detector.image_processor | Object refined (OpenCV Trim): [150, 150, 350, 350]
2026-07-25 14:01:22 | INFO     | jewelry_detector.image_processor | Đã lưu ảnh kết quả: sample_img_perspective_result.jpg
2026-07-25 14:01:22 | INFO     | jewelry_detector.image_processor | Tổng thời gian xử lý: 0.01s
2026-07-25 14:01:22 | INFO     | jewelry_detector.image_processor | Kích thước ảnh: 500 x 500 px
2026-07-25 14:01:22 | INFO     | jewelry_detector.image_processor | Panel pixel (AI): [50, 50, 450, 450]
2026-07-25 14:01:22 | INFO     | jewelry_detector.image_processor | Object pixel (AI): [150, 150, 350, 350]
2026-07-25 14:01:22 | INFO     | jewelry_detector.image_processor | Center pixel: [250, 250]
2026-07-25 14:01:22 | INFO     | jewelry_detector.image_processor | OpenCV panel refine IoU = 0.857
2026-07-25 14:01:22 | INFO     | jewelry_detector.image_processor | Panel refined: [34, 34, 466, 466]
2026-07-25 14:01:22 | INFO     | jewelry_detector.image_processor | Panel refined (OpenCV): [34, 34, 466, 466]
2026-07-25 14:01:22 | INFO     | jewelry_detector.image_processor | Clean panel crop: raw_size=432x432 trim_left=20 trim_top=20 trim_right=19 trim_bottom=19 content_retained=88.0% success=True
2026-07-25 14:01:22 | INFO     | jewelry_detector.image_processor | Trimmed Object (ảnh gốc): [123, 123, 378, 378] | AI bbox gốc: [150, 150, 350, 350]
2026-07-25 14:01:22 | INFO     | jewelry_detector.image_processor | Object refined (OpenCV Trim): [123, 123, 378, 378]
2026-07-25 14:01:22 | INFO     | jewelry_detector.image_processor | Đã lưu ảnh kết quả: sample_img_front_result.jpg
2026-07-25 14:01:22 | INFO     | jewelry_detector.image_processor | Tổng thời gian xử lý: 0.01s
2026-07-25 14:01:22 | INFO     | jewelry_detector.image_processor | Đã lưu JSON: sample_img_front_result.json
2026-07-25 14:01:22 | INFO     | jewelry_detector.image_processor | Clean panel crop: raw_size=200x200 trim_left=0 trim_top=13 trim_right=0 trim_bottom=0 content_retained=98.8% success=True
2026-07-25 14:01:22 | INFO     | jewelry_detector.image_processor | Clean panel crop: raw_size=200x200 trim_left=0 trim_top=8 trim_right=0 trim_bottom=0 content_retained=98.5% success=True
2026-07-25 14:01:22 | INFO     | jewelry_detector.image_processor | Object area ratio 41.281 > 2.5. Giữ bbox AI.
2026-07-25 14:01:22 | INFO     | jewelry_detector.image_processor | Object area ratio 0.035 < 0.3. Giữ bbox AI.
2026-07-25 14:01:22 | INFO     | jewelry_detector.image_processor | Không tìm thấy nội dung giao với AI Object Bbox.
2026-07-25 14:01:22 | INFO     | jewelry_detector.image_processor | Trimmed Object (ảnh gốc): [122, 122, 379, 379] | AI bbox gốc: [140, 140, 360, 360]
2026-07-25 14:01:22 | INFO     | jewelry_detector.image_processor | OpenCV không tìm được contour phù hợp cho panel. Giữ bbox AI.
2026-07-25 14:01:22 | INFO     | jewelry_detector.image_processor | OpenCV panel refine IoU = 0.859
2026-07-25 14:01:22 | INFO     | jewelry_detector.image_processor | Panel refined: [32, 32, 468, 468]
2026-07-25 14:01:34 | INFO     | jewelry_detector.image_processor | Kích thước ảnh: 500 x 500 px
2026-07-25 14:01:34 | INFO     | jewelry_detector.image_processor | Panel pixel (AI): [50, 50, 450, 450]
2026-07-25 14:01:34 | INFO     | jewelry_detector.image_processor | Object pixel (AI): [150, 150, 350, 350]
2026-07-25 14:01:34 | INFO     | jewelry_detector.image_processor | Center pixel: [250, 250]
2026-07-25 14:01:34 | INFO     | jewelry_detector.image_processor | OpenCV panel refine IoU = 0.857
2026-07-25 14:01:34 | INFO     | jewelry_detector.image_processor | Panel refined: [34, 34, 466, 466]
2026-07-25 14:01:34 | INFO     | jewelry_detector.image_processor | Panel refined (OpenCV): [34, 34, 466, 466]
2026-07-25 14:01:34 | INFO     | jewelry_detector.image_processor | Clean panel crop: raw_size=432x432 trim_left=20 trim_top=20 trim_right=19 trim_bottom=19 content_retained=88.0% success=True
2026-07-25 14:01:34 | INFO     | jewelry_detector.image_processor | Trimmed Object (ảnh gốc): [123, 123, 378, 378] | AI bbox gốc: [150, 150, 350, 350]
2026-07-25 14:01:34 | INFO     | jewelry_detector.image_processor | Object refined (OpenCV Trim): [123, 123, 378, 378]
2026-07-25 14:01:34 | INFO     | jewelry_detector.image_processor | Đã lưu ảnh kết quả: sample_img_front_result.jpg
2026-07-25 14:01:34 | INFO     | jewelry_detector.image_processor | Tổng thời gian xử lý: 0.03s
2026-07-25 14:01:34 | INFO     | jewelry_detector.image_processor | Kích thước ảnh: 500 x 500 px
2026-07-25 14:01:34 | INFO     | jewelry_detector.image_processor | Panel pixel (AI): [50, 50, 450, 450]
2026-07-25 14:01:34 | INFO     | jewelry_detector.image_processor | Object pixel (AI): [150, 150, 350, 350]
2026-07-25 14:01:34 | INFO     | jewelry_detector.image_processor | Center pixel: [250, 250]
2026-07-25 14:01:34 | INFO     | jewelry_detector.image_processor | OpenCV panel refine IoU = 0.857
2026-07-25 14:01:34 | INFO     | jewelry_detector.image_processor | Panel refined: [34, 34, 466, 466]
2026-07-25 14:01:34 | INFO     | jewelry_detector.image_processor | Panel refined (OpenCV): [34, 34, 466, 466]
2026-07-25 14:01:34 | INFO     | jewelry_detector.image_processor | Clean panel crop: raw_size=432x432 trim_left=20 trim_top=20 trim_right=19 trim_bottom=19 content_retained=88.0% success=True
2026-07-25 14:01:34 | INFO     | jewelry_detector.image_processor | Trimmed Object (ảnh gốc): [123, 123, 378, 378] | AI bbox gốc: [150, 150, 350, 350]
2026-07-25 14:01:34 | INFO     | jewelry_detector.image_processor | Object refined (OpenCV Trim): [123, 123, 378, 378]
2026-07-25 14:01:35 | INFO     | jewelry_detector.image_processor | Đã lưu ảnh kết quả: sample_img_left_result.jpg
2026-07-25 14:01:35 | INFO     | jewelry_detector.image_processor | Tổng thời gian xử lý: 0.02s
2026-07-25 14:01:35 | INFO     | jewelry_detector.image_processor | Kích thước ảnh: 500 x 500 px
2026-07-25 14:01:35 | INFO     | jewelry_detector.image_processor | Panel pixel (AI): [50, 50, 450, 450]
2026-07-25 14:01:35 | INFO     | jewelry_detector.image_processor | Object pixel (AI): [150, 150, 350, 350]
2026-07-25 14:01:35 | INFO     | jewelry_detector.image_processor | Center pixel: [250, 250]
2026-07-25 14:01:35 | INFO     | jewelry_detector.image_processor | OpenCV panel refine IoU = 0.857
2026-07-25 14:01:35 | INFO     | jewelry_detector.image_processor | Panel refined: [34, 34, 466, 466]
2026-07-25 14:01:35 | INFO     | jewelry_detector.image_processor | Panel refined (OpenCV): [34, 34, 466, 466]
2026-07-25 14:01:35 | INFO     | jewelry_detector.image_processor | Clean panel crop: raw_size=432x432 trim_left=20 trim_top=20 trim_right=19 trim_bottom=19 content_retained=88.0% success=True
2026-07-25 14:01:35 | INFO     | jewelry_detector.image_processor | Trimmed Object (ảnh gốc): [123, 123, 378, 378] | AI bbox gốc: [150, 150, 350, 350]
2026-07-25 14:01:35 | INFO     | jewelry_detector.image_processor | Object refined (OpenCV Trim): [123, 123, 378, 378]
2026-07-25 14:01:35 | INFO     | jewelry_detector.image_processor | Đã lưu ảnh kết quả: sample_img_right_result.jpg
2026-07-25 14:01:35 | INFO     | jewelry_detector.image_processor | Tổng thời gian xử lý: 0.01s
2026-07-25 14:01:35 | INFO     | jewelry_detector.image_processor | Kích thước ảnh: 500 x 500 px
2026-07-25 14:01:35 | INFO     | jewelry_detector.image_processor | Panel pixel (AI): [50, 50, 450, 450]
2026-07-25 14:01:35 | INFO     | jewelry_detector.image_processor | Object pixel (AI): [150, 150, 350, 350]
2026-07-25 14:01:35 | INFO     | jewelry_detector.image_processor | Center pixel: [250, 250]
2026-07-25 14:01:35 | INFO     | jewelry_detector.image_processor | OpenCV panel refine IoU = 0.857
2026-07-25 14:01:35 | INFO     | jewelry_detector.image_processor | Panel refined: [34, 34, 466, 466]
2026-07-25 14:01:35 | INFO     | jewelry_detector.image_processor | Panel refined (OpenCV): [34, 34, 466, 466]
2026-07-25 14:01:35 | INFO     | jewelry_detector.image_processor | Clean panel crop: raw_size=432x432 trim_left=20 trim_top=20 trim_right=19 trim_bottom=19 content_retained=88.0% success=True
2026-07-25 14:01:35 | INFO     | jewelry_detector.image_processor | Trimmed Object (ảnh gốc): [123, 123, 378, 378] | AI bbox gốc: [150, 150, 350, 350]
2026-07-25 14:01:35 | INFO     | jewelry_detector.image_processor | Object refined (OpenCV Trim): [123, 123, 378, 378]
2026-07-25 14:01:35 | INFO     | jewelry_detector.image_processor | Đã lưu ảnh kết quả: sample_img_top_result.jpg
2026-07-25 14:01:35 | INFO     | jewelry_detector.image_processor | Tổng thời gian xử lý: 0.01s
2026-07-25 14:01:35 | INFO     | jewelry_detector.image_processor | Kích thước ảnh: 500 x 500 px
2026-07-25 14:01:35 | INFO     | jewelry_detector.image_processor | Panel pixel (AI): [50, 50, 450, 450]
2026-07-25 14:01:35 | INFO     | jewelry_detector.image_processor | Object pixel (AI): [150, 150, 350, 350]
2026-07-25 14:01:35 | INFO     | jewelry_detector.image_processor | Center pixel: [250, 250]
2026-07-25 14:01:35 | INFO     | jewelry_detector.image_processor | OpenCV panel refine IoU = 0.857
2026-07-25 14:01:35 | INFO     | jewelry_detector.image_processor | Panel refined: [34, 34, 466, 466]
2026-07-25 14:01:35 | INFO     | jewelry_detector.image_processor | Panel refined (OpenCV): [34, 34, 466, 466]
2026-07-25 14:01:35 | INFO     | jewelry_detector.image_processor | Clean panel crop: raw_size=432x432 trim_left=20 trim_top=20 trim_right=19 trim_bottom=19 content_retained=88.0% success=True
2026-07-25 14:01:35 | INFO     | jewelry_detector.image_processor | Trimmed Object (ảnh gốc): [123, 123, 378, 378] | AI bbox gốc: [150, 150, 350, 350]
2026-07-25 14:01:35 | INFO     | jewelry_detector.image_processor | Object refined (OpenCV Trim): [123, 123, 378, 378]
2026-07-25 14:01:35 | INFO     | jewelry_detector.image_processor | Đã lưu ảnh kết quả: sample_img_bottom_result.jpg
2026-07-25 14:01:35 | INFO     | jewelry_detector.image_processor | Tổng thời gian xử lý: 0.01s
2026-07-25 14:01:35 | INFO     | jewelry_detector.image_processor | Kích thước ảnh: 500 x 500 px
2026-07-25 14:01:35 | INFO     | jewelry_detector.image_processor | Panel pixel (AI): [50, 50, 450, 450]
2026-07-25 14:01:35 | INFO     | jewelry_detector.image_processor | Object pixel (AI): [150, 150, 350, 350]
2026-07-25 14:01:35 | INFO     | jewelry_detector.image_processor | Center pixel: [250, 250]
2026-07-25 14:01:35 | INFO     | jewelry_detector.image_processor | OpenCV panel refine IoU = 0.857
2026-07-25 14:01:35 | INFO     | jewelry_detector.image_processor | Panel refined: [34, 34, 466, 466]
2026-07-25 14:01:35 | INFO     | jewelry_detector.image_processor | Panel refined (OpenCV): [34, 34, 466, 466]
2026-07-25 14:01:35 | INFO     | jewelry_detector.image_processor | Clean panel crop: raw_size=432x432 trim_left=20 trim_top=20 trim_right=19 trim_bottom=19 content_retained=88.0% success=True
2026-07-25 14:01:35 | INFO     | jewelry_detector.image_processor | Trimmed Object (ảnh gốc): [123, 123, 378, 378] | AI bbox gốc: [150, 150, 350, 350]
2026-07-25 14:01:35 | INFO     | jewelry_detector.image_processor | Object refined (OpenCV Trim): [123, 123, 378, 378]
2026-07-25 14:01:35 | INFO     | jewelry_detector.image_processor | Đã lưu ảnh kết quả: sample_img_back_result.jpg
2026-07-25 14:01:35 | INFO     | jewelry_detector.image_processor | Tổng thời gian xử lý: 0.01s
2026-07-25 14:01:35 | INFO     | jewelry_detector.image_processor | Kích thước ảnh: 500 x 500 px
2026-07-25 14:01:35 | INFO     | jewelry_detector.image_processor | Panel pixel (AI): [50, 50, 450, 450]
2026-07-25 14:01:35 | INFO     | jewelry_detector.image_processor | Object pixel (AI): [150, 150, 350, 350]
2026-07-25 14:01:35 | INFO     | jewelry_detector.image_processor | Center pixel: [250, 250]
2026-07-25 14:01:35 | INFO     | jewelry_detector.image_processor | Clean panel crop: raw_size=400x400 trim_left=4 trim_top=4 trim_right=3 trim_bottom=3 content_retained=100.0% success=True
2026-07-25 14:01:35 | INFO     | jewelry_detector.image_processor | Đã lưu ảnh kết quả: sample_img_front_result.jpg
2026-07-25 14:01:35 | INFO     | jewelry_detector.image_processor | Tổng thời gian xử lý: 0.01s
2026-07-25 14:01:35 | INFO     | jewelry_detector.image_processor | Kích thước ảnh: 500 x 500 px
2026-07-25 14:01:35 | INFO     | jewelry_detector.image_processor | Panel pixel (AI): [50, 50, 450, 450]
2026-07-25 14:01:35 | INFO     | jewelry_detector.image_processor | Object pixel (AI): [150, 150, 350, 350]
2026-07-25 14:01:35 | INFO     | jewelry_detector.image_processor | Center pixel: [250, 250]
2026-07-25 14:01:35 | INFO     | jewelry_detector.image_processor | OpenCV không tìm được contour phù hợp cho panel. Giữ bbox AI.
2026-07-25 14:01:35 | INFO     | jewelry_detector.image_processor | Panel refine không thành công, dùng bbox AI.
2026-07-25 14:01:35 | INFO     | jewelry_detector.image_processor | Không tìm thấy nội dung giao với AI Object Bbox.
2026-07-25 14:01:35 | INFO     | jewelry_detector.image_processor | Object trim không thành công, dùng bbox AI gốc.
2026-07-25 14:01:35 | INFO     | jewelry_detector.image_processor | Đã lưu ảnh kết quả: blank_img_front_result.jpg
2026-07-25 14:01:35 | INFO     | jewelry_detector.image_processor | Tổng thời gian xử lý: 0.01s
2026-07-25 14:01:35 | INFO     | jewelry_detector.image_processor | Kích thước ảnh: 500 x 500 px
2026-07-25 14:01:35 | INFO     | jewelry_detector.image_processor | Panel pixel (AI): [50, 50, 450, 450]
2026-07-25 14:01:35 | INFO     | jewelry_detector.image_processor | Object pixel (AI): [150, 150, 350, 350]
2026-07-25 14:01:35 | INFO     | jewelry_detector.image_processor | Center pixel: [250, 250]
2026-07-25 14:01:35 | INFO     | jewelry_detector.image_processor | OpenCV panel refine IoU = 0.857
2026-07-25 14:01:35 | INFO     | jewelry_detector.image_processor | Panel refined: [34, 34, 466, 466]
2026-07-25 14:01:35 | INFO     | jewelry_detector.image_processor | Panel refined (OpenCV): [34, 34, 466, 466]
2026-07-25 14:01:35 | INFO     | jewelry_detector.image_processor | Clean panel crop: raw_size=432x432 trim_left=20 trim_top=20 trim_right=19 trim_bottom=19 content_retained=88.0% success=True
2026-07-25 14:01:35 | WARNING  | jewelry_detector.image_processor | Refined object bbox không hợp lệ (refined_object_bbox: bbox [600.0,600.0,700.0,700.0] vượt ngoài ảnh [500x500]). Giữ bbox AI.
2026-07-25 14:01:35 | INFO     | jewelry_detector.image_processor | Đã lưu ảnh kết quả: sample_img_front_result.jpg
2026-07-25 14:01:35 | INFO     | jewelry_detector.image_processor | Tổng thời gian xử lý: 0.01s
2026-07-25 14:01:35 | INFO     | jewelry_detector.image_processor | Kích thước ảnh: 500 x 500 px
2026-07-25 14:01:35 | INFO     | jewelry_detector.image_processor | Panel pixel (AI): [50, 50, 450, 450]
2026-07-25 14:01:35 | INFO     | jewelry_detector.image_processor | Object pixel (AI): [150, 150, 350, 350]
2026-07-25 14:01:35 | INFO     | jewelry_detector.image_processor | Center pixel: [250, 250]
2026-07-25 14:01:35 | INFO     | jewelry_detector.image_processor | Object refined (OpenCV Trim): [150, 150, 350, 350]
2026-07-25 14:01:35 | INFO     | jewelry_detector.image_processor | Đã lưu ảnh kết quả: sample_img_perspective_result.jpg
2026-07-25 14:01:35 | INFO     | jewelry_detector.image_processor | Tổng thời gian xử lý: 0.01s
2026-07-25 14:01:35 | INFO     | jewelry_detector.image_processor | Kích thước ảnh: 500 x 500 px
2026-07-25 14:01:35 | INFO     | jewelry_detector.image_processor | Panel pixel (AI): [50, 50, 450, 450]
2026-07-25 14:01:35 | INFO     | jewelry_detector.image_processor | Object pixel (AI): [150, 150, 350, 350]
2026-07-25 14:01:35 | INFO     | jewelry_detector.image_processor | Center pixel: [250, 250]
2026-07-25 14:01:35 | INFO     | jewelry_detector.image_processor | OpenCV panel refine IoU = 0.857
2026-07-25 14:01:35 | INFO     | jewelry_detector.image_processor | Panel refined: [34, 34, 466, 466]
2026-07-25 14:01:35 | INFO     | jewelry_detector.image_processor | Panel refined (OpenCV): [34, 34, 466, 466]
2026-07-25 14:01:35 | INFO     | jewelry_detector.image_processor | Clean panel crop: raw_size=432x432 trim_left=20 trim_top=20 trim_right=19 trim_bottom=19 content_retained=88.0% success=True
2026-07-25 14:01:35 | INFO     | jewelry_detector.image_processor | Trimmed Object (ảnh gốc): [123, 123, 378, 378] | AI bbox gốc: [150, 150, 350, 350]
2026-07-25 14:01:35 | INFO     | jewelry_detector.image_processor | Object refined (OpenCV Trim): [123, 123, 378, 378]
2026-07-25 14:01:35 | INFO     | jewelry_detector.image_processor | Đã lưu ảnh kết quả: sample_img_front_result.jpg
2026-07-25 14:01:35 | INFO     | jewelry_detector.image_processor | Tổng thời gian xử lý: 0.01s
2026-07-25 14:01:35 | INFO     | jewelry_detector.image_processor | Đã lưu JSON: sample_img_front_result.json
2026-07-25 14:01:35 | INFO     | jewelry_detector.image_processor | Clean panel crop: raw_size=200x200 trim_left=0 trim_top=13 trim_right=0 trim_bottom=0 content_retained=97.7% success=True
2026-07-25 14:01:35 | INFO     | jewelry_detector.image_processor | Clean panel crop: raw_size=200x200 trim_left=0 trim_top=8 trim_right=0 trim_bottom=0 content_retained=98.5% success=True
2026-07-25 14:01:35 | INFO     | jewelry_detector.image_processor | Object area ratio 41.281 > 2.5. Giữ bbox AI.
2026-07-25 14:01:35 | INFO     | jewelry_detector.image_processor | Object area ratio 0.035 < 0.3. Giữ bbox AI.
2026-07-25 14:01:35 | INFO     | jewelry_detector.image_processor | Không tìm thấy nội dung giao với AI Object Bbox.
2026-07-25 14:01:35 | INFO     | jewelry_detector.image_processor | Trimmed Object (ảnh gốc): [122, 122, 379, 379] | AI bbox gốc: [140, 140, 360, 360]
2026-07-25 14:01:35 | INFO     | jewelry_detector.image_processor | OpenCV không tìm được contour phù hợp cho panel. Giữ bbox AI.
2026-07-25 14:01:35 | INFO     | jewelry_detector.image_processor | OpenCV panel refine IoU = 0.859
2026-07-25 14:01:35 | INFO     | jewelry_detector.image_processor | Panel refined: [32, 32, 468, 468]
2026-07-25 14:11:32 | INFO     | jewelry_detector.image_processor | Clean panel crop: raw_size=200x200 trim_left=0 trim_top=13 trim_right=0 trim_bottom=0 content_retained=95.9% success=True
2026-07-25 14:11:32 | INFO     | jewelry_detector.image_processor | Clean panel crop: raw_size=200x200 trim_left=8 trim_top=8 trim_right=8 trim_bottom=8 content_retained=93.5% success=True
2026-07-25 14:11:32 | INFO     | jewelry_detector.image_processor | Clean panel crop: raw_size=200x200 trim_left=0 trim_top=8 trim_right=0 trim_bottom=0 content_retained=98.5% success=True
2026-07-25 14:11:32 | INFO     | jewelry_detector.image_processor | Object area ratio 41.281 > 2.5. Giữ bbox AI.
2026-07-25 14:11:32 | INFO     | jewelry_detector.image_processor | Object area ratio 0.035 < 0.3. Giữ bbox AI.
2026-07-25 14:11:32 | INFO     | jewelry_detector.image_processor | Object center distance 0.002 > -0.01. Giữ bbox AI.
2026-07-25 14:11:32 | INFO     | jewelry_detector.image_processor | Object IoU 0.733 < 1.01. Giữ bbox AI.
2026-07-25 14:11:32 | INFO     | jewelry_detector.image_processor | Không tìm thấy nội dung giao với AI Object Bbox.
2026-07-25 14:11:32 | INFO     | jewelry_detector.image_processor | Không tìm thấy nội dung giao với AI Object Bbox.
2026-07-25 14:11:32 | INFO     | jewelry_detector.image_processor | Trimmed Object (ảnh gốc): [152, 152, 349, 349] | AI bbox gốc: [170, 170, 330, 330]
2026-07-25 14:11:32 | INFO     | jewelry_detector.image_processor | Trimmed Object (ảnh gốc): [122, 122, 379, 379] | AI bbox gốc: [140, 140, 360, 360]
2026-07-25 14:11:32 | INFO     | jewelry_detector.image_processor | OpenCV panel refine IoU = 0.859
2026-07-25 14:11:32 | INFO     | jewelry_detector.image_processor | Center distance ratio 0.000 > ngưỡng -0.01. Giữ bbox AI.
2026-07-25 14:11:32 | INFO     | jewelry_detector.image_processor | OpenCV không tìm được contour phù hợp cho panel. Giữ bbox AI.
2026-07-25 14:11:32 | INFO     | jewelry_detector.image_processor | OpenCV panel refine IoU = 0.859
2026-07-25 14:11:32 | INFO     | jewelry_detector.image_processor | Panel refined: [32, 32, 468, 468]
2026-07-25 14:11:32 | INFO     | jewelry_detector.image_processor | Kích thước ảnh: 500 x 500 px
2026-07-25 14:11:32 | INFO     | jewelry_detector.image_processor | Panel pixel (AI): [50, 50, 450, 450]
2026-07-25 14:11:32 | INFO     | jewelry_detector.image_processor | Object pixel (AI): [150, 150, 350, 350]
2026-07-25 14:11:32 | INFO     | jewelry_detector.image_processor | Center pixel: [250, 250]
2026-07-25 14:11:32 | INFO     | jewelry_detector.image_processor | OpenCV panel refine IoU = 0.857
2026-07-25 14:11:32 | INFO     | jewelry_detector.image_processor | Panel refined: [34, 34, 466, 466]
2026-07-25 14:11:32 | INFO     | jewelry_detector.image_processor | Panel refined (OpenCV): [34, 34, 466, 466]
2026-07-25 14:11:32 | INFO     | jewelry_detector.image_processor | Clean panel crop: raw_size=432x432 trim_left=20 trim_top=20 trim_right=19 trim_bottom=19 content_retained=88.0% success=True
2026-07-25 14:11:32 | INFO     | jewelry_detector.image_processor | Trimmed Object (ảnh gốc): [123, 123, 378, 378] | AI bbox gốc: [150, 150, 350, 350]
2026-07-25 14:11:32 | INFO     | jewelry_detector.image_processor | Object refined (OpenCV Trim): [123, 123, 378, 378]
2026-07-25 14:11:32 | INFO     | jewelry_detector.image_processor | Đã lưu ảnh kết quả: sample_img_front_result.jpg
2026-07-25 14:11:32 | INFO     | jewelry_detector.image_processor | Tổng thời gian xử lý: 0.03s
2026-07-25 14:11:32 | INFO     | jewelry_detector.image_processor | Kích thước ảnh: 500 x 500 px
2026-07-25 14:11:32 | INFO     | jewelry_detector.image_processor | Panel pixel (AI): [50, 50, 450, 450]
2026-07-25 14:11:32 | INFO     | jewelry_detector.image_processor | Object pixel (AI): [150, 150, 350, 350]
2026-07-25 14:11:32 | INFO     | jewelry_detector.image_processor | Center pixel: [250, 250]
2026-07-25 14:11:32 | INFO     | jewelry_detector.image_processor | OpenCV panel refine IoU = 0.857
2026-07-25 14:11:32 | INFO     | jewelry_detector.image_processor | Panel refined: [34, 34, 466, 466]
2026-07-25 14:11:32 | INFO     | jewelry_detector.image_processor | Panel refined (OpenCV): [34, 34, 466, 466]
2026-07-25 14:11:32 | INFO     | jewelry_detector.image_processor | Clean panel crop: raw_size=432x432 trim_left=20 trim_top=20 trim_right=19 trim_bottom=19 content_retained=88.0% success=True
2026-07-25 14:11:32 | INFO     | jewelry_detector.image_processor | Trimmed Object (ảnh gốc): [123, 123, 378, 378] | AI bbox gốc: [150, 150, 350, 350]
2026-07-25 14:11:32 | INFO     | jewelry_detector.image_processor | Object refined (OpenCV Trim): [123, 123, 378, 378]
2026-07-25 14:11:32 | INFO     | jewelry_detector.image_processor | Đã lưu ảnh kết quả: sample_img_left_result.jpg
2026-07-25 14:11:32 | INFO     | jewelry_detector.image_processor | Tổng thời gian xử lý: 0.01s
2026-07-25 14:11:32 | INFO     | jewelry_detector.image_processor | Kích thước ảnh: 500 x 500 px
2026-07-25 14:11:32 | INFO     | jewelry_detector.image_processor | Panel pixel (AI): [50, 50, 450, 450]
2026-07-25 14:11:32 | INFO     | jewelry_detector.image_processor | Object pixel (AI): [150, 150, 350, 350]
2026-07-25 14:11:32 | INFO     | jewelry_detector.image_processor | Center pixel: [250, 250]
2026-07-25 14:11:32 | INFO     | jewelry_detector.image_processor | OpenCV panel refine IoU = 0.857
2026-07-25 14:11:32 | INFO     | jewelry_detector.image_processor | Panel refined: [34, 34, 466, 466]
2026-07-25 14:11:32 | INFO     | jewelry_detector.image_processor | Panel refined (OpenCV): [34, 34, 466, 466]
2026-07-25 14:11:32 | INFO     | jewelry_detector.image_processor | Clean panel crop: raw_size=432x432 trim_left=20 trim_top=20 trim_right=19 trim_bottom=19 content_retained=88.0% success=True
2026-07-25 14:11:32 | INFO     | jewelry_detector.image_processor | Trimmed Object (ảnh gốc): [123, 123, 378, 378] | AI bbox gốc: [150, 150, 350, 350]
2026-07-25 14:11:32 | INFO     | jewelry_detector.image_processor | Object refined (OpenCV Trim): [123, 123, 378, 378]
2026-07-25 14:11:32 | INFO     | jewelry_detector.image_processor | Đã lưu ảnh kết quả: sample_img_right_result.jpg
2026-07-25 14:11:32 | INFO     | jewelry_detector.image_processor | Tổng thời gian xử lý: 0.01s
2026-07-25 14:11:32 | INFO     | jewelry_detector.image_processor | Kích thước ảnh: 500 x 500 px
2026-07-25 14:11:32 | INFO     | jewelry_detector.image_processor | Panel pixel (AI): [50, 50, 450, 450]
2026-07-25 14:11:32 | INFO     | jewelry_detector.image_processor | Object pixel (AI): [150, 150, 350, 350]
2026-07-25 14:11:32 | INFO     | jewelry_detector.image_processor | Center pixel: [250, 250]
2026-07-25 14:11:32 | INFO     | jewelry_detector.image_processor | OpenCV panel refine IoU = 0.857
2026-07-25 14:11:32 | INFO     | jewelry_detector.image_processor | Panel refined: [34, 34, 466, 466]
2026-07-25 14:11:32 | INFO     | jewelry_detector.image_processor | Panel refined (OpenCV): [34, 34, 466, 466]
2026-07-25 14:11:32 | INFO     | jewelry_detector.image_processor | Clean panel crop: raw_size=432x432 trim_left=20 trim_top=20 trim_right=19 trim_bottom=19 content_retained=88.0% success=True
2026-07-25 14:11:32 | INFO     | jewelry_detector.image_processor | Trimmed Object (ảnh gốc): [123, 123, 378, 378] | AI bbox gốc: [150, 150, 350, 350]
2026-07-25 14:11:32 | INFO     | jewelry_detector.image_processor | Object refined (OpenCV Trim): [123, 123, 378, 378]
2026-07-25 14:11:32 | INFO     | jewelry_detector.image_processor | Đã lưu ảnh kết quả: sample_img_top_result.jpg
2026-07-25 14:11:32 | INFO     | jewelry_detector.image_processor | Tổng thời gian xử lý: 0.01s
2026-07-25 14:11:32 | INFO     | jewelry_detector.image_processor | Kích thước ảnh: 500 x 500 px
2026-07-25 14:11:32 | INFO     | jewelry_detector.image_processor | Panel pixel (AI): [50, 50, 450, 450]
2026-07-25 14:11:32 | INFO     | jewelry_detector.image_processor | Object pixel (AI): [150, 150, 350, 350]
2026-07-25 14:11:32 | INFO     | jewelry_detector.image_processor | Center pixel: [250, 250]
2026-07-25 14:11:32 | INFO     | jewelry_detector.image_processor | OpenCV panel refine IoU = 0.857
2026-07-25 14:11:32 | INFO     | jewelry_detector.image_processor | Panel refined: [34, 34, 466, 466]
2026-07-25 14:11:32 | INFO     | jewelry_detector.image_processor | Panel refined (OpenCV): [34, 34, 466, 466]
2026-07-25 14:11:32 | INFO     | jewelry_detector.image_processor | Clean panel crop: raw_size=432x432 trim_left=20 trim_top=20 trim_right=19 trim_bottom=19 content_retained=88.0% success=True
2026-07-25 14:11:32 | INFO     | jewelry_detector.image_processor | Trimmed Object (ảnh gốc): [123, 123, 378, 378] | AI bbox gốc: [150, 150, 350, 350]
2026-07-25 14:11:32 | INFO     | jewelry_detector.image_processor | Object refined (OpenCV Trim): [123, 123, 378, 378]
2026-07-25 14:11:32 | INFO     | jewelry_detector.image_processor | Đã lưu ảnh kết quả: sample_img_bottom_result.jpg
2026-07-25 14:11:32 | INFO     | jewelry_detector.image_processor | Tổng thời gian xử lý: 0.01s
2026-07-25 14:11:32 | INFO     | jewelry_detector.image_processor | Kích thước ảnh: 500 x 500 px
2026-07-25 14:11:32 | INFO     | jewelry_detector.image_processor | Panel pixel (AI): [50, 50, 450, 450]
2026-07-25 14:11:32 | INFO     | jewelry_detector.image_processor | Object pixel (AI): [150, 150, 350, 350]
2026-07-25 14:11:32 | INFO     | jewelry_detector.image_processor | Center pixel: [250, 250]
2026-07-25 14:11:32 | INFO     | jewelry_detector.image_processor | OpenCV panel refine IoU = 0.857
2026-07-25 14:11:32 | INFO     | jewelry_detector.image_processor | Panel refined: [34, 34, 466, 466]
2026-07-25 14:11:32 | INFO     | jewelry_detector.image_processor | Panel refined (OpenCV): [34, 34, 466, 466]
2026-07-25 14:11:32 | INFO     | jewelry_detector.image_processor | Clean panel crop: raw_size=432x432 trim_left=20 trim_top=20 trim_right=19 trim_bottom=19 content_retained=88.0% success=True
2026-07-25 14:11:32 | INFO     | jewelry_detector.image_processor | Trimmed Object (ảnh gốc): [123, 123, 378, 378] | AI bbox gốc: [150, 150, 350, 350]
2026-07-25 14:11:32 | INFO     | jewelry_detector.image_processor | Object refined (OpenCV Trim): [123, 123, 378, 378]
2026-07-25 14:11:32 | INFO     | jewelry_detector.image_processor | Đã lưu ảnh kết quả: sample_img_back_result.jpg
2026-07-25 14:11:32 | INFO     | jewelry_detector.image_processor | Tổng thời gian xử lý: 0.01s
2026-07-25 14:11:32 | INFO     | jewelry_detector.image_processor | Kích thước ảnh: 500 x 500 px
2026-07-25 14:11:32 | INFO     | jewelry_detector.image_processor | Panel pixel (AI): [50, 50, 450, 450]
2026-07-25 14:11:32 | INFO     | jewelry_detector.image_processor | Object pixel (AI): [150, 150, 350, 350]
2026-07-25 14:11:32 | INFO     | jewelry_detector.image_processor | Center pixel: [250, 250]
2026-07-25 14:11:32 | INFO     | jewelry_detector.image_processor | Clean panel crop: raw_size=400x400 trim_left=4 trim_top=4 trim_right=3 trim_bottom=3 content_retained=100.0% success=True
2026-07-25 14:11:32 | INFO     | jewelry_detector.image_processor | Đã lưu ảnh kết quả: sample_img_front_result.jpg
2026-07-25 14:11:32 | INFO     | jewelry_detector.image_processor | Tổng thời gian xử lý: 0.01s
2026-07-25 14:11:32 | INFO     | jewelry_detector.image_processor | Kích thước ảnh: 500 x 500 px
2026-07-25 14:11:32 | INFO     | jewelry_detector.image_processor | Panel pixel (AI): [50, 50, 450, 450]
2026-07-25 14:11:32 | INFO     | jewelry_detector.image_processor | Object pixel (AI): [150, 150, 350, 350]
2026-07-25 14:11:32 | INFO     | jewelry_detector.image_processor | Center pixel: [250, 250]
2026-07-25 14:11:32 | INFO     | jewelry_detector.image_processor | OpenCV panel refine IoU = 0.857
2026-07-25 14:11:32 | INFO     | jewelry_detector.image_processor | Panel refined: [34, 34, 466, 466]
2026-07-25 14:11:32 | INFO     | jewelry_detector.image_processor | Panel refined (OpenCV): [34, 34, 466, 466]
2026-07-25 14:11:32 | INFO     | jewelry_detector.image_processor | Clean panel crop: raw_size=432x432 trim_left=20 trim_top=20 trim_right=19 trim_bottom=19 content_retained=88.0% success=True
2026-07-25 14:11:32 | INFO     | jewelry_detector.image_processor | Trimmed Object (ảnh gốc): [123, 123, 378, 378] | AI bbox gốc: [150, 150, 350, 350]
2026-07-25 14:11:32 | INFO     | jewelry_detector.image_processor | Object refined (OpenCV Trim): [123, 123, 378, 378]
2026-07-25 14:11:32 | WARNING  | jewelry_detector.image_processor | Không lưu được ảnh kết quả: sample_img_front_result.jpg
2026-07-25 14:11:32 | INFO     | jewelry_detector.image_processor | Tổng thời gian xử lý: 0.01s
2026-07-25 14:11:32 | INFO     | jewelry_detector.image_processor | Kích thước ảnh: 500 x 500 px
2026-07-25 14:11:32 | INFO     | jewelry_detector.image_processor | Panel pixel (AI): [50, 50, 450, 450]
2026-07-25 14:11:32 | INFO     | jewelry_detector.image_processor | Object pixel (AI): [150, 150, 350, 350]
2026-07-25 14:11:32 | INFO     | jewelry_detector.image_processor | Center pixel: [250, 250]
2026-07-25 14:11:32 | INFO     | jewelry_detector.image_processor | OpenCV không tìm được contour phù hợp cho panel. Giữ bbox AI.
2026-07-25 14:11:32 | INFO     | jewelry_detector.image_processor | Panel refine không thành công, dùng bbox AI.
2026-07-25 14:11:32 | INFO     | jewelry_detector.image_processor | Không tìm thấy nội dung giao với AI Object Bbox.
2026-07-25 14:11:32 | INFO     | jewelry_detector.image_processor | Object trim không thành công, dùng bbox AI gốc.
2026-07-25 14:11:32 | INFO     | jewelry_detector.image_processor | Đã lưu ảnh kết quả: blank_img_front_result.jpg
2026-07-25 14:11:32 | INFO     | jewelry_detector.image_processor | Tổng thời gian xử lý: 0.01s
2026-07-25 14:11:32 | INFO     | jewelry_detector.image_processor | Kích thước ảnh: 500 x 500 px
2026-07-25 14:11:32 | INFO     | jewelry_detector.image_processor | Panel pixel (AI): [50, 50, 450, 450]
2026-07-25 14:11:32 | INFO     | jewelry_detector.image_processor | Object pixel (AI): [150, 150, 350, 350]
2026-07-25 14:11:32 | INFO     | jewelry_detector.image_processor | Center pixel: [250, 250]
2026-07-25 14:11:32 | WARNING  | jewelry_detector.image_processor | Refined panel bbox không hợp lệ (refined_panel_bbox: bbox [600.0,600.0,700.0,700.0] vượt ngoài ảnh [500x500]). Giữ bbox AI.
2026-07-25 14:11:32 | INFO     | jewelry_detector.image_processor | Clean panel crop: raw_size=400x400 trim_left=4 trim_top=4 trim_right=3 trim_bottom=3 content_retained=100.0% success=True
2026-07-25 14:11:32 | INFO     | jewelry_detector.image_processor | Trimmed Object (ảnh gốc): [123, 123, 378, 378] | AI bbox gốc: [150, 150, 350, 350]
2026-07-25 14:11:32 | INFO     | jewelry_detector.image_processor | Object refined (OpenCV Trim): [123, 123, 378, 378]
2026-07-25 14:11:32 | INFO     | jewelry_detector.image_processor | Đã lưu ảnh kết quả: sample_img_front_result.jpg
2026-07-25 14:11:32 | INFO     | jewelry_detector.image_processor | Tổng thời gian xử lý: 0.01s
2026-07-25 14:11:32 | INFO     | jewelry_detector.image_processor | Kích thước ảnh: 500 x 500 px
2026-07-25 14:11:32 | INFO     | jewelry_detector.image_processor | Panel pixel (AI): [50, 50, 450, 450]
2026-07-25 14:11:32 | INFO     | jewelry_detector.image_processor | Object pixel (AI): [150, 150, 350, 350]
2026-07-25 14:11:32 | INFO     | jewelry_detector.image_processor | Center pixel: [250, 250]
2026-07-25 14:11:32 | INFO     | jewelry_detector.image_processor | OpenCV panel refine IoU = 0.857
2026-07-25 14:11:32 | INFO     | jewelry_detector.image_processor | Panel refined: [34, 34, 466, 466]
2026-07-25 14:11:32 | INFO     | jewelry_detector.image_processor | Panel refined (OpenCV): [34, 34, 466, 466]
2026-07-25 14:11:32 | INFO     | jewelry_detector.image_processor | Clean panel crop: raw_size=432x432 trim_left=20 trim_top=20 trim_right=19 trim_bottom=19 content_retained=88.0% success=True
2026-07-25 14:11:32 | WARNING  | jewelry_detector.image_processor | Refined object bbox không hợp lệ (refined_object_bbox: bbox [600.0,600.0,700.0,700.0] vượt ngoài ảnh [500x500]). Giữ bbox AI.
2026-07-25 14:11:32 | INFO     | jewelry_detector.image_processor | Đã lưu ảnh kết quả: sample_img_front_result.jpg
2026-07-25 14:11:32 | INFO     | jewelry_detector.image_processor | Tổng thời gian xử lý: 0.01s
2026-07-25 14:11:32 | INFO     | jewelry_detector.image_processor | Kích thước ảnh: 500 x 500 px
2026-07-25 14:11:32 | INFO     | jewelry_detector.image_processor | Panel pixel (AI): [50, 50, 450, 450]
2026-07-25 14:11:32 | INFO     | jewelry_detector.image_processor | Object pixel (AI): [150, 150, 350, 350]
2026-07-25 14:11:32 | INFO     | jewelry_detector.image_processor | Center pixel: [250, 250]
2026-07-25 14:11:32 | INFO     | jewelry_detector.image_processor | OpenCV panel refine IoU = 0.857
2026-07-25 14:11:32 | INFO     | jewelry_detector.image_processor | Panel refined: [34, 34, 466, 466]
2026-07-25 14:11:32 | INFO     | jewelry_detector.image_processor | Panel refined (OpenCV): [34, 34, 466, 466]
2026-07-25 14:11:32 | INFO     | jewelry_detector.image_processor | Clean panel crop: raw_size=432x432 trim_left=20 trim_top=20 trim_right=19 trim_bottom=19 content_retained=88.0% success=True
2026-07-25 14:11:32 | WARNING  | jewelry_detector.image_processor | Refined object bbox không hợp lệ (refined_object_bbox: x1>=x2 hoặc y1>=y2, bbox không hợp lệ). Giữ bbox AI.
2026-07-25 14:11:32 | INFO     | jewelry_detector.image_processor | Đã lưu ảnh kết quả: sample_img_front_result.jpg
2026-07-25 14:11:32 | INFO     | jewelry_detector.image_processor | Tổng thời gian xử lý: 0.01s
2026-07-25 14:11:32 | INFO     | jewelry_detector.image_processor | Kích thước ảnh: 500 x 500 px
2026-07-25 14:11:32 | INFO     | jewelry_detector.image_processor | Panel pixel (AI): [50, 50, 450, 450]
2026-07-25 14:11:32 | INFO     | jewelry_detector.image_processor | Object pixel (AI): [150, 150, 350, 350]
2026-07-25 14:11:32 | INFO     | jewelry_detector.image_processor | Center pixel: [250, 250]
2026-07-25 14:11:32 | INFO     | jewelry_detector.image_processor | OpenCV panel refine IoU = 0.857
2026-07-25 14:11:32 | INFO     | jewelry_detector.image_processor | Panel refined: [34, 34, 466, 466]
2026-07-25 14:11:32 | INFO     | jewelry_detector.image_processor | Panel refined (OpenCV): [34, 34, 466, 466]
2026-07-25 14:11:32 | INFO     | jewelry_detector.image_processor | Clean panel crop: raw_size=432x432 trim_left=20 trim_top=20 trim_right=19 trim_bottom=19 content_retained=88.0% success=True
2026-07-25 14:11:32 | WARNING  | jewelry_detector.image_processor | Refined object bbox không hợp lệ (refined_object_bbox: x1>=x2 hoặc y1>=y2, bbox không hợp lệ). Giữ bbox AI.
2026-07-25 14:11:32 | INFO     | jewelry_detector.image_processor | Đã lưu ảnh kết quả: sample_img_front_result.jpg
2026-07-25 14:11:32 | INFO     | jewelry_detector.image_processor | Tổng thời gian xử lý: 0.01s
2026-07-25 14:11:32 | INFO     | jewelry_detector.image_processor | Kích thước ảnh: 500 x 500 px
2026-07-25 14:11:32 | INFO     | jewelry_detector.image_processor | Panel pixel (AI): [50, 50, 450, 450]
2026-07-25 14:11:32 | INFO     | jewelry_detector.image_processor | Object pixel (AI): [150, 150, 350, 350]
2026-07-25 14:11:32 | INFO     | jewelry_detector.image_processor | Center pixel: [250, 250]
2026-07-25 14:11:32 | INFO     | jewelry_detector.image_processor | Object refined (OpenCV Trim): [150, 150, 350, 350]
2026-07-25 14:11:32 | INFO     | jewelry_detector.image_processor | Đã lưu ảnh kết quả: sample_img_perspective_result.jpg
2026-07-25 14:11:32 | INFO     | jewelry_detector.image_processor | Tổng thời gian xử lý: 0.01s
2026-07-25 14:11:32 | INFO     | jewelry_detector.image_processor | Kích thước ảnh: 500 x 500 px
2026-07-25 14:11:32 | INFO     | jewelry_detector.image_processor | Panel pixel (AI): [50, 50, 450, 450]
2026-07-25 14:11:32 | INFO     | jewelry_detector.image_processor | Object pixel (AI): [150, 150, 350, 350]
2026-07-25 14:11:32 | INFO     | jewelry_detector.image_processor | Center pixel: [250, 250]
2026-07-25 14:11:32 | INFO     | jewelry_detector.image_processor | OpenCV panel refine IoU = 0.857
2026-07-25 14:11:32 | INFO     | jewelry_detector.image_processor | Panel refined: [34, 34, 466, 466]
2026-07-25 14:11:32 | INFO     | jewelry_detector.image_processor | Panel refined (OpenCV): [34, 34, 466, 466]
2026-07-25 14:11:32 | INFO     | jewelry_detector.image_processor | Clean panel crop: raw_size=432x432 trim_left=20 trim_top=20 trim_right=19 trim_bottom=19 content_retained=88.0% success=True
2026-07-25 14:11:32 | INFO     | jewelry_detector.image_processor | Trimmed Object (ảnh gốc): [123, 123, 378, 378] | AI bbox gốc: [150, 150, 350, 350]
2026-07-25 14:11:32 | INFO     | jewelry_detector.image_processor | Object refined (OpenCV Trim): [123, 123, 378, 378]
2026-07-25 14:11:32 | INFO     | jewelry_detector.image_processor | Đã lưu ảnh kết quả: sample_img_front_result.jpg
2026-07-25 14:11:32 | INFO     | jewelry_detector.image_processor | Tổng thời gian xử lý: 0.01s
2026-07-25 14:11:32 | INFO     | jewelry_detector.image_processor | Đã lưu JSON: sample_img_front_result.json
2026-07-25 14:12:31 | WARNING  | jewelry_detector.image_processor | Clean panel fallback: Mất nội dung (retained 95.90% < 99%)
2026-07-25 14:12:31 | INFO     | jewelry_detector.image_processor | Clean panel crop: raw_size=200x200 trim_left=8 trim_top=8 trim_right=8 trim_bottom=8 content_retained=93.5% success=True
2026-07-25 14:12:31 | INFO     | jewelry_detector.image_processor | Clean panel crop: raw_size=200x200 trim_left=0 trim_top=8 trim_right=0 trim_bottom=0 content_retained=98.5% success=True
2026-07-25 14:12:31 | INFO     | jewelry_detector.image_processor | Object area ratio 41.281 > 2.5. Giữ bbox AI.
2026-07-25 14:12:31 | INFO     | jewelry_detector.image_processor | Object area ratio 0.035 < 0.3. Giữ bbox AI.
2026-07-25 14:12:31 | INFO     | jewelry_detector.image_processor | Object center distance 0.002 > -0.01. Giữ bbox AI.
2026-07-25 14:12:31 | INFO     | jewelry_detector.image_processor | Object IoU 0.733 < 1.01. Giữ bbox AI.
2026-07-25 14:12:31 | INFO     | jewelry_detector.image_processor | Không tìm thấy nội dung giao với AI Object Bbox.
2026-07-25 14:12:31 | INFO     | jewelry_detector.image_processor | Không tìm thấy nội dung giao với AI Object Bbox.
2026-07-25 14:12:31 | INFO     | jewelry_detector.image_processor | Trimmed Object (ảnh gốc): [152, 152, 349, 349] | AI bbox gốc: [170, 170, 330, 330]
2026-07-25 14:12:31 | INFO     | jewelry_detector.image_processor | Trimmed Object (ảnh gốc): [122, 122, 379, 379] | AI bbox gốc: [140, 140, 360, 360]
2026-07-25 14:12:31 | INFO     | jewelry_detector.image_processor | OpenCV panel refine IoU = 0.859
2026-07-25 14:12:31 | INFO     | jewelry_detector.image_processor | Center distance ratio 0.000 > ngưỡng -0.01. Giữ bbox AI.
2026-07-25 14:12:31 | INFO     | jewelry_detector.image_processor | OpenCV không tìm được contour phù hợp cho panel. Giữ bbox AI.
2026-07-25 14:12:31 | INFO     | jewelry_detector.image_processor | OpenCV panel refine IoU = 0.859
2026-07-25 14:12:31 | INFO     | jewelry_detector.image_processor | Panel refined: [32, 32, 468, 468]
2026-07-25 14:12:31 | INFO     | jewelry_detector.image_processor | Kích thước ảnh: 500 x 500 px
2026-07-25 14:12:31 | INFO     | jewelry_detector.image_processor | Panel pixel (AI): [50, 50, 450, 450]
2026-07-25 14:12:31 | INFO     | jewelry_detector.image_processor | Object pixel (AI): [150, 150, 350, 350]
2026-07-25 14:12:31 | INFO     | jewelry_detector.image_processor | Center pixel: [250, 250]
2026-07-25 14:12:31 | INFO     | jewelry_detector.image_processor | OpenCV panel refine IoU = 0.857
2026-07-25 14:12:31 | INFO     | jewelry_detector.image_processor | Panel refined: [34, 34, 466, 466]
2026-07-25 14:12:31 | INFO     | jewelry_detector.image_processor | Panel refined (OpenCV): [34, 34, 466, 466]
2026-07-25 14:12:31 | INFO     | jewelry_detector.image_processor | Clean panel crop: raw_size=432x432 trim_left=20 trim_top=20 trim_right=19 trim_bottom=19 content_retained=88.0% success=True
2026-07-25 14:12:31 | INFO     | jewelry_detector.image_processor | Trimmed Object (ảnh gốc): [123, 123, 378, 378] | AI bbox gốc: [150, 150, 350, 350]
2026-07-25 14:12:31 | INFO     | jewelry_detector.image_processor | Object refined (OpenCV Trim): [123, 123, 378, 378]
2026-07-25 14:12:31 | INFO     | jewelry_detector.image_processor | Đã lưu ảnh kết quả: sample_img_front_result.jpg
2026-07-25 14:12:31 | INFO     | jewelry_detector.image_processor | Tổng thời gian xử lý: 0.03s
2026-07-25 14:12:31 | INFO     | jewelry_detector.image_processor | Kích thước ảnh: 500 x 500 px
2026-07-25 14:12:31 | INFO     | jewelry_detector.image_processor | Panel pixel (AI): [50, 50, 450, 450]
2026-07-25 14:12:31 | INFO     | jewelry_detector.image_processor | Object pixel (AI): [150, 150, 350, 350]
2026-07-25 14:12:31 | INFO     | jewelry_detector.image_processor | Center pixel: [250, 250]
2026-07-25 14:12:31 | INFO     | jewelry_detector.image_processor | OpenCV panel refine IoU = 0.857
2026-07-25 14:12:31 | INFO     | jewelry_detector.image_processor | Panel refined: [34, 34, 466, 466]
2026-07-25 14:12:31 | INFO     | jewelry_detector.image_processor | Panel refined (OpenCV): [34, 34, 466, 466]
2026-07-25 14:12:31 | INFO     | jewelry_detector.image_processor | Clean panel crop: raw_size=432x432 trim_left=20 trim_top=20 trim_right=19 trim_bottom=19 content_retained=88.0% success=True
2026-07-25 14:12:31 | INFO     | jewelry_detector.image_processor | Trimmed Object (ảnh gốc): [123, 123, 378, 378] | AI bbox gốc: [150, 150, 350, 350]
2026-07-25 14:12:31 | INFO     | jewelry_detector.image_processor | Object refined (OpenCV Trim): [123, 123, 378, 378]
2026-07-25 14:12:31 | INFO     | jewelry_detector.image_processor | Đã lưu ảnh kết quả: sample_img_left_result.jpg
2026-07-25 14:12:31 | INFO     | jewelry_detector.image_processor | Tổng thời gian xử lý: 0.01s
2026-07-25 14:12:31 | INFO     | jewelry_detector.image_processor | Kích thước ảnh: 500 x 500 px
2026-07-25 14:12:31 | INFO     | jewelry_detector.image_processor | Panel pixel (AI): [50, 50, 450, 450]
2026-07-25 14:12:31 | INFO     | jewelry_detector.image_processor | Object pixel (AI): [150, 150, 350, 350]
2026-07-25 14:12:31 | INFO     | jewelry_detector.image_processor | Center pixel: [250, 250]
2026-07-25 14:12:31 | INFO     | jewelry_detector.image_processor | OpenCV panel refine IoU = 0.857
2026-07-25 14:12:31 | INFO     | jewelry_detector.image_processor | Panel refined: [34, 34, 466, 466]
2026-07-25 14:12:31 | INFO     | jewelry_detector.image_processor | Panel refined (OpenCV): [34, 34, 466, 466]
2026-07-25 14:12:31 | INFO     | jewelry_detector.image_processor | Clean panel crop: raw_size=432x432 trim_left=20 trim_top=20 trim_right=19 trim_bottom=19 content_retained=88.0% success=True
2026-07-25 14:12:31 | INFO     | jewelry_detector.image_processor | Trimmed Object (ảnh gốc): [123, 123, 378, 378] | AI bbox gốc: [150, 150, 350, 350]
2026-07-25 14:12:31 | INFO     | jewelry_detector.image_processor | Object refined (OpenCV Trim): [123, 123, 378, 378]
2026-07-25 14:12:31 | INFO     | jewelry_detector.image_processor | Đã lưu ảnh kết quả: sample_img_right_result.jpg
2026-07-25 14:12:31 | INFO     | jewelry_detector.image_processor | Tổng thời gian xử lý: 0.01s
2026-07-25 14:12:31 | INFO     | jewelry_detector.image_processor | Kích thước ảnh: 500 x 500 px
2026-07-25 14:12:31 | INFO     | jewelry_detector.image_processor | Panel pixel (AI): [50, 50, 450, 450]
2026-07-25 14:12:31 | INFO     | jewelry_detector.image_processor | Object pixel (AI): [150, 150, 350, 350]
2026-07-25 14:12:31 | INFO     | jewelry_detector.image_processor | Center pixel: [250, 250]
2026-07-25 14:12:31 | INFO     | jewelry_detector.image_processor | OpenCV panel refine IoU = 0.857
2026-07-25 14:12:31 | INFO     | jewelry_detector.image_processor | Panel refined: [34, 34, 466, 466]
2026-07-25 14:12:31 | INFO     | jewelry_detector.image_processor | Panel refined (OpenCV): [34, 34, 466, 466]
2026-07-25 14:12:31 | INFO     | jewelry_detector.image_processor | Clean panel crop: raw_size=432x432 trim_left=20 trim_top=20 trim_right=19 trim_bottom=19 content_retained=88.0% success=True
2026-07-25 14:12:31 | INFO     | jewelry_detector.image_processor | Trimmed Object (ảnh gốc): [123, 123, 378, 378] | AI bbox gốc: [150, 150, 350, 350]
2026-07-25 14:12:31 | INFO     | jewelry_detector.image_processor | Object refined (OpenCV Trim): [123, 123, 378, 378]
2026-07-25 14:12:31 | INFO     | jewelry_detector.image_processor | Đã lưu ảnh kết quả: sample_img_top_result.jpg
2026-07-25 14:12:31 | INFO     | jewelry_detector.image_processor | Tổng thời gian xử lý: 0.01s
2026-07-25 14:12:31 | INFO     | jewelry_detector.image_processor | Kích thước ảnh: 500 x 500 px
2026-07-25 14:12:31 | INFO     | jewelry_detector.image_processor | Panel pixel (AI): [50, 50, 450, 450]
2026-07-25 14:12:31 | INFO     | jewelry_detector.image_processor | Object pixel (AI): [150, 150, 350, 350]
2026-07-25 14:12:31 | INFO     | jewelry_detector.image_processor | Center pixel: [250, 250]
2026-07-25 14:12:31 | INFO     | jewelry_detector.image_processor | OpenCV panel refine IoU = 0.857
2026-07-25 14:12:31 | INFO     | jewelry_detector.image_processor | Panel refined: [34, 34, 466, 466]
2026-07-25 14:12:31 | INFO     | jewelry_detector.image_processor | Panel refined (OpenCV): [34, 34, 466, 466]
2026-07-25 14:12:31 | INFO     | jewelry_detector.image_processor | Clean panel crop: raw_size=432x432 trim_left=20 trim_top=20 trim_right=19 trim_bottom=19 content_retained=88.0% success=True
2026-07-25 14:12:31 | INFO     | jewelry_detector.image_processor | Trimmed Object (ảnh gốc): [123, 123, 378, 378] | AI bbox gốc: [150, 150, 350, 350]
2026-07-25 14:12:31 | INFO     | jewelry_detector.image_processor | Object refined (OpenCV Trim): [123, 123, 378, 378]
2026-07-25 14:12:31 | INFO     | jewelry_detector.image_processor | Đã lưu ảnh kết quả: sample_img_bottom_result.jpg
2026-07-25 14:12:31 | INFO     | jewelry_detector.image_processor | Tổng thời gian xử lý: 0.01s
2026-07-25 14:12:31 | INFO     | jewelry_detector.image_processor | Kích thước ảnh: 500 x 500 px
2026-07-25 14:12:31 | INFO     | jewelry_detector.image_processor | Panel pixel (AI): [50, 50, 450, 450]
2026-07-25 14:12:31 | INFO     | jewelry_detector.image_processor | Object pixel (AI): [150, 150, 350, 350]
2026-07-25 14:12:31 | INFO     | jewelry_detector.image_processor | Center pixel: [250, 250]
2026-07-25 14:12:31 | INFO     | jewelry_detector.image_processor | OpenCV panel refine IoU = 0.857
2026-07-25 14:12:31 | INFO     | jewelry_detector.image_processor | Panel refined: [34, 34, 466, 466]
2026-07-25 14:12:31 | INFO     | jewelry_detector.image_processor | Panel refined (OpenCV): [34, 34, 466, 466]
2026-07-25 14:12:31 | INFO     | jewelry_detector.image_processor | Clean panel crop: raw_size=432x432 trim_left=20 trim_top=20 trim_right=19 trim_bottom=19 content_retained=88.0% success=True
2026-07-25 14:12:31 | INFO     | jewelry_detector.image_processor | Trimmed Object (ảnh gốc): [123, 123, 378, 378] | AI bbox gốc: [150, 150, 350, 350]
2026-07-25 14:12:31 | INFO     | jewelry_detector.image_processor | Object refined (OpenCV Trim): [123, 123, 378, 378]
2026-07-25 14:12:31 | INFO     | jewelry_detector.image_processor | Đã lưu ảnh kết quả: sample_img_back_result.jpg
2026-07-25 14:12:31 | INFO     | jewelry_detector.image_processor | Tổng thời gian xử lý: 0.01s
2026-07-25 14:12:31 | INFO     | jewelry_detector.image_processor | Kích thước ảnh: 500 x 500 px
2026-07-25 14:12:31 | INFO     | jewelry_detector.image_processor | Panel pixel (AI): [50, 50, 450, 450]
2026-07-25 14:12:31 | INFO     | jewelry_detector.image_processor | Object pixel (AI): [150, 150, 350, 350]
2026-07-25 14:12:31 | INFO     | jewelry_detector.image_processor | Center pixel: [250, 250]
2026-07-25 14:12:31 | INFO     | jewelry_detector.image_processor | Clean panel crop: raw_size=400x400 trim_left=4 trim_top=4 trim_right=3 trim_bottom=3 content_retained=100.0% success=True
2026-07-25 14:12:31 | INFO     | jewelry_detector.image_processor | Đã lưu ảnh kết quả: sample_img_front_result.jpg
2026-07-25 14:12:31 | INFO     | jewelry_detector.image_processor | Tổng thời gian xử lý: 0.01s
2026-07-25 14:12:31 | INFO     | jewelry_detector.image_processor | Kích thước ảnh: 500 x 500 px
2026-07-25 14:12:31 | INFO     | jewelry_detector.image_processor | Panel pixel (AI): [50, 50, 450, 450]
2026-07-25 14:12:31 | INFO     | jewelry_detector.image_processor | Object pixel (AI): [150, 150, 350, 350]
2026-07-25 14:12:31 | INFO     | jewelry_detector.image_processor | Center pixel: [250, 250]
2026-07-25 14:12:31 | INFO     | jewelry_detector.image_processor | OpenCV panel refine IoU = 0.857
2026-07-25 14:12:31 | INFO     | jewelry_detector.image_processor | Panel refined: [34, 34, 466, 466]
2026-07-25 14:12:31 | INFO     | jewelry_detector.image_processor | Panel refined (OpenCV): [34, 34, 466, 466]
2026-07-25 14:12:31 | INFO     | jewelry_detector.image_processor | Clean panel crop: raw_size=432x432 trim_left=20 trim_top=20 trim_right=19 trim_bottom=19 content_retained=88.0% success=True
2026-07-25 14:12:31 | INFO     | jewelry_detector.image_processor | Trimmed Object (ảnh gốc): [123, 123, 378, 378] | AI bbox gốc: [150, 150, 350, 350]
2026-07-25 14:12:31 | INFO     | jewelry_detector.image_processor | Object refined (OpenCV Trim): [123, 123, 378, 378]
2026-07-25 14:12:31 | WARNING  | jewelry_detector.image_processor | Không lưu được ảnh kết quả: sample_img_front_result.jpg
2026-07-25 14:12:31 | INFO     | jewelry_detector.image_processor | Tổng thời gian xử lý: 0.01s
2026-07-25 14:12:31 | INFO     | jewelry_detector.image_processor | Kích thước ảnh: 500 x 500 px
2026-07-25 14:12:31 | INFO     | jewelry_detector.image_processor | Panel pixel (AI): [50, 50, 450, 450]
2026-07-25 14:12:31 | INFO     | jewelry_detector.image_processor | Object pixel (AI): [150, 150, 350, 350]
2026-07-25 14:12:31 | INFO     | jewelry_detector.image_processor | Center pixel: [250, 250]
2026-07-25 14:12:31 | INFO     | jewelry_detector.image_processor | OpenCV không tìm được contour phù hợp cho panel. Giữ bbox AI.
2026-07-25 14:12:31 | INFO     | jewelry_detector.image_processor | Panel refine không thành công, dùng bbox AI.
2026-07-25 14:12:31 | INFO     | jewelry_detector.image_processor | Không tìm thấy nội dung giao với AI Object Bbox.
2026-07-25 14:12:31 | INFO     | jewelry_detector.image_processor | Object trim không thành công, dùng bbox AI gốc.
2026-07-25 14:12:31 | INFO     | jewelry_detector.image_processor | Đã lưu ảnh kết quả: blank_img_front_result.jpg
2026-07-25 14:12:31 | INFO     | jewelry_detector.image_processor | Tổng thời gian xử lý: 0.01s
2026-07-25 14:12:31 | INFO     | jewelry_detector.image_processor | Kích thước ảnh: 500 x 500 px
2026-07-25 14:12:31 | INFO     | jewelry_detector.image_processor | Panel pixel (AI): [50, 50, 450, 450]
2026-07-25 14:12:31 | INFO     | jewelry_detector.image_processor | Object pixel (AI): [150, 150, 350, 350]
2026-07-25 14:12:31 | INFO     | jewelry_detector.image_processor | Center pixel: [250, 250]
2026-07-25 14:12:31 | WARNING  | jewelry_detector.image_processor | Refined panel bbox không hợp lệ (refined_panel_bbox: bbox [600.0,600.0,700.0,700.0] vượt ngoài ảnh [500x500]). Giữ bbox AI.
2026-07-25 14:12:31 | INFO     | jewelry_detector.image_processor | Clean panel crop: raw_size=400x400 trim_left=4 trim_top=4 trim_right=3 trim_bottom=3 content_retained=100.0% success=True
2026-07-25 14:12:31 | INFO     | jewelry_detector.image_processor | Trimmed Object (ảnh gốc): [123, 123, 378, 378] | AI bbox gốc: [150, 150, 350, 350]
2026-07-25 14:12:31 | INFO     | jewelry_detector.image_processor | Object refined (OpenCV Trim): [123, 123, 378, 378]
2026-07-25 14:12:31 | INFO     | jewelry_detector.image_processor | Đã lưu ảnh kết quả: sample_img_front_result.jpg
2026-07-25 14:12:31 | INFO     | jewelry_detector.image_processor | Tổng thời gian xử lý: 0.01s
2026-07-25 14:12:31 | INFO     | jewelry_detector.image_processor | Kích thước ảnh: 500 x 500 px
2026-07-25 14:12:31 | INFO     | jewelry_detector.image_processor | Panel pixel (AI): [50, 50, 450, 450]
2026-07-25 14:12:31 | INFO     | jewelry_detector.image_processor | Object pixel (AI): [150, 150, 350, 350]
2026-07-25 14:12:31 | INFO     | jewelry_detector.image_processor | Center pixel: [250, 250]
2026-07-25 14:12:31 | INFO     | jewelry_detector.image_processor | OpenCV panel refine IoU = 0.857
2026-07-25 14:12:31 | INFO     | jewelry_detector.image_processor | Panel refined: [34, 34, 466, 466]
2026-07-25 14:12:31 | INFO     | jewelry_detector.image_processor | Panel refined (OpenCV): [34, 34, 466, 466]
2026-07-25 14:12:31 | INFO     | jewelry_detector.image_processor | Clean panel crop: raw_size=432x432 trim_left=20 trim_top=20 trim_right=19 trim_bottom=19 content_retained=88.0% success=True
2026-07-25 14:12:31 | WARNING  | jewelry_detector.image_processor | Refined object bbox không hợp lệ (refined_object_bbox: bbox [600.0,600.0,700.0,700.0] vượt ngoài ảnh [500x500]). Giữ bbox AI.
2026-07-25 14:12:31 | INFO     | jewelry_detector.image_processor | Đã lưu ảnh kết quả: sample_img_front_result.jpg
2026-07-25 14:12:31 | INFO     | jewelry_detector.image_processor | Tổng thời gian xử lý: 0.01s
2026-07-25 14:12:31 | INFO     | jewelry_detector.image_processor | Kích thước ảnh: 500 x 500 px
2026-07-25 14:12:31 | INFO     | jewelry_detector.image_processor | Panel pixel (AI): [50, 50, 450, 450]
2026-07-25 14:12:31 | INFO     | jewelry_detector.image_processor | Object pixel (AI): [150, 150, 350, 350]
2026-07-25 14:12:31 | INFO     | jewelry_detector.image_processor | Center pixel: [250, 250]
2026-07-25 14:12:31 | INFO     | jewelry_detector.image_processor | OpenCV panel refine IoU = 0.857
2026-07-25 14:12:31 | INFO     | jewelry_detector.image_processor | Panel refined: [34, 34, 466, 466]
2026-07-25 14:12:31 | INFO     | jewelry_detector.image_processor | Panel refined (OpenCV): [34, 34, 466, 466]
2026-07-25 14:12:31 | INFO     | jewelry_detector.image_processor | Clean panel crop: raw_size=432x432 trim_left=20 trim_top=20 trim_right=19 trim_bottom=19 content_retained=88.0% success=True
2026-07-25 14:12:31 | WARNING  | jewelry_detector.image_processor | Refined object bbox không hợp lệ (refined_object_bbox: x1>=x2 hoặc y1>=y2, bbox không hợp lệ). Giữ bbox AI.
2026-07-25 14:12:31 | INFO     | jewelry_detector.image_processor | Đã lưu ảnh kết quả: sample_img_front_result.jpg
2026-07-25 14:12:31 | INFO     | jewelry_detector.image_processor | Tổng thời gian xử lý: 0.01s
2026-07-25 14:12:31 | INFO     | jewelry_detector.image_processor | Kích thước ảnh: 500 x 500 px
2026-07-25 14:12:31 | INFO     | jewelry_detector.image_processor | Panel pixel (AI): [50, 50, 450, 450]
2026-07-25 14:12:31 | INFO     | jewelry_detector.image_processor | Object pixel (AI): [150, 150, 350, 350]
2026-07-25 14:12:31 | INFO     | jewelry_detector.image_processor | Center pixel: [250, 250]
2026-07-25 14:12:31 | INFO     | jewelry_detector.image_processor | OpenCV panel refine IoU = 0.857
2026-07-25 14:12:31 | INFO     | jewelry_detector.image_processor | Panel refined: [34, 34, 466, 466]
2026-07-25 14:12:31 | INFO     | jewelry_detector.image_processor | Panel refined (OpenCV): [34, 34, 466, 466]
2026-07-25 14:12:31 | INFO     | jewelry_detector.image_processor | Clean panel crop: raw_size=432x432 trim_left=20 trim_top=20 trim_right=19 trim_bottom=19 content_retained=88.0% success=True
2026-07-25 14:12:31 | WARNING  | jewelry_detector.image_processor | Refined object bbox không hợp lệ (refined_object_bbox: x1>=x2 hoặc y1>=y2, bbox không hợp lệ). Giữ bbox AI.
2026-07-25 14:12:31 | INFO     | jewelry_detector.image_processor | Đã lưu ảnh kết quả: sample_img_front_result.jpg
2026-07-25 14:12:31 | INFO     | jewelry_detector.image_processor | Tổng thời gian xử lý: 0.01s
2026-07-25 14:12:31 | INFO     | jewelry_detector.image_processor | Kích thước ảnh: 500 x 500 px
2026-07-25 14:12:31 | INFO     | jewelry_detector.image_processor | Panel pixel (AI): [50, 50, 450, 450]
2026-07-25 14:12:31 | INFO     | jewelry_detector.image_processor | Object pixel (AI): [150, 150, 350, 350]
2026-07-25 14:12:31 | INFO     | jewelry_detector.image_processor | Center pixel: [250, 250]
2026-07-25 14:12:31 | INFO     | jewelry_detector.image_processor | Object refined (OpenCV Trim): [150, 150, 350, 350]
2026-07-25 14:12:31 | INFO     | jewelry_detector.image_processor | Đã lưu ảnh kết quả: sample_img_perspective_result.jpg
2026-07-25 14:12:31 | INFO     | jewelry_detector.image_processor | Tổng thời gian xử lý: 0.01s
2026-07-25 14:12:31 | INFO     | jewelry_detector.image_processor | Kích thước ảnh: 500 x 500 px
2026-07-25 14:12:31 | INFO     | jewelry_detector.image_processor | Panel pixel (AI): [50, 50, 450, 450]
2026-07-25 14:12:31 | INFO     | jewelry_detector.image_processor | Object pixel (AI): [150, 150, 350, 350]
2026-07-25 14:12:31 | INFO     | jewelry_detector.image_processor | Center pixel: [250, 250]
2026-07-25 14:12:31 | INFO     | jewelry_detector.image_processor | OpenCV panel refine IoU = 0.857
2026-07-25 14:12:31 | INFO     | jewelry_detector.image_processor | Panel refined: [34, 34, 466, 466]
2026-07-25 14:12:31 | INFO     | jewelry_detector.image_processor | Panel refined (OpenCV): [34, 34, 466, 466]
2026-07-25 14:12:31 | INFO     | jewelry_detector.image_processor | Clean panel crop: raw_size=432x432 trim_left=20 trim_top=20 trim_right=19 trim_bottom=19 content_retained=88.0% success=True
2026-07-25 14:12:31 | INFO     | jewelry_detector.image_processor | Trimmed Object (ảnh gốc): [123, 123, 378, 378] | AI bbox gốc: [150, 150, 350, 350]
2026-07-25 14:12:31 | INFO     | jewelry_detector.image_processor | Object refined (OpenCV Trim): [123, 123, 378, 378]
2026-07-25 14:12:31 | INFO     | jewelry_detector.image_processor | Đã lưu ảnh kết quả: sample_img_front_result.jpg
2026-07-25 14:12:31 | INFO     | jewelry_detector.image_processor | Tổng thời gian xử lý: 0.01s
2026-07-25 14:12:31 | INFO     | jewelry_detector.image_processor | Đã lưu JSON: sample_img_front_result.json
2026-07-25 14:12:41 | INFO     | jewelry_detector.image_processor | Kích thước ảnh: 500 x 500 px
2026-07-25 14:12:41 | INFO     | jewelry_detector.image_processor | Panel pixel (AI): [50, 50, 450, 450]
2026-07-25 14:12:41 | INFO     | jewelry_detector.image_processor | Object pixel (AI): [150, 150, 350, 350]
2026-07-25 14:12:41 | INFO     | jewelry_detector.image_processor | Center pixel: [250, 250]
2026-07-25 14:12:41 | INFO     | jewelry_detector.image_processor | OpenCV panel refine IoU = 0.857
2026-07-25 14:12:41 | INFO     | jewelry_detector.image_processor | Panel refined: [34, 34, 466, 466]
2026-07-25 14:12:41 | INFO     | jewelry_detector.image_processor | Panel refined (OpenCV): [34, 34, 466, 466]
2026-07-25 14:12:41 | INFO     | jewelry_detector.image_processor | Clean panel crop: raw_size=432x432 trim_left=20 trim_top=20 trim_right=19 trim_bottom=19 content_retained=88.0% success=True
2026-07-25 14:12:41 | INFO     | jewelry_detector.image_processor | Trimmed Object (ảnh gốc): [123, 123, 378, 378] | AI bbox gốc: [150, 150, 350, 350]
2026-07-25 14:12:41 | INFO     | jewelry_detector.image_processor | Object refined (OpenCV Trim): [123, 123, 378, 378]
2026-07-25 14:12:41 | INFO     | jewelry_detector.image_processor | Đã lưu ảnh kết quả: sample_img_front_result.jpg
2026-07-25 14:12:41 | INFO     | jewelry_detector.image_processor | Tổng thời gian xử lý: 0.03s
2026-07-25 14:12:41 | INFO     | jewelry_detector.image_processor | Kích thước ảnh: 500 x 500 px
2026-07-25 14:12:41 | INFO     | jewelry_detector.image_processor | Panel pixel (AI): [50, 50, 450, 450]
2026-07-25 14:12:41 | INFO     | jewelry_detector.image_processor | Object pixel (AI): [150, 150, 350, 350]
2026-07-25 14:12:41 | INFO     | jewelry_detector.image_processor | Center pixel: [250, 250]
2026-07-25 14:12:41 | INFO     | jewelry_detector.image_processor | OpenCV panel refine IoU = 0.857
2026-07-25 14:12:41 | INFO     | jewelry_detector.image_processor | Panel refined: [34, 34, 466, 466]
2026-07-25 14:12:41 | INFO     | jewelry_detector.image_processor | Panel refined (OpenCV): [34, 34, 466, 466]
2026-07-25 14:12:41 | INFO     | jewelry_detector.image_processor | Clean panel crop: raw_size=432x432 trim_left=20 trim_top=20 trim_right=19 trim_bottom=19 content_retained=88.0% success=True
2026-07-25 14:12:41 | INFO     | jewelry_detector.image_processor | Trimmed Object (ảnh gốc): [123, 123, 378, 378] | AI bbox gốc: [150, 150, 350, 350]
2026-07-25 14:12:41 | INFO     | jewelry_detector.image_processor | Object refined (OpenCV Trim): [123, 123, 378, 378]
2026-07-25 14:12:41 | INFO     | jewelry_detector.image_processor | Đã lưu ảnh kết quả: sample_img_left_result.jpg
2026-07-25 14:12:41 | INFO     | jewelry_detector.image_processor | Tổng thời gian xử lý: 0.01s
2026-07-25 14:12:41 | INFO     | jewelry_detector.image_processor | Kích thước ảnh: 500 x 500 px
2026-07-25 14:12:41 | INFO     | jewelry_detector.image_processor | Panel pixel (AI): [50, 50, 450, 450]
2026-07-25 14:12:41 | INFO     | jewelry_detector.image_processor | Object pixel (AI): [150, 150, 350, 350]
2026-07-25 14:12:41 | INFO     | jewelry_detector.image_processor | Center pixel: [250, 250]
2026-07-25 14:12:41 | INFO     | jewelry_detector.image_processor | OpenCV panel refine IoU = 0.857
2026-07-25 14:12:41 | INFO     | jewelry_detector.image_processor | Panel refined: [34, 34, 466, 466]
2026-07-25 14:12:41 | INFO     | jewelry_detector.image_processor | Panel refined (OpenCV): [34, 34, 466, 466]
2026-07-25 14:12:41 | INFO     | jewelry_detector.image_processor | Clean panel crop: raw_size=432x432 trim_left=20 trim_top=20 trim_right=19 trim_bottom=19 content_retained=88.0% success=True
2026-07-25 14:12:41 | INFO     | jewelry_detector.image_processor | Trimmed Object (ảnh gốc): [123, 123, 378, 378] | AI bbox gốc: [150, 150, 350, 350]
2026-07-25 14:12:41 | INFO     | jewelry_detector.image_processor | Object refined (OpenCV Trim): [123, 123, 378, 378]
2026-07-25 14:12:41 | INFO     | jewelry_detector.image_processor | Đã lưu ảnh kết quả: sample_img_right_result.jpg
2026-07-25 14:12:41 | INFO     | jewelry_detector.image_processor | Tổng thời gian xử lý: 0.01s
2026-07-25 14:12:41 | INFO     | jewelry_detector.image_processor | Kích thước ảnh: 500 x 500 px
2026-07-25 14:12:41 | INFO     | jewelry_detector.image_processor | Panel pixel (AI): [50, 50, 450, 450]
2026-07-25 14:12:41 | INFO     | jewelry_detector.image_processor | Object pixel (AI): [150, 150, 350, 350]
2026-07-25 14:12:41 | INFO     | jewelry_detector.image_processor | Center pixel: [250, 250]
2026-07-25 14:12:41 | INFO     | jewelry_detector.image_processor | OpenCV panel refine IoU = 0.857
2026-07-25 14:12:41 | INFO     | jewelry_detector.image_processor | Panel refined: [34, 34, 466, 466]
2026-07-25 14:12:41 | INFO     | jewelry_detector.image_processor | Panel refined (OpenCV): [34, 34, 466, 466]
2026-07-25 14:12:41 | INFO     | jewelry_detector.image_processor | Clean panel crop: raw_size=432x432 trim_left=20 trim_top=20 trim_right=19 trim_bottom=19 content_retained=88.0% success=True
2026-07-25 14:12:41 | INFO     | jewelry_detector.image_processor | Trimmed Object (ảnh gốc): [123, 123, 378, 378] | AI bbox gốc: [150, 150, 350, 350]
2026-07-25 14:12:41 | INFO     | jewelry_detector.image_processor | Object refined (OpenCV Trim): [123, 123, 378, 378]
2026-07-25 14:12:41 | INFO     | jewelry_detector.image_processor | Đã lưu ảnh kết quả: sample_img_top_result.jpg
2026-07-25 14:12:41 | INFO     | jewelry_detector.image_processor | Tổng thời gian xử lý: 0.01s
2026-07-25 14:12:41 | INFO     | jewelry_detector.image_processor | Kích thước ảnh: 500 x 500 px
2026-07-25 14:12:41 | INFO     | jewelry_detector.image_processor | Panel pixel (AI): [50, 50, 450, 450]
2026-07-25 14:12:41 | INFO     | jewelry_detector.image_processor | Object pixel (AI): [150, 150, 350, 350]
2026-07-25 14:12:41 | INFO     | jewelry_detector.image_processor | Center pixel: [250, 250]
2026-07-25 14:12:41 | INFO     | jewelry_detector.image_processor | OpenCV panel refine IoU = 0.857
2026-07-25 14:12:41 | INFO     | jewelry_detector.image_processor | Panel refined: [34, 34, 466, 466]
2026-07-25 14:12:41 | INFO     | jewelry_detector.image_processor | Panel refined (OpenCV): [34, 34, 466, 466]
2026-07-25 14:12:41 | INFO     | jewelry_detector.image_processor | Clean panel crop: raw_size=432x432 trim_left=20 trim_top=20 trim_right=19 trim_bottom=19 content_retained=88.0% success=True
2026-07-25 14:12:41 | INFO     | jewelry_detector.image_processor | Trimmed Object (ảnh gốc): [123, 123, 378, 378] | AI bbox gốc: [150, 150, 350, 350]
2026-07-25 14:12:41 | INFO     | jewelry_detector.image_processor | Object refined (OpenCV Trim): [123, 123, 378, 378]
2026-07-25 14:12:41 | INFO     | jewelry_detector.image_processor | Đã lưu ảnh kết quả: sample_img_bottom_result.jpg
2026-07-25 14:12:41 | INFO     | jewelry_detector.image_processor | Tổng thời gian xử lý: 0.01s
2026-07-25 14:12:41 | INFO     | jewelry_detector.image_processor | Kích thước ảnh: 500 x 500 px
2026-07-25 14:12:41 | INFO     | jewelry_detector.image_processor | Panel pixel (AI): [50, 50, 450, 450]
2026-07-25 14:12:41 | INFO     | jewelry_detector.image_processor | Object pixel (AI): [150, 150, 350, 350]
2026-07-25 14:12:41 | INFO     | jewelry_detector.image_processor | Center pixel: [250, 250]
2026-07-25 14:12:41 | INFO     | jewelry_detector.image_processor | OpenCV panel refine IoU = 0.857
2026-07-25 14:12:41 | INFO     | jewelry_detector.image_processor | Panel refined: [34, 34, 466, 466]
2026-07-25 14:12:41 | INFO     | jewelry_detector.image_processor | Panel refined (OpenCV): [34, 34, 466, 466]
2026-07-25 14:12:41 | INFO     | jewelry_detector.image_processor | Clean panel crop: raw_size=432x432 trim_left=20 trim_top=20 trim_right=19 trim_bottom=19 content_retained=88.0% success=True
2026-07-25 14:12:41 | INFO     | jewelry_detector.image_processor | Trimmed Object (ảnh gốc): [123, 123, 378, 378] | AI bbox gốc: [150, 150, 350, 350]
2026-07-25 14:12:41 | INFO     | jewelry_detector.image_processor | Object refined (OpenCV Trim): [123, 123, 378, 378]
2026-07-25 14:12:41 | INFO     | jewelry_detector.image_processor | Đã lưu ảnh kết quả: sample_img_back_result.jpg
2026-07-25 14:12:41 | INFO     | jewelry_detector.image_processor | Tổng thời gian xử lý: 0.01s
2026-07-25 14:12:41 | INFO     | jewelry_detector.image_processor | Kích thước ảnh: 500 x 500 px
2026-07-25 14:12:41 | INFO     | jewelry_detector.image_processor | Panel pixel (AI): [50, 50, 450, 450]
2026-07-25 14:12:41 | INFO     | jewelry_detector.image_processor | Object pixel (AI): [150, 150, 350, 350]
2026-07-25 14:12:41 | INFO     | jewelry_detector.image_processor | Center pixel: [250, 250]
2026-07-25 14:12:41 | INFO     | jewelry_detector.image_processor | Clean panel crop: raw_size=400x400 trim_left=4 trim_top=4 trim_right=3 trim_bottom=3 content_retained=100.0% success=True
2026-07-25 14:12:41 | INFO     | jewelry_detector.image_processor | Đã lưu ảnh kết quả: sample_img_front_result.jpg
2026-07-25 14:12:41 | INFO     | jewelry_detector.image_processor | Tổng thời gian xử lý: 0.01s
2026-07-25 14:12:41 | INFO     | jewelry_detector.image_processor | Kích thước ảnh: 500 x 500 px
2026-07-25 14:12:41 | INFO     | jewelry_detector.image_processor | Panel pixel (AI): [50, 50, 450, 450]
2026-07-25 14:12:41 | INFO     | jewelry_detector.image_processor | Object pixel (AI): [150, 150, 350, 350]
2026-07-25 14:12:41 | INFO     | jewelry_detector.image_processor | Center pixel: [250, 250]
2026-07-25 14:12:41 | INFO     | jewelry_detector.image_processor | OpenCV panel refine IoU = 0.857
2026-07-25 14:12:41 | INFO     | jewelry_detector.image_processor | Panel refined: [34, 34, 466, 466]
2026-07-25 14:12:41 | INFO     | jewelry_detector.image_processor | Panel refined (OpenCV): [34, 34, 466, 466]
2026-07-25 14:12:41 | INFO     | jewelry_detector.image_processor | Clean panel crop: raw_size=432x432 trim_left=20 trim_top=20 trim_right=19 trim_bottom=19 content_retained=88.0% success=True
2026-07-25 14:12:41 | INFO     | jewelry_detector.image_processor | Trimmed Object (ảnh gốc): [123, 123, 378, 378] | AI bbox gốc: [150, 150, 350, 350]
2026-07-25 14:12:41 | INFO     | jewelry_detector.image_processor | Object refined (OpenCV Trim): [123, 123, 378, 378]
2026-07-25 14:12:41 | WARNING  | jewelry_detector.image_processor | Không lưu được ảnh kết quả: sample_img_front_result.jpg
2026-07-25 14:12:41 | INFO     | jewelry_detector.image_processor | Tổng thời gian xử lý: 0.01s
2026-07-25 14:12:41 | INFO     | jewelry_detector.image_processor | Kích thước ảnh: 500 x 500 px
2026-07-25 14:12:41 | INFO     | jewelry_detector.image_processor | Panel pixel (AI): [50, 50, 450, 450]
2026-07-25 14:12:41 | INFO     | jewelry_detector.image_processor | Object pixel (AI): [150, 150, 350, 350]
2026-07-25 14:12:41 | INFO     | jewelry_detector.image_processor | Center pixel: [250, 250]
2026-07-25 14:12:41 | INFO     | jewelry_detector.image_processor | OpenCV không tìm được contour phù hợp cho panel. Giữ bbox AI.
2026-07-25 14:12:41 | INFO     | jewelry_detector.image_processor | Panel refine không thành công, dùng bbox AI.
2026-07-25 14:12:41 | INFO     | jewelry_detector.image_processor | Không tìm thấy nội dung giao với AI Object Bbox.
2026-07-25 14:12:41 | INFO     | jewelry_detector.image_processor | Object trim không thành công, dùng bbox AI gốc.
2026-07-25 14:12:41 | INFO     | jewelry_detector.image_processor | Đã lưu ảnh kết quả: blank_img_front_result.jpg
2026-07-25 14:12:41 | INFO     | jewelry_detector.image_processor | Tổng thời gian xử lý: 0.01s
2026-07-25 14:12:41 | INFO     | jewelry_detector.image_processor | Kích thước ảnh: 500 x 500 px
2026-07-25 14:12:41 | INFO     | jewelry_detector.image_processor | Panel pixel (AI): [50, 50, 450, 450]
2026-07-25 14:12:41 | INFO     | jewelry_detector.image_processor | Object pixel (AI): [150, 150, 350, 350]
2026-07-25 14:12:41 | INFO     | jewelry_detector.image_processor | Center pixel: [250, 250]
2026-07-25 14:12:41 | WARNING  | jewelry_detector.image_processor | Refined panel bbox không hợp lệ (refined_panel_bbox: bbox [600.0,600.0,700.0,700.0] vượt ngoài ảnh [500x500]). Giữ bbox AI.
2026-07-25 14:12:41 | INFO     | jewelry_detector.image_processor | Clean panel crop: raw_size=400x400 trim_left=4 trim_top=4 trim_right=3 trim_bottom=3 content_retained=100.0% success=True
2026-07-25 14:12:41 | INFO     | jewelry_detector.image_processor | Trimmed Object (ảnh gốc): [123, 123, 378, 378] | AI bbox gốc: [150, 150, 350, 350]
2026-07-25 14:12:41 | INFO     | jewelry_detector.image_processor | Object refined (OpenCV Trim): [123, 123, 378, 378]
2026-07-25 14:12:41 | INFO     | jewelry_detector.image_processor | Đã lưu ảnh kết quả: sample_img_front_result.jpg
2026-07-25 14:12:41 | INFO     | jewelry_detector.image_processor | Tổng thời gian xử lý: 0.01s
2026-07-25 14:12:41 | INFO     | jewelry_detector.image_processor | Kích thước ảnh: 500 x 500 px
2026-07-25 14:12:41 | INFO     | jewelry_detector.image_processor | Panel pixel (AI): [50, 50, 450, 450]
2026-07-25 14:12:41 | INFO     | jewelry_detector.image_processor | Object pixel (AI): [150, 150, 350, 350]
2026-07-25 14:12:41 | INFO     | jewelry_detector.image_processor | Center pixel: [250, 250]
2026-07-25 14:12:41 | INFO     | jewelry_detector.image_processor | OpenCV panel refine IoU = 0.857
2026-07-25 14:12:41 | INFO     | jewelry_detector.image_processor | Panel refined: [34, 34, 466, 466]
2026-07-25 14:12:41 | INFO     | jewelry_detector.image_processor | Panel refined (OpenCV): [34, 34, 466, 466]
2026-07-25 14:12:41 | INFO     | jewelry_detector.image_processor | Clean panel crop: raw_size=432x432 trim_left=20 trim_top=20 trim_right=19 trim_bottom=19 content_retained=88.0% success=True
2026-07-25 14:12:41 | WARNING  | jewelry_detector.image_processor | Refined object bbox không hợp lệ (refined_object_bbox: bbox [600.0,600.0,700.0,700.0] vượt ngoài ảnh [500x500]). Giữ bbox AI.
2026-07-25 14:12:41 | INFO     | jewelry_detector.image_processor | Đã lưu ảnh kết quả: sample_img_front_result.jpg
2026-07-25 14:12:41 | INFO     | jewelry_detector.image_processor | Tổng thời gian xử lý: 0.01s
2026-07-25 14:12:41 | INFO     | jewelry_detector.image_processor | Kích thước ảnh: 500 x 500 px
2026-07-25 14:12:41 | INFO     | jewelry_detector.image_processor | Panel pixel (AI): [50, 50, 450, 450]
2026-07-25 14:12:41 | INFO     | jewelry_detector.image_processor | Object pixel (AI): [150, 150, 350, 350]
2026-07-25 14:12:41 | INFO     | jewelry_detector.image_processor | Center pixel: [250, 250]
2026-07-25 14:12:41 | INFO     | jewelry_detector.image_processor | OpenCV panel refine IoU = 0.857
2026-07-25 14:12:41 | INFO     | jewelry_detector.image_processor | Panel refined: [34, 34, 466, 466]
2026-07-25 14:12:41 | INFO     | jewelry_detector.image_processor | Panel refined (OpenCV): [34, 34, 466, 466]
2026-07-25 14:12:41 | INFO     | jewelry_detector.image_processor | Clean panel crop: raw_size=432x432 trim_left=20 trim_top=20 trim_right=19 trim_bottom=19 content_retained=88.0% success=True
2026-07-25 14:12:41 | WARNING  | jewelry_detector.image_processor | Refined object bbox không hợp lệ (refined_object_bbox: x1>=x2 hoặc y1>=y2, bbox không hợp lệ). Giữ bbox AI.
2026-07-25 14:12:41 | INFO     | jewelry_detector.image_processor | Đã lưu ảnh kết quả: sample_img_front_result.jpg
2026-07-25 14:12:41 | INFO     | jewelry_detector.image_processor | Tổng thời gian xử lý: 0.01s
2026-07-25 14:12:41 | INFO     | jewelry_detector.image_processor | Kích thước ảnh: 500 x 500 px
2026-07-25 14:12:41 | INFO     | jewelry_detector.image_processor | Panel pixel (AI): [50, 50, 450, 450]
2026-07-25 14:12:41 | INFO     | jewelry_detector.image_processor | Object pixel (AI): [150, 150, 350, 350]
2026-07-25 14:12:41 | INFO     | jewelry_detector.image_processor | Center pixel: [250, 250]
2026-07-25 14:12:41 | INFO     | jewelry_detector.image_processor | OpenCV panel refine IoU = 0.857
2026-07-25 14:12:41 | INFO     | jewelry_detector.image_processor | Panel refined: [34, 34, 466, 466]
2026-07-25 14:12:41 | INFO     | jewelry_detector.image_processor | Panel refined (OpenCV): [34, 34, 466, 466]
2026-07-25 14:12:41 | INFO     | jewelry_detector.image_processor | Clean panel crop: raw_size=432x432 trim_left=20 trim_top=20 trim_right=19 trim_bottom=19 content_retained=88.0% success=True
2026-07-25 14:12:41 | WARNING  | jewelry_detector.image_processor | Refined object bbox không hợp lệ (refined_object_bbox: x1>=x2 hoặc y1>=y2, bbox không hợp lệ). Giữ bbox AI.
2026-07-25 14:12:41 | INFO     | jewelry_detector.image_processor | Đã lưu ảnh kết quả: sample_img_front_result.jpg
2026-07-25 14:12:41 | INFO     | jewelry_detector.image_processor | Tổng thời gian xử lý: 0.01s
2026-07-25 14:12:42 | INFO     | jewelry_detector.image_processor | Kích thước ảnh: 500 x 500 px
2026-07-25 14:12:42 | INFO     | jewelry_detector.image_processor | Panel pixel (AI): [50, 50, 450, 450]
2026-07-25 14:12:42 | INFO     | jewelry_detector.image_processor | Object pixel (AI): [150, 150, 350, 350]
2026-07-25 14:12:42 | INFO     | jewelry_detector.image_processor | Center pixel: [250, 250]
2026-07-25 14:12:42 | INFO     | jewelry_detector.image_processor | Object refined (OpenCV Trim): [150, 150, 350, 350]
2026-07-25 14:12:42 | INFO     | jewelry_detector.image_processor | Đã lưu ảnh kết quả: sample_img_perspective_result.jpg
2026-07-25 14:12:42 | INFO     | jewelry_detector.image_processor | Tổng thời gian xử lý: 0.01s
2026-07-25 14:12:42 | INFO     | jewelry_detector.image_processor | Kích thước ảnh: 500 x 500 px
2026-07-25 14:12:42 | INFO     | jewelry_detector.image_processor | Panel pixel (AI): [50, 50, 450, 450]
2026-07-25 14:12:42 | INFO     | jewelry_detector.image_processor | Object pixel (AI): [150, 150, 350, 350]
2026-07-25 14:12:42 | INFO     | jewelry_detector.image_processor | Center pixel: [250, 250]
2026-07-25 14:12:42 | INFO     | jewelry_detector.image_processor | OpenCV panel refine IoU = 0.857
2026-07-25 14:12:42 | INFO     | jewelry_detector.image_processor | Panel refined: [34, 34, 466, 466]
2026-07-25 14:12:42 | INFO     | jewelry_detector.image_processor | Panel refined (OpenCV): [34, 34, 466, 466]
2026-07-25 14:12:42 | INFO     | jewelry_detector.image_processor | Clean panel crop: raw_size=432x432 trim_left=20 trim_top=20 trim_right=19 trim_bottom=19 content_retained=88.0% success=True
2026-07-25 14:12:42 | INFO     | jewelry_detector.image_processor | Trimmed Object (ảnh gốc): [123, 123, 378, 378] | AI bbox gốc: [150, 150, 350, 350]
2026-07-25 14:12:42 | INFO     | jewelry_detector.image_processor | Object refined (OpenCV Trim): [123, 123, 378, 378]
2026-07-25 14:12:42 | INFO     | jewelry_detector.image_processor | Đã lưu ảnh kết quả: sample_img_front_result.jpg
2026-07-25 14:12:42 | INFO     | jewelry_detector.image_processor | Tổng thời gian xử lý: 0.02s
2026-07-25 14:12:42 | INFO     | jewelry_detector.image_processor | Đã lưu JSON: sample_img_front_result.json
2026-07-25 14:12:42 | WARNING  | jewelry_detector.image_processor | Clean panel fallback: Mất nội dung (retained 95.90% < 99%)
2026-07-25 14:12:42 | INFO     | jewelry_detector.image_processor | Clean panel crop: raw_size=200x200 trim_left=8 trim_top=8 trim_right=8 trim_bottom=8 content_retained=93.5% success=True
2026-07-25 14:12:42 | INFO     | jewelry_detector.image_processor | Clean panel crop: raw_size=200x200 trim_left=0 trim_top=8 trim_right=0 trim_bottom=0 content_retained=98.5% success=True
2026-07-25 14:12:42 | INFO     | jewelry_detector.image_processor | Object area ratio 41.281 > 2.5. Giữ bbox AI.
2026-07-25 14:12:42 | INFO     | jewelry_detector.image_processor | Object area ratio 0.035 < 0.3. Giữ bbox AI.
2026-07-25 14:12:42 | INFO     | jewelry_detector.image_processor | Object center distance 0.002 > -0.01. Giữ bbox AI.
2026-07-25 14:12:42 | INFO     | jewelry_detector.image_processor | Object IoU 0.733 < 1.01. Giữ bbox AI.
2026-07-25 14:12:42 | INFO     | jewelry_detector.image_processor | Không tìm thấy nội dung giao với AI Object Bbox.
2026-07-25 14:12:42 | INFO     | jewelry_detector.image_processor | Không tìm thấy nội dung giao với AI Object Bbox.
2026-07-25 14:12:42 | INFO     | jewelry_detector.image_processor | Trimmed Object (ảnh gốc): [152, 152, 349, 349] | AI bbox gốc: [170, 170, 330, 330]
2026-07-25 14:12:42 | INFO     | jewelry_detector.image_processor | Trimmed Object (ảnh gốc): [122, 122, 379, 379] | AI bbox gốc: [140, 140, 360, 360]
2026-07-25 14:12:42 | INFO     | jewelry_detector.image_processor | OpenCV panel refine IoU = 0.859
2026-07-25 14:12:42 | INFO     | jewelry_detector.image_processor | Center distance ratio 0.000 > ngưỡng -0.01. Giữ bbox AI.
2026-07-25 14:12:42 | INFO     | jewelry_detector.image_processor | OpenCV không tìm được contour phù hợp cho panel. Giữ bbox AI.
2026-07-25 14:12:42 | INFO     | jewelry_detector.image_processor | OpenCV panel refine IoU = 0.859
2026-07-25 14:12:42 | INFO     | jewelry_detector.image_processor | Panel refined: [32, 32, 468, 468]
2026-07-25 14:13:15 | WARNING  | jewelry_detector.image_processor | Clean panel fallback: Mất nội dung (retained 95.90% < 99%)
2026-07-25 14:13:15 | INFO     | jewelry_detector.image_processor | Clean panel crop: raw_size=200x200 trim_left=8 trim_top=8 trim_right=8 trim_bottom=8 content_retained=93.5% success=True
2026-07-25 14:13:15 | INFO     | jewelry_detector.image_processor | Clean panel crop: raw_size=200x200 trim_left=0 trim_top=8 trim_right=0 trim_bottom=0 content_retained=98.5% success=True
2026-07-25 14:13:15 | INFO     | jewelry_detector.image_processor | Clean panel crop: raw_size=200x200 trim_left=8 trim_top=8 trim_right=0 trim_bottom=0 content_retained=96.9% success=True
2026-07-25 14:13:15 | INFO     | jewelry_detector.image_processor | Object area ratio 41.281 > 2.5. Giữ bbox AI.
2026-07-25 14:13:15 | INFO     | jewelry_detector.image_processor | Object area ratio 0.035 < 0.3. Giữ bbox AI.
2026-07-25 14:13:15 | INFO     | jewelry_detector.image_processor | Object center distance 0.002 > -0.01. Giữ bbox AI.
2026-07-25 14:13:15 | INFO     | jewelry_detector.image_processor | Object IoU 0.733 < 1.01. Giữ bbox AI.
2026-07-25 14:13:15 | INFO     | jewelry_detector.image_processor | Không tìm thấy nội dung giao với AI Object Bbox.
2026-07-25 14:13:15 | INFO     | jewelry_detector.image_processor | Không tìm thấy nội dung giao với AI Object Bbox.
2026-07-25 14:13:15 | INFO     | jewelry_detector.image_processor | Trimmed Object (ảnh gốc): [50, 122, 184, 339] | AI bbox gốc: [50, 140, 165, 320]
2026-07-25 14:13:15 | INFO     | jewelry_detector.image_processor | Trimmed Object (ảnh gốc): [152, 152, 349, 349] | AI bbox gốc: [170, 170, 330, 330]
2026-07-25 14:13:15 | INFO     | jewelry_detector.image_processor | Trimmed Object (ảnh gốc): [122, 122, 379, 379] | AI bbox gốc: [140, 140, 360, 360]
2026-07-25 14:13:15 | INFO     | jewelry_detector.image_processor | OpenCV panel refine IoU = 0.859
2026-07-25 14:13:15 | INFO     | jewelry_detector.image_processor | Center distance ratio 0.000 > ngưỡng -0.01. Giữ bbox AI.
2026-07-25 14:13:15 | INFO     | jewelry_detector.image_processor | OpenCV không tìm được contour phù hợp cho panel. Giữ bbox AI.
2026-07-25 14:13:15 | INFO     | jewelry_detector.image_processor | OpenCV không tìm được contour phù hợp cho panel. Giữ bbox AI.
2026-07-25 14:13:15 | INFO     | jewelry_detector.image_processor | OpenCV panel refine IoU = 0.859
2026-07-25 14:13:15 | INFO     | jewelry_detector.image_processor | Panel refined: [32, 32, 468, 468]
2026-07-25 14:13:15 | INFO     | jewelry_detector.image_processor | Kích thước ảnh: 500 x 500 px
2026-07-25 14:13:15 | INFO     | jewelry_detector.image_processor | Panel pixel (AI): [50, 50, 450, 450]
2026-07-25 14:13:15 | INFO     | jewelry_detector.image_processor | Object pixel (AI): [150, 150, 350, 350]
2026-07-25 14:13:15 | INFO     | jewelry_detector.image_processor | Center pixel: [250, 250]
2026-07-25 14:13:15 | INFO     | jewelry_detector.image_processor | OpenCV panel refine IoU = 0.857
2026-07-25 14:13:15 | INFO     | jewelry_detector.image_processor | Panel refined: [34, 34, 466, 466]
2026-07-25 14:13:15 | INFO     | jewelry_detector.image_processor | Panel refined (OpenCV): [34, 34, 466, 466]
2026-07-25 14:13:15 | INFO     | jewelry_detector.image_processor | Clean panel crop: raw_size=432x432 trim_left=20 trim_top=20 trim_right=19 trim_bottom=19 content_retained=88.0% success=True
2026-07-25 14:13:15 | INFO     | jewelry_detector.image_processor | Trimmed Object (ảnh gốc): [123, 123, 378, 378] | AI bbox gốc: [150, 150, 350, 350]
2026-07-25 14:13:15 | INFO     | jewelry_detector.image_processor | Object refined (OpenCV Trim): [123, 123, 378, 378]
2026-07-25 14:13:15 | INFO     | jewelry_detector.image_processor | Đã lưu ảnh kết quả: sample_img_front_result.jpg
2026-07-25 14:13:15 | INFO     | jewelry_detector.image_processor | Tổng thời gian xử lý: 0.03s
2026-07-25 14:13:15 | INFO     | jewelry_detector.image_processor | Kích thước ảnh: 500 x 500 px
2026-07-25 14:13:15 | INFO     | jewelry_detector.image_processor | Panel pixel (AI): [50, 50, 450, 450]
2026-07-25 14:13:15 | INFO     | jewelry_detector.image_processor | Object pixel (AI): [150, 150, 350, 350]
2026-07-25 14:13:15 | INFO     | jewelry_detector.image_processor | Center pixel: [250, 250]
2026-07-25 14:13:15 | INFO     | jewelry_detector.image_processor | OpenCV panel refine IoU = 0.857
2026-07-25 14:13:15 | INFO     | jewelry_detector.image_processor | Panel refined: [34, 34, 466, 466]
2026-07-25 14:13:15 | INFO     | jewelry_detector.image_processor | Panel refined (OpenCV): [34, 34, 466, 466]
2026-07-25 14:13:15 | INFO     | jewelry_detector.image_processor | Clean panel crop: raw_size=432x432 trim_left=20 trim_top=20 trim_right=19 trim_bottom=19 content_retained=88.0% success=True
2026-07-25 14:13:15 | INFO     | jewelry_detector.image_processor | Trimmed Object (ảnh gốc): [123, 123, 378, 378] | AI bbox gốc: [150, 150, 350, 350]
2026-07-25 14:13:15 | INFO     | jewelry_detector.image_processor | Object refined (OpenCV Trim): [123, 123, 378, 378]
2026-07-25 14:13:15 | INFO     | jewelry_detector.image_processor | Đã lưu ảnh kết quả: sample_img_left_result.jpg
2026-07-25 14:13:15 | INFO     | jewelry_detector.image_processor | Tổng thời gian xử lý: 0.01s
2026-07-25 14:13:15 | INFO     | jewelry_detector.image_processor | Kích thước ảnh: 500 x 500 px
2026-07-25 14:13:15 | INFO     | jewelry_detector.image_processor | Panel pixel (AI): [50, 50, 450, 450]
2026-07-25 14:13:15 | INFO     | jewelry_detector.image_processor | Object pixel (AI): [150, 150, 350, 350]
2026-07-25 14:13:15 | INFO     | jewelry_detector.image_processor | Center pixel: [250, 250]
2026-07-25 14:13:15 | INFO     | jewelry_detector.image_processor | OpenCV panel refine IoU = 0.857
2026-07-25 14:13:15 | INFO     | jewelry_detector.image_processor | Panel refined: [34, 34, 466, 466]
2026-07-25 14:13:15 | INFO     | jewelry_detector.image_processor | Panel refined (OpenCV): [34, 34, 466, 466]
2026-07-25 14:13:15 | INFO     | jewelry_detector.image_processor | Clean panel crop: raw_size=432x432 trim_left=20 trim_top=20 trim_right=19 trim_bottom=19 content_retained=88.0% success=True
2026-07-25 14:13:15 | INFO     | jewelry_detector.image_processor | Trimmed Object (ảnh gốc): [123, 123, 378, 378] | AI bbox gốc: [150, 150, 350, 350]
2026-07-25 14:13:15 | INFO     | jewelry_detector.image_processor | Object refined (OpenCV Trim): [123, 123, 378, 378]
2026-07-25 14:13:15 | INFO     | jewelry_detector.image_processor | Đã lưu ảnh kết quả: sample_img_right_result.jpg
2026-07-25 14:13:15 | INFO     | jewelry_detector.image_processor | Tổng thời gian xử lý: 0.01s
2026-07-25 14:13:15 | INFO     | jewelry_detector.image_processor | Kích thước ảnh: 500 x 500 px
2026-07-25 14:13:15 | INFO     | jewelry_detector.image_processor | Panel pixel (AI): [50, 50, 450, 450]
2026-07-25 14:13:15 | INFO     | jewelry_detector.image_processor | Object pixel (AI): [150, 150, 350, 350]
2026-07-25 14:13:15 | INFO     | jewelry_detector.image_processor | Center pixel: [250, 250]
2026-07-25 14:13:15 | INFO     | jewelry_detector.image_processor | OpenCV panel refine IoU = 0.857
2026-07-25 14:13:15 | INFO     | jewelry_detector.image_processor | Panel refined: [34, 34, 466, 466]
2026-07-25 14:13:15 | INFO     | jewelry_detector.image_processor | Panel refined (OpenCV): [34, 34, 466, 466]
2026-07-25 14:13:15 | INFO     | jewelry_detector.image_processor | Clean panel crop: raw_size=432x432 trim_left=20 trim_top=20 trim_right=19 trim_bottom=19 content_retained=88.0% success=True
2026-07-25 14:13:15 | INFO     | jewelry_detector.image_processor | Trimmed Object (ảnh gốc): [123, 123, 378, 378] | AI bbox gốc: [150, 150, 350, 350]
2026-07-25 14:13:15 | INFO     | jewelry_detector.image_processor | Object refined (OpenCV Trim): [123, 123, 378, 378]
2026-07-25 14:13:15 | INFO     | jewelry_detector.image_processor | Đã lưu ảnh kết quả: sample_img_top_result.jpg
2026-07-25 14:13:15 | INFO     | jewelry_detector.image_processor | Tổng thời gian xử lý: 0.01s
2026-07-25 14:13:15 | INFO     | jewelry_detector.image_processor | Kích thước ảnh: 500 x 500 px
2026-07-25 14:13:15 | INFO     | jewelry_detector.image_processor | Panel pixel (AI): [50, 50, 450, 450]
2026-07-25 14:13:15 | INFO     | jewelry_detector.image_processor | Object pixel (AI): [150, 150, 350, 350]
2026-07-25 14:13:15 | INFO     | jewelry_detector.image_processor | Center pixel: [250, 250]
2026-07-25 14:13:15 | INFO     | jewelry_detector.image_processor | OpenCV panel refine IoU = 0.857
2026-07-25 14:13:15 | INFO     | jewelry_detector.image_processor | Panel refined: [34, 34, 466, 466]
2026-07-25 14:13:15 | INFO     | jewelry_detector.image_processor | Panel refined (OpenCV): [34, 34, 466, 466]
2026-07-25 14:13:15 | INFO     | jewelry_detector.image_processor | Clean panel crop: raw_size=432x432 trim_left=20 trim_top=20 trim_right=19 trim_bottom=19 content_retained=88.0% success=True
2026-07-25 14:13:15 | INFO     | jewelry_detector.image_processor | Trimmed Object (ảnh gốc): [123, 123, 378, 378] | AI bbox gốc: [150, 150, 350, 350]
2026-07-25 14:13:15 | INFO     | jewelry_detector.image_processor | Object refined (OpenCV Trim): [123, 123, 378, 378]
2026-07-25 14:13:15 | INFO     | jewelry_detector.image_processor | Đã lưu ảnh kết quả: sample_img_bottom_result.jpg
2026-07-25 14:13:15 | INFO     | jewelry_detector.image_processor | Tổng thời gian xử lý: 0.01s
2026-07-25 14:13:15 | INFO     | jewelry_detector.image_processor | Kích thước ảnh: 500 x 500 px
2026-07-25 14:13:15 | INFO     | jewelry_detector.image_processor | Panel pixel (AI): [50, 50, 450, 450]
2026-07-25 14:13:15 | INFO     | jewelry_detector.image_processor | Object pixel (AI): [150, 150, 350, 350]
2026-07-25 14:13:15 | INFO     | jewelry_detector.image_processor | Center pixel: [250, 250]
2026-07-25 14:13:15 | INFO     | jewelry_detector.image_processor | OpenCV panel refine IoU = 0.857
2026-07-25 14:13:15 | INFO     | jewelry_detector.image_processor | Panel refined: [34, 34, 466, 466]
2026-07-25 14:13:15 | INFO     | jewelry_detector.image_processor | Panel refined (OpenCV): [34, 34, 466, 466]
2026-07-25 14:13:15 | INFO     | jewelry_detector.image_processor | Clean panel crop: raw_size=432x432 trim_left=20 trim_top=20 trim_right=19 trim_bottom=19 content_retained=88.0% success=True
2026-07-25 14:13:15 | INFO     | jewelry_detector.image_processor | Trimmed Object (ảnh gốc): [123, 123, 378, 378] | AI bbox gốc: [150, 150, 350, 350]
2026-07-25 14:13:15 | INFO     | jewelry_detector.image_processor | Object refined (OpenCV Trim): [123, 123, 378, 378]
2026-07-25 14:13:15 | INFO     | jewelry_detector.image_processor | Đã lưu ảnh kết quả: sample_img_back_result.jpg
2026-07-25 14:13:15 | INFO     | jewelry_detector.image_processor | Tổng thời gian xử lý: 0.01s
2026-07-25 14:13:15 | INFO     | jewelry_detector.image_processor | Kích thước ảnh: 500 x 500 px
2026-07-25 14:13:15 | INFO     | jewelry_detector.image_processor | Panel pixel (AI): [50, 50, 450, 450]
2026-07-25 14:13:15 | INFO     | jewelry_detector.image_processor | Object pixel (AI): [150, 150, 350, 350]
2026-07-25 14:13:15 | INFO     | jewelry_detector.image_processor | Center pixel: [250, 250]
2026-07-25 14:13:15 | INFO     | jewelry_detector.image_processor | Clean panel crop: raw_size=400x400 trim_left=4 trim_top=4 trim_right=3 trim_bottom=3 content_retained=100.0% success=True
2026-07-25 14:13:15 | INFO     | jewelry_detector.image_processor | Đã lưu ảnh kết quả: sample_img_front_result.jpg
2026-07-25 14:13:15 | INFO     | jewelry_detector.image_processor | Tổng thời gian xử lý: 0.01s
2026-07-25 14:13:15 | INFO     | jewelry_detector.image_processor | Kích thước ảnh: 500 x 500 px
2026-07-25 14:13:15 | INFO     | jewelry_detector.image_processor | Panel pixel (AI): [50, 50, 450, 450]
2026-07-25 14:13:15 | INFO     | jewelry_detector.image_processor | Object pixel (AI): [150, 150, 350, 350]
2026-07-25 14:13:15 | INFO     | jewelry_detector.image_processor | Center pixel: [250, 250]
2026-07-25 14:13:15 | INFO     | jewelry_detector.image_processor | OpenCV panel refine IoU = 0.857
2026-07-25 14:13:15 | INFO     | jewelry_detector.image_processor | Panel refined: [34, 34, 466, 466]
2026-07-25 14:13:15 | INFO     | jewelry_detector.image_processor | Panel refined (OpenCV): [34, 34, 466, 466]
2026-07-25 14:13:15 | INFO     | jewelry_detector.image_processor | Clean panel crop: raw_size=432x432 trim_left=20 trim_top=20 trim_right=19 trim_bottom=19 content_retained=88.0% success=True
2026-07-25 14:13:15 | INFO     | jewelry_detector.image_processor | Trimmed Object (ảnh gốc): [123, 123, 378, 378] | AI bbox gốc: [150, 150, 350, 350]
2026-07-25 14:13:15 | INFO     | jewelry_detector.image_processor | Object refined (OpenCV Trim): [123, 123, 378, 378]
2026-07-25 14:13:15 | WARNING  | jewelry_detector.image_processor | Không lưu được ảnh kết quả: sample_img_front_result.jpg
2026-07-25 14:13:15 | INFO     | jewelry_detector.image_processor | Tổng thời gian xử lý: 0.01s
2026-07-25 14:13:15 | INFO     | jewelry_detector.image_processor | Kích thước ảnh: 500 x 500 px
2026-07-25 14:13:15 | INFO     | jewelry_detector.image_processor | Panel pixel (AI): [50, 50, 450, 450]
2026-07-25 14:13:15 | INFO     | jewelry_detector.image_processor | Object pixel (AI): [150, 150, 350, 350]
2026-07-25 14:13:15 | INFO     | jewelry_detector.image_processor | Center pixel: [250, 250]
2026-07-25 14:13:15 | INFO     | jewelry_detector.image_processor | OpenCV không tìm được contour phù hợp cho panel. Giữ bbox AI.
2026-07-25 14:13:15 | INFO     | jewelry_detector.image_processor | Panel refine không thành công, dùng bbox AI.
2026-07-25 14:13:15 | INFO     | jewelry_detector.image_processor | Không tìm thấy nội dung giao với AI Object Bbox.
2026-07-25 14:13:15 | INFO     | jewelry_detector.image_processor | Object trim không thành công, dùng bbox AI gốc.
2026-07-25 14:13:15 | INFO     | jewelry_detector.image_processor | Đã lưu ảnh kết quả: blank_img_front_result.jpg
2026-07-25 14:13:15 | INFO     | jewelry_detector.image_processor | Tổng thời gian xử lý: 0.01s
2026-07-25 14:13:15 | INFO     | jewelry_detector.image_processor | Kích thước ảnh: 500 x 500 px
2026-07-25 14:13:15 | INFO     | jewelry_detector.image_processor | Panel pixel (AI): [50, 50, 450, 450]
2026-07-25 14:13:15 | INFO     | jewelry_detector.image_processor | Object pixel (AI): [150, 150, 350, 350]
2026-07-25 14:13:15 | INFO     | jewelry_detector.image_processor | Center pixel: [250, 250]
2026-07-25 14:13:15 | WARNING  | jewelry_detector.image_processor | Refined panel bbox không hợp lệ (refined_panel_bbox: bbox [600.0,600.0,700.0,700.0] vượt ngoài ảnh [500x500]). Giữ bbox AI.
2026-07-25 14:13:15 | INFO     | jewelry_detector.image_processor | Clean panel crop: raw_size=400x400 trim_left=4 trim_top=4 trim_right=3 trim_bottom=3 content_retained=100.0% success=True
2026-07-25 14:13:15 | INFO     | jewelry_detector.image_processor | Trimmed Object (ảnh gốc): [123, 123, 378, 378] | AI bbox gốc: [150, 150, 350, 350]
2026-07-25 14:13:15 | INFO     | jewelry_detector.image_processor | Object refined (OpenCV Trim): [123, 123, 378, 378]
2026-07-25 14:13:15 | INFO     | jewelry_detector.image_processor | Đã lưu ảnh kết quả: sample_img_front_result.jpg
2026-07-25 14:13:15 | INFO     | jewelry_detector.image_processor | Tổng thời gian xử lý: 0.01s
2026-07-25 14:13:15 | INFO     | jewelry_detector.image_processor | Kích thước ảnh: 500 x 500 px
2026-07-25 14:13:15 | INFO     | jewelry_detector.image_processor | Panel pixel (AI): [50, 50, 450, 450]
2026-07-25 14:13:15 | INFO     | jewelry_detector.image_processor | Object pixel (AI): [150, 150, 350, 350]
2026-07-25 14:13:15 | INFO     | jewelry_detector.image_processor | Center pixel: [250, 250]
2026-07-25 14:13:15 | INFO     | jewelry_detector.image_processor | OpenCV panel refine IoU = 0.857
2026-07-25 14:13:15 | INFO     | jewelry_detector.image_processor | Panel refined: [34, 34, 466, 466]
2026-07-25 14:13:15 | INFO     | jewelry_detector.image_processor | Panel refined (OpenCV): [34, 34, 466, 466]
2026-07-25 14:13:15 | INFO     | jewelry_detector.image_processor | Clean panel crop: raw_size=432x432 trim_left=20 trim_top=20 trim_right=19 trim_bottom=19 content_retained=88.0% success=True
2026-07-25 14:13:15 | WARNING  | jewelry_detector.image_processor | Refined object bbox không hợp lệ (refined_object_bbox: bbox [600.0,600.0,700.0,700.0] vượt ngoài ảnh [500x500]). Giữ bbox AI.
2026-07-25 14:13:15 | INFO     | jewelry_detector.image_processor | Đã lưu ảnh kết quả: sample_img_front_result.jpg
2026-07-25 14:13:15 | INFO     | jewelry_detector.image_processor | Tổng thời gian xử lý: 0.01s
2026-07-25 14:13:15 | INFO     | jewelry_detector.image_processor | Kích thước ảnh: 500 x 500 px
2026-07-25 14:13:15 | INFO     | jewelry_detector.image_processor | Panel pixel (AI): [50, 50, 450, 450]
2026-07-25 14:13:15 | INFO     | jewelry_detector.image_processor | Object pixel (AI): [150, 150, 350, 350]
2026-07-25 14:13:15 | INFO     | jewelry_detector.image_processor | Center pixel: [250, 250]
2026-07-25 14:13:15 | INFO     | jewelry_detector.image_processor | OpenCV panel refine IoU = 0.857
2026-07-25 14:13:15 | INFO     | jewelry_detector.image_processor | Panel refined: [34, 34, 466, 466]
2026-07-25 14:13:15 | INFO     | jewelry_detector.image_processor | Panel refined (OpenCV): [34, 34, 466, 466]
2026-07-25 14:13:15 | INFO     | jewelry_detector.image_processor | Clean panel crop: raw_size=432x432 trim_left=20 trim_top=20 trim_right=19 trim_bottom=19 content_retained=88.0% success=True
2026-07-25 14:13:15 | WARNING  | jewelry_detector.image_processor | Refined object bbox không hợp lệ (refined_object_bbox: x1>=x2 hoặc y1>=y2, bbox không hợp lệ). Giữ bbox AI.
2026-07-25 14:13:15 | INFO     | jewelry_detector.image_processor | Đã lưu ảnh kết quả: sample_img_front_result.jpg
2026-07-25 14:13:15 | INFO     | jewelry_detector.image_processor | Tổng thời gian xử lý: 0.01s
2026-07-25 14:13:15 | INFO     | jewelry_detector.image_processor | Kích thước ảnh: 500 x 500 px
2026-07-25 14:13:15 | INFO     | jewelry_detector.image_processor | Panel pixel (AI): [50, 50, 450, 450]
2026-07-25 14:13:15 | INFO     | jewelry_detector.image_processor | Object pixel (AI): [150, 150, 350, 350]
2026-07-25 14:13:15 | INFO     | jewelry_detector.image_processor | Center pixel: [250, 250]
2026-07-25 14:13:15 | INFO     | jewelry_detector.image_processor | OpenCV panel refine IoU = 0.857
2026-07-25 14:13:15 | INFO     | jewelry_detector.image_processor | Panel refined: [34, 34, 466, 466]
2026-07-25 14:13:15 | INFO     | jewelry_detector.image_processor | Panel refined (OpenCV): [34, 34, 466, 466]
2026-07-25 14:13:15 | INFO     | jewelry_detector.image_processor | Clean panel crop: raw_size=432x432 trim_left=20 trim_top=20 trim_right=19 trim_bottom=19 content_retained=88.0% success=True
2026-07-25 14:13:15 | WARNING  | jewelry_detector.image_processor | Refined object bbox không hợp lệ (refined_object_bbox: x1>=x2 hoặc y1>=y2, bbox không hợp lệ). Giữ bbox AI.
2026-07-25 14:13:15 | INFO     | jewelry_detector.image_processor | Đã lưu ảnh kết quả: sample_img_front_result.jpg
2026-07-25 14:13:15 | INFO     | jewelry_detector.image_processor | Tổng thời gian xử lý: 0.01s
2026-07-25 14:13:15 | INFO     | jewelry_detector.image_processor | Kích thước ảnh: 500 x 500 px
2026-07-25 14:13:15 | INFO     | jewelry_detector.image_processor | Panel pixel (AI): [50, 50, 450, 450]
2026-07-25 14:13:15 | INFO     | jewelry_detector.image_processor | Object pixel (AI): [150, 150, 350, 350]
2026-07-25 14:13:15 | INFO     | jewelry_detector.image_processor | Center pixel: [250, 250]
2026-07-25 14:13:15 | INFO     | jewelry_detector.image_processor | Object refined (OpenCV Trim): [150, 150, 350, 350]
2026-07-25 14:13:15 | INFO     | jewelry_detector.image_processor | Đã lưu ảnh kết quả: sample_img_perspective_result.jpg
2026-07-25 14:13:15 | INFO     | jewelry_detector.image_processor | Tổng thời gian xử lý: 0.01s
2026-07-25 14:13:15 | INFO     | jewelry_detector.image_processor | Kích thước ảnh: 500 x 500 px
2026-07-25 14:13:15 | INFO     | jewelry_detector.image_processor | Panel pixel (AI): [50, 50, 450, 450]
2026-07-25 14:13:15 | INFO     | jewelry_detector.image_processor | Object pixel (AI): [150, 150, 350, 350]
2026-07-25 14:13:15 | INFO     | jewelry_detector.image_processor | Center pixel: [250, 250]
2026-07-25 14:13:15 | INFO     | jewelry_detector.image_processor | OpenCV panel refine IoU = 0.857
2026-07-25 14:13:15 | INFO     | jewelry_detector.image_processor | Panel refined: [34, 34, 466, 466]
2026-07-25 14:13:15 | INFO     | jewelry_detector.image_processor | Panel refined (OpenCV): [34, 34, 466, 466]
2026-07-25 14:13:15 | INFO     | jewelry_detector.image_processor | Clean panel crop: raw_size=432x432 trim_left=20 trim_top=20 trim_right=19 trim_bottom=19 content_retained=88.0% success=True
2026-07-25 14:13:15 | INFO     | jewelry_detector.image_processor | Trimmed Object (ảnh gốc): [123, 123, 378, 378] | AI bbox gốc: [150, 150, 350, 350]
2026-07-25 14:13:15 | INFO     | jewelry_detector.image_processor | Object refined (OpenCV Trim): [123, 123, 378, 378]
2026-07-25 14:13:15 | INFO     | jewelry_detector.image_processor | Đã lưu ảnh kết quả: sample_img_front_result.jpg
2026-07-25 14:13:15 | INFO     | jewelry_detector.image_processor | Tổng thời gian xử lý: 0.01s
2026-07-25 14:13:15 | INFO     | jewelry_detector.image_processor | Đã lưu JSON: sample_img_front_result.json
2026-07-25 14:13:23 | INFO     | jewelry_detector.image_processor | Kích thước ảnh: 500 x 500 px
2026-07-25 14:13:23 | INFO     | jewelry_detector.image_processor | Panel pixel (AI): [50, 50, 450, 450]
2026-07-25 14:13:23 | INFO     | jewelry_detector.image_processor | Object pixel (AI): [150, 150, 350, 350]
2026-07-25 14:13:23 | INFO     | jewelry_detector.image_processor | Center pixel: [250, 250]
2026-07-25 14:13:23 | INFO     | jewelry_detector.image_processor | OpenCV panel refine IoU = 0.857
2026-07-25 14:13:23 | INFO     | jewelry_detector.image_processor | Panel refined: [34, 34, 466, 466]
2026-07-25 14:13:23 | INFO     | jewelry_detector.image_processor | Panel refined (OpenCV): [34, 34, 466, 466]
2026-07-25 14:13:23 | INFO     | jewelry_detector.image_processor | Clean panel crop: raw_size=432x432 trim_left=20 trim_top=20 trim_right=19 trim_bottom=19 content_retained=88.0% success=True
2026-07-25 14:13:23 | INFO     | jewelry_detector.image_processor | Trimmed Object (ảnh gốc): [123, 123, 378, 378] | AI bbox gốc: [150, 150, 350, 350]
2026-07-25 14:13:23 | INFO     | jewelry_detector.image_processor | Object refined (OpenCV Trim): [123, 123, 378, 378]
2026-07-25 14:13:23 | INFO     | jewelry_detector.image_processor | Đã lưu ảnh kết quả: sample_img_front_result.jpg
2026-07-25 14:13:23 | INFO     | jewelry_detector.image_processor | Tổng thời gian xử lý: 0.03s
2026-07-25 14:13:23 | INFO     | jewelry_detector.image_processor | Kích thước ảnh: 500 x 500 px
2026-07-25 14:13:23 | INFO     | jewelry_detector.image_processor | Panel pixel (AI): [50, 50, 450, 450]
2026-07-25 14:13:23 | INFO     | jewelry_detector.image_processor | Object pixel (AI): [150, 150, 350, 350]
2026-07-25 14:13:23 | INFO     | jewelry_detector.image_processor | Center pixel: [250, 250]
2026-07-25 14:13:23 | INFO     | jewelry_detector.image_processor | OpenCV panel refine IoU = 0.857
2026-07-25 14:13:23 | INFO     | jewelry_detector.image_processor | Panel refined: [34, 34, 466, 466]
2026-07-25 14:13:23 | INFO     | jewelry_detector.image_processor | Panel refined (OpenCV): [34, 34, 466, 466]
2026-07-25 14:13:23 | INFO     | jewelry_detector.image_processor | Clean panel crop: raw_size=432x432 trim_left=20 trim_top=20 trim_right=19 trim_bottom=19 content_retained=88.0% success=True
2026-07-25 14:13:23 | INFO     | jewelry_detector.image_processor | Trimmed Object (ảnh gốc): [123, 123, 378, 378] | AI bbox gốc: [150, 150, 350, 350]
2026-07-25 14:13:23 | INFO     | jewelry_detector.image_processor | Object refined (OpenCV Trim): [123, 123, 378, 378]
2026-07-25 14:13:23 | INFO     | jewelry_detector.image_processor | Đã lưu ảnh kết quả: sample_img_left_result.jpg
2026-07-25 14:13:23 | INFO     | jewelry_detector.image_processor | Tổng thời gian xử lý: 0.01s
2026-07-25 14:13:23 | INFO     | jewelry_detector.image_processor | Kích thước ảnh: 500 x 500 px
2026-07-25 14:13:23 | INFO     | jewelry_detector.image_processor | Panel pixel (AI): [50, 50, 450, 450]
2026-07-25 14:13:23 | INFO     | jewelry_detector.image_processor | Object pixel (AI): [150, 150, 350, 350]
2026-07-25 14:13:23 | INFO     | jewelry_detector.image_processor | Center pixel: [250, 250]
2026-07-25 14:13:23 | INFO     | jewelry_detector.image_processor | OpenCV panel refine IoU = 0.857
2026-07-25 14:13:23 | INFO     | jewelry_detector.image_processor | Panel refined: [34, 34, 466, 466]
2026-07-25 14:13:23 | INFO     | jewelry_detector.image_processor | Panel refined (OpenCV): [34, 34, 466, 466]
2026-07-25 14:13:23 | INFO     | jewelry_detector.image_processor | Clean panel crop: raw_size=432x432 trim_left=20 trim_top=20 trim_right=19 trim_bottom=19 content_retained=88.0% success=True
2026-07-25 14:13:23 | INFO     | jewelry_detector.image_processor | Trimmed Object (ảnh gốc): [123, 123, 378, 378] | AI bbox gốc: [150, 150, 350, 350]
2026-07-25 14:13:23 | INFO     | jewelry_detector.image_processor | Object refined (OpenCV Trim): [123, 123, 378, 378]
2026-07-25 14:13:23 | INFO     | jewelry_detector.image_processor | Đã lưu ảnh kết quả: sample_img_right_result.jpg
2026-07-25 14:13:23 | INFO     | jewelry_detector.image_processor | Tổng thời gian xử lý: 0.01s
2026-07-25 14:13:23 | INFO     | jewelry_detector.image_processor | Kích thước ảnh: 500 x 500 px
2026-07-25 14:13:23 | INFO     | jewelry_detector.image_processor | Panel pixel (AI): [50, 50, 450, 450]
2026-07-25 14:13:23 | INFO     | jewelry_detector.image_processor | Object pixel (AI): [150, 150, 350, 350]
2026-07-25 14:13:23 | INFO     | jewelry_detector.image_processor | Center pixel: [250, 250]
2026-07-25 14:13:23 | INFO     | jewelry_detector.image_processor | OpenCV panel refine IoU = 0.857
2026-07-25 14:13:23 | INFO     | jewelry_detector.image_processor | Panel refined: [34, 34, 466, 466]
2026-07-25 14:13:23 | INFO     | jewelry_detector.image_processor | Panel refined (OpenCV): [34, 34, 466, 466]
2026-07-25 14:13:23 | INFO     | jewelry_detector.image_processor | Clean panel crop: raw_size=432x432 trim_left=20 trim_top=20 trim_right=19 trim_bottom=19 content_retained=88.0% success=True
2026-07-25 14:13:23 | INFO     | jewelry_detector.image_processor | Trimmed Object (ảnh gốc): [123, 123, 378, 378] | AI bbox gốc: [150, 150, 350, 350]
2026-07-25 14:13:23 | INFO     | jewelry_detector.image_processor | Object refined (OpenCV Trim): [123, 123, 378, 378]
2026-07-25 14:13:23 | INFO     | jewelry_detector.image_processor | Đã lưu ảnh kết quả: sample_img_top_result.jpg
2026-07-25 14:13:23 | INFO     | jewelry_detector.image_processor | Tổng thời gian xử lý: 0.01s
2026-07-25 14:13:23 | INFO     | jewelry_detector.image_processor | Kích thước ảnh: 500 x 500 px
2026-07-25 14:13:23 | INFO     | jewelry_detector.image_processor | Panel pixel (AI): [50, 50, 450, 450]
2026-07-25 14:13:23 | INFO     | jewelry_detector.image_processor | Object pixel (AI): [150, 150, 350, 350]
2026-07-25 14:13:23 | INFO     | jewelry_detector.image_processor | Center pixel: [250, 250]
2026-07-25 14:13:23 | INFO     | jewelry_detector.image_processor | OpenCV panel refine IoU = 0.857
2026-07-25 14:13:23 | INFO     | jewelry_detector.image_processor | Panel refined: [34, 34, 466, 466]
2026-07-25 14:13:23 | INFO     | jewelry_detector.image_processor | Panel refined (OpenCV): [34, 34, 466, 466]
2026-07-25 14:13:23 | INFO     | jewelry_detector.image_processor | Clean panel crop: raw_size=432x432 trim_left=20 trim_top=20 trim_right=19 trim_bottom=19 content_retained=88.0% success=True
2026-07-25 14:13:23 | INFO     | jewelry_detector.image_processor | Trimmed Object (ảnh gốc): [123, 123, 378, 378] | AI bbox gốc: [150, 150, 350, 350]
2026-07-25 14:13:23 | INFO     | jewelry_detector.image_processor | Object refined (OpenCV Trim): [123, 123, 378, 378]
2026-07-25 14:13:23 | INFO     | jewelry_detector.image_processor | Đã lưu ảnh kết quả: sample_img_bottom_result.jpg
2026-07-25 14:13:23 | INFO     | jewelry_detector.image_processor | Tổng thời gian xử lý: 0.01s
2026-07-25 14:13:23 | INFO     | jewelry_detector.image_processor | Kích thước ảnh: 500 x 500 px
2026-07-25 14:13:23 | INFO     | jewelry_detector.image_processor | Panel pixel (AI): [50, 50, 450, 450]
2026-07-25 14:13:23 | INFO     | jewelry_detector.image_processor | Object pixel (AI): [150, 150, 350, 350]
2026-07-25 14:13:23 | INFO     | jewelry_detector.image_processor | Center pixel: [250, 250]
2026-07-25 14:13:23 | INFO     | jewelry_detector.image_processor | OpenCV panel refine IoU = 0.857
2026-07-25 14:13:23 | INFO     | jewelry_detector.image_processor | Panel refined: [34, 34, 466, 466]
2026-07-25 14:13:23 | INFO     | jewelry_detector.image_processor | Panel refined (OpenCV): [34, 34, 466, 466]
2026-07-25 14:13:23 | INFO     | jewelry_detector.image_processor | Clean panel crop: raw_size=432x432 trim_left=20 trim_top=20 trim_right=19 trim_bottom=19 content_retained=88.0% success=True
2026-07-25 14:13:23 | INFO     | jewelry_detector.image_processor | Trimmed Object (ảnh gốc): [123, 123, 378, 378] | AI bbox gốc: [150, 150, 350, 350]
2026-07-25 14:13:23 | INFO     | jewelry_detector.image_processor | Object refined (OpenCV Trim): [123, 123, 378, 378]
2026-07-25 14:13:23 | INFO     | jewelry_detector.image_processor | Đã lưu ảnh kết quả: sample_img_back_result.jpg
2026-07-25 14:13:23 | INFO     | jewelry_detector.image_processor | Tổng thời gian xử lý: 0.01s
2026-07-25 14:13:23 | INFO     | jewelry_detector.image_processor | Kích thước ảnh: 500 x 500 px
2026-07-25 14:13:23 | INFO     | jewelry_detector.image_processor | Panel pixel (AI): [50, 50, 450, 450]
2026-07-25 14:13:23 | INFO     | jewelry_detector.image_processor | Object pixel (AI): [150, 150, 350, 350]
2026-07-25 14:13:23 | INFO     | jewelry_detector.image_processor | Center pixel: [250, 250]
2026-07-25 14:13:23 | INFO     | jewelry_detector.image_processor | Clean panel crop: raw_size=400x400 trim_left=4 trim_top=4 trim_right=3 trim_bottom=3 content_retained=100.0% success=True
2026-07-25 14:13:23 | INFO     | jewelry_detector.image_processor | Đã lưu ảnh kết quả: sample_img_front_result.jpg
2026-07-25 14:13:23 | INFO     | jewelry_detector.image_processor | Tổng thời gian xử lý: 0.01s
2026-07-25 14:13:23 | INFO     | jewelry_detector.image_processor | Kích thước ảnh: 500 x 500 px
2026-07-25 14:13:23 | INFO     | jewelry_detector.image_processor | Panel pixel (AI): [50, 50, 450, 450]
2026-07-25 14:13:23 | INFO     | jewelry_detector.image_processor | Object pixel (AI): [150, 150, 350, 350]
2026-07-25 14:13:23 | INFO     | jewelry_detector.image_processor | Center pixel: [250, 250]
2026-07-25 14:13:23 | INFO     | jewelry_detector.image_processor | OpenCV panel refine IoU = 0.857
2026-07-25 14:13:23 | INFO     | jewelry_detector.image_processor | Panel refined: [34, 34, 466, 466]
2026-07-25 14:13:23 | INFO     | jewelry_detector.image_processor | Panel refined (OpenCV): [34, 34, 466, 466]
2026-07-25 14:13:23 | INFO     | jewelry_detector.image_processor | Clean panel crop: raw_size=432x432 trim_left=20 trim_top=20 trim_right=19 trim_bottom=19 content_retained=88.0% success=True
2026-07-25 14:13:23 | INFO     | jewelry_detector.image_processor | Trimmed Object (ảnh gốc): [123, 123, 378, 378] | AI bbox gốc: [150, 150, 350, 350]
2026-07-25 14:13:23 | INFO     | jewelry_detector.image_processor | Object refined (OpenCV Trim): [123, 123, 378, 378]
2026-07-25 14:13:23 | WARNING  | jewelry_detector.image_processor | Không lưu được ảnh kết quả: sample_img_front_result.jpg
2026-07-25 14:13:23 | INFO     | jewelry_detector.image_processor | Tổng thời gian xử lý: 0.01s
2026-07-25 14:13:23 | INFO     | jewelry_detector.image_processor | Kích thước ảnh: 500 x 500 px
2026-07-25 14:13:23 | INFO     | jewelry_detector.image_processor | Panel pixel (AI): [50, 50, 450, 450]
2026-07-25 14:13:23 | INFO     | jewelry_detector.image_processor | Object pixel (AI): [150, 150, 350, 350]
2026-07-25 14:13:23 | INFO     | jewelry_detector.image_processor | Center pixel: [250, 250]
2026-07-25 14:13:23 | INFO     | jewelry_detector.image_processor | OpenCV không tìm được contour phù hợp cho panel. Giữ bbox AI.
2026-07-25 14:13:23 | INFO     | jewelry_detector.image_processor | Panel refine không thành công, dùng bbox AI.
2026-07-25 14:13:23 | INFO     | jewelry_detector.image_processor | Không tìm thấy nội dung giao với AI Object Bbox.
2026-07-25 14:13:23 | INFO     | jewelry_detector.image_processor | Object trim không thành công, dùng bbox AI gốc.
2026-07-25 14:13:23 | INFO     | jewelry_detector.image_processor | Đã lưu ảnh kết quả: blank_img_front_result.jpg
2026-07-25 14:13:23 | INFO     | jewelry_detector.image_processor | Tổng thời gian xử lý: 0.01s
2026-07-25 14:13:23 | INFO     | jewelry_detector.image_processor | Kích thước ảnh: 500 x 500 px
2026-07-25 14:13:23 | INFO     | jewelry_detector.image_processor | Panel pixel (AI): [50, 50, 450, 450]
2026-07-25 14:13:23 | INFO     | jewelry_detector.image_processor | Object pixel (AI): [150, 150, 350, 350]
2026-07-25 14:13:23 | INFO     | jewelry_detector.image_processor | Center pixel: [250, 250]
2026-07-25 14:13:23 | WARNING  | jewelry_detector.image_processor | Refined panel bbox không hợp lệ (refined_panel_bbox: bbox [600.0,600.0,700.0,700.0] vượt ngoài ảnh [500x500]). Giữ bbox AI.
2026-07-25 14:13:23 | INFO     | jewelry_detector.image_processor | Clean panel crop: raw_size=400x400 trim_left=4 trim_top=4 trim_right=3 trim_bottom=3 content_retained=100.0% success=True
2026-07-25 14:13:23 | INFO     | jewelry_detector.image_processor | Trimmed Object (ảnh gốc): [123, 123, 378, 378] | AI bbox gốc: [150, 150, 350, 350]
2026-07-25 14:13:23 | INFO     | jewelry_detector.image_processor | Object refined (OpenCV Trim): [123, 123, 378, 378]
2026-07-25 14:13:23 | INFO     | jewelry_detector.image_processor | Đã lưu ảnh kết quả: sample_img_front_result.jpg
2026-07-25 14:13:23 | INFO     | jewelry_detector.image_processor | Tổng thời gian xử lý: 0.01s
2026-07-25 14:13:23 | INFO     | jewelry_detector.image_processor | Kích thước ảnh: 500 x 500 px
2026-07-25 14:13:23 | INFO     | jewelry_detector.image_processor | Panel pixel (AI): [50, 50, 450, 450]
2026-07-25 14:13:23 | INFO     | jewelry_detector.image_processor | Object pixel (AI): [150, 150, 350, 350]
2026-07-25 14:13:23 | INFO     | jewelry_detector.image_processor | Center pixel: [250, 250]
2026-07-25 14:13:23 | INFO     | jewelry_detector.image_processor | OpenCV panel refine IoU = 0.857
2026-07-25 14:13:23 | INFO     | jewelry_detector.image_processor | Panel refined: [34, 34, 466, 466]
2026-07-25 14:13:23 | INFO     | jewelry_detector.image_processor | Panel refined (OpenCV): [34, 34, 466, 466]
2026-07-25 14:13:23 | INFO     | jewelry_detector.image_processor | Clean panel crop: raw_size=432x432 trim_left=20 trim_top=20 trim_right=19 trim_bottom=19 content_retained=88.0% success=True
2026-07-25 14:13:23 | WARNING  | jewelry_detector.image_processor | Refined object bbox không hợp lệ (refined_object_bbox: bbox [600.0,600.0,700.0,700.0] vượt ngoài ảnh [500x500]). Giữ bbox AI.
2026-07-25 14:13:23 | INFO     | jewelry_detector.image_processor | Đã lưu ảnh kết quả: sample_img_front_result.jpg
2026-07-25 14:13:23 | INFO     | jewelry_detector.image_processor | Tổng thời gian xử lý: 0.01s
2026-07-25 14:13:23 | INFO     | jewelry_detector.image_processor | Kích thước ảnh: 500 x 500 px
2026-07-25 14:13:23 | INFO     | jewelry_detector.image_processor | Panel pixel (AI): [50, 50, 450, 450]
2026-07-25 14:13:23 | INFO     | jewelry_detector.image_processor | Object pixel (AI): [150, 150, 350, 350]
2026-07-25 14:13:23 | INFO     | jewelry_detector.image_processor | Center pixel: [250, 250]
2026-07-25 14:13:23 | INFO     | jewelry_detector.image_processor | OpenCV panel refine IoU = 0.857
2026-07-25 14:13:23 | INFO     | jewelry_detector.image_processor | Panel refined: [34, 34, 466, 466]
2026-07-25 14:13:23 | INFO     | jewelry_detector.image_processor | Panel refined (OpenCV): [34, 34, 466, 466]
2026-07-25 14:13:23 | INFO     | jewelry_detector.image_processor | Clean panel crop: raw_size=432x432 trim_left=20 trim_top=20 trim_right=19 trim_bottom=19 content_retained=88.0% success=True
2026-07-25 14:13:23 | WARNING  | jewelry_detector.image_processor | Refined object bbox không hợp lệ (refined_object_bbox: x1>=x2 hoặc y1>=y2, bbox không hợp lệ). Giữ bbox AI.
2026-07-25 14:13:23 | INFO     | jewelry_detector.image_processor | Đã lưu ảnh kết quả: sample_img_front_result.jpg
2026-07-25 14:13:23 | INFO     | jewelry_detector.image_processor | Tổng thời gian xử lý: 0.01s
2026-07-25 14:13:23 | INFO     | jewelry_detector.image_processor | Kích thước ảnh: 500 x 500 px
2026-07-25 14:13:23 | INFO     | jewelry_detector.image_processor | Panel pixel (AI): [50, 50, 450, 450]
2026-07-25 14:13:23 | INFO     | jewelry_detector.image_processor | Object pixel (AI): [150, 150, 350, 350]
2026-07-25 14:13:23 | INFO     | jewelry_detector.image_processor | Center pixel: [250, 250]
2026-07-25 14:13:23 | INFO     | jewelry_detector.image_processor | OpenCV panel refine IoU = 0.857
2026-07-25 14:13:23 | INFO     | jewelry_detector.image_processor | Panel refined: [34, 34, 466, 466]
2026-07-25 14:13:23 | INFO     | jewelry_detector.image_processor | Panel refined (OpenCV): [34, 34, 466, 466]
2026-07-25 14:13:23 | INFO     | jewelry_detector.image_processor | Clean panel crop: raw_size=432x432 trim_left=20 trim_top=20 trim_right=19 trim_bottom=19 content_retained=88.0% success=True
2026-07-25 14:13:23 | WARNING  | jewelry_detector.image_processor | Refined object bbox không hợp lệ (refined_object_bbox: x1>=x2 hoặc y1>=y2, bbox không hợp lệ). Giữ bbox AI.
2026-07-25 14:13:23 | INFO     | jewelry_detector.image_processor | Đã lưu ảnh kết quả: sample_img_front_result.jpg
2026-07-25 14:13:23 | INFO     | jewelry_detector.image_processor | Tổng thời gian xử lý: 0.01s
2026-07-25 14:13:23 | INFO     | jewelry_detector.image_processor | Kích thước ảnh: 500 x 500 px
2026-07-25 14:13:23 | INFO     | jewelry_detector.image_processor | Panel pixel (AI): [50, 50, 450, 450]
2026-07-25 14:13:23 | INFO     | jewelry_detector.image_processor | Object pixel (AI): [150, 150, 350, 350]
2026-07-25 14:13:23 | INFO     | jewelry_detector.image_processor | Center pixel: [250, 250]
2026-07-25 14:13:23 | INFO     | jewelry_detector.image_processor | Object refined (OpenCV Trim): [150, 150, 350, 350]
2026-07-25 14:13:23 | INFO     | jewelry_detector.image_processor | Đã lưu ảnh kết quả: sample_img_perspective_result.jpg
2026-07-25 14:13:23 | INFO     | jewelry_detector.image_processor | Tổng thời gian xử lý: 0.01s
2026-07-25 14:13:23 | INFO     | jewelry_detector.image_processor | Kích thước ảnh: 500 x 500 px
2026-07-25 14:13:23 | INFO     | jewelry_detector.image_processor | Panel pixel (AI): [50, 50, 450, 450]
2026-07-25 14:13:23 | INFO     | jewelry_detector.image_processor | Object pixel (AI): [150, 150, 350, 350]
2026-07-25 14:13:23 | INFO     | jewelry_detector.image_processor | Center pixel: [250, 250]
2026-07-25 14:13:23 | INFO     | jewelry_detector.image_processor | OpenCV panel refine IoU = 0.857
2026-07-25 14:13:23 | INFO     | jewelry_detector.image_processor | Panel refined: [34, 34, 466, 466]
2026-07-25 14:13:23 | INFO     | jewelry_detector.image_processor | Panel refined (OpenCV): [34, 34, 466, 466]
2026-07-25 14:13:23 | INFO     | jewelry_detector.image_processor | Clean panel crop: raw_size=432x432 trim_left=20 trim_top=20 trim_right=19 trim_bottom=19 content_retained=88.0% success=True
2026-07-25 14:13:23 | INFO     | jewelry_detector.image_processor | Trimmed Object (ảnh gốc): [123, 123, 378, 378] | AI bbox gốc: [150, 150, 350, 350]
2026-07-25 14:13:23 | INFO     | jewelry_detector.image_processor | Object refined (OpenCV Trim): [123, 123, 378, 378]
2026-07-25 14:13:23 | INFO     | jewelry_detector.image_processor | Đã lưu ảnh kết quả: sample_img_front_result.jpg
2026-07-25 14:13:23 | INFO     | jewelry_detector.image_processor | Tổng thời gian xử lý: 0.01s
2026-07-25 14:13:23 | INFO     | jewelry_detector.image_processor | Đã lưu JSON: sample_img_front_result.json
2026-07-25 14:13:23 | WARNING  | jewelry_detector.image_processor | Clean panel fallback: Mất nội dung (retained 95.90% < 99%)
2026-07-25 14:13:23 | INFO     | jewelry_detector.image_processor | Clean panel crop: raw_size=200x200 trim_left=8 trim_top=8 trim_right=8 trim_bottom=8 content_retained=93.5% success=True
2026-07-25 14:13:23 | INFO     | jewelry_detector.image_processor | Clean panel crop: raw_size=200x200 trim_left=0 trim_top=8 trim_right=0 trim_bottom=0 content_retained=98.5% success=True
2026-07-25 14:13:23 | INFO     | jewelry_detector.image_processor | Clean panel crop: raw_size=200x200 trim_left=8 trim_top=8 trim_right=0 trim_bottom=0 content_retained=96.9% success=True
2026-07-25 14:13:23 | INFO     | jewelry_detector.image_processor | Object area ratio 41.281 > 2.5. Giữ bbox AI.
2026-07-25 14:13:23 | INFO     | jewelry_detector.image_processor | Object area ratio 0.035 < 0.3. Giữ bbox AI.
2026-07-25 14:13:23 | INFO     | jewelry_detector.image_processor | Object center distance 0.002 > -0.01. Giữ bbox AI.
2026-07-25 14:13:23 | INFO     | jewelry_detector.image_processor | Object IoU 0.733 < 1.01. Giữ bbox AI.
2026-07-25 14:13:23 | INFO     | jewelry_detector.image_processor | Không tìm thấy nội dung giao với AI Object Bbox.
2026-07-25 14:13:23 | INFO     | jewelry_detector.image_processor | Không tìm thấy nội dung giao với AI Object Bbox.
2026-07-25 14:13:23 | INFO     | jewelry_detector.image_processor | Trimmed Object (ảnh gốc): [50, 122, 184, 339] | AI bbox gốc: [50, 140, 165, 320]
2026-07-25 14:13:23 | INFO     | jewelry_detector.image_processor | Trimmed Object (ảnh gốc): [152, 152, 349, 349] | AI bbox gốc: [170, 170, 330, 330]
2026-07-25 14:13:23 | INFO     | jewelry_detector.image_processor | Trimmed Object (ảnh gốc): [122, 122, 379, 379] | AI bbox gốc: [140, 140, 360, 360]
2026-07-25 14:13:23 | INFO     | jewelry_detector.image_processor | OpenCV panel refine IoU = 0.859
2026-07-25 14:13:23 | INFO     | jewelry_detector.image_processor | Center distance ratio 0.000 > ngưỡng -0.01. Giữ bbox AI.
2026-07-25 14:13:23 | INFO     | jewelry_detector.image_processor | OpenCV không tìm được contour phù hợp cho panel. Giữ bbox AI.
2026-07-25 14:13:23 | INFO     | jewelry_detector.image_processor | OpenCV không tìm được contour phù hợp cho panel. Giữ bbox AI.
2026-07-25 14:13:23 | INFO     | jewelry_detector.image_processor | OpenCV panel refine IoU = 0.859
2026-07-25 14:13:23 | INFO     | jewelry_detector.image_processor | Panel refined: [32, 32, 468, 468]
2026-07-25 14:17:15 | INFO     | jewelry_detector.image_processor | PERSPECTIVE: Không tìm thấy component liên hệ bbox AI.
2026-07-25 14:17:15 | INFO     | jewelry_detector.image_processor | Kích thước ảnh: 400 x 400 px
2026-07-25 14:17:15 | INFO     | jewelry_detector.image_processor | Panel pixel (AI): [0, 0, 400, 400]
2026-07-25 14:17:15 | INFO     | jewelry_detector.image_processor | Object pixel (AI): [100, 100, 300, 300]
2026-07-25 14:17:15 | INFO     | jewelry_detector.image_processor | Center pixel: [200, 200]
2026-07-25 14:17:15 | INFO     | jewelry_detector.image_processor | Object refined (OpenCV Trim): [121, 120, 280, 281]
2026-07-25 14:17:15 | INFO     | jewelry_detector.image_processor | Đã lưu ảnh kết quả: perspective_perspective_result.jpg
2026-07-25 14:17:15 | INFO     | jewelry_detector.image_processor | Tổng thời gian xử lý: 0.01s
2026-07-25 14:18:05 | INFO     | jewelry_detector.image_processor | PERSPECTIVE: Không tìm thấy component liên hệ bbox AI.
2026-07-25 14:18:05 | INFO     | jewelry_detector.image_processor | Kích thước ảnh: 400 x 400 px
2026-07-25 14:18:05 | INFO     | jewelry_detector.image_processor | Panel pixel (AI): [0, 0, 400, 400]
2026-07-25 14:18:05 | INFO     | jewelry_detector.image_processor | Object pixel (AI): [100, 100, 300, 300]
2026-07-25 14:18:05 | INFO     | jewelry_detector.image_processor | Center pixel: [200, 200]
2026-07-25 14:18:05 | INFO     | jewelry_detector.image_processor | Object refined (OpenCV Trim): [121, 120, 280, 281]
2026-07-25 14:18:05 | INFO     | jewelry_detector.image_processor | Đã lưu ảnh kết quả: perspective_perspective_result.jpg
2026-07-25 14:18:05 | INFO     | jewelry_detector.image_processor | Tổng thời gian xử lý: 0.01s
2026-07-25 14:18:05 | INFO     | jewelry_detector.image_processor | Kích thước ảnh: 400 x 400 px
2026-07-25 14:18:05 | INFO     | jewelry_detector.image_processor | Panel pixel (AI): [0, 0, 400, 400]
2026-07-25 14:18:05 | INFO     | jewelry_detector.image_processor | Object pixel (AI): [100, 100, 300, 300]
2026-07-25 14:18:05 | INFO     | jewelry_detector.image_processor | Center pixel: [200, 200]
2026-07-25 14:18:05 | INFO     | jewelry_detector.image_processor | Object refined (OpenCV Trim): [121, 120, 280, 281]
2026-07-25 14:18:05 | INFO     | jewelry_detector.image_processor | Đã lưu ảnh kết quả: perspective_perspective_result.jpg
2026-07-25 14:18:05 | INFO     | jewelry_detector.image_processor | Tổng thời gian xử lý: 0.01s
2026-07-25 14:18:08 | INFO     | jewelry_detector.image_processor | PERSPECTIVE: Không tìm thấy component liên hệ bbox AI.
2026-07-25 14:18:08 | INFO     | jewelry_detector.image_processor | Kích thước ảnh: 400 x 400 px
2026-07-25 14:18:08 | INFO     | jewelry_detector.image_processor | Panel pixel (AI): [0, 0, 400, 400]
2026-07-25 14:18:08 | INFO     | jewelry_detector.image_processor | Object pixel (AI): [100, 100, 300, 300]
2026-07-25 14:18:08 | INFO     | jewelry_detector.image_processor | Center pixel: [200, 200]
2026-07-25 14:18:08 | INFO     | jewelry_detector.image_processor | Object refined (OpenCV Trim): [121, 120, 280, 281]
2026-07-25 14:18:08 | INFO     | jewelry_detector.image_processor | Đã lưu ảnh kết quả: perspective_perspective_result.jpg
2026-07-25 14:18:08 | INFO     | jewelry_detector.image_processor | Tổng thời gian xử lý: 0.01s
2026-07-25 14:18:08 | INFO     | jewelry_detector.image_processor | Kích thước ảnh: 400 x 400 px
2026-07-25 14:18:08 | INFO     | jewelry_detector.image_processor | Panel pixel (AI): [0, 0, 400, 400]
2026-07-25 14:18:08 | INFO     | jewelry_detector.image_processor | Object pixel (AI): [100, 100, 300, 300]
2026-07-25 14:18:08 | INFO     | jewelry_detector.image_processor | Center pixel: [200, 200]
2026-07-25 14:18:08 | INFO     | jewelry_detector.image_processor | Object refined (OpenCV Trim): [121, 120, 280, 281]
2026-07-25 14:18:08 | INFO     | jewelry_detector.image_processor | Đã lưu ảnh kết quả: perspective_perspective_result.jpg
2026-07-25 14:18:08 | INFO     | jewelry_detector.image_processor | Tổng thời gian xử lý: 0.01s
2026-07-25 14:18:08 | INFO     | jewelry_detector.image_processor | Kích thước ảnh: 500 x 500 px
2026-07-25 14:18:08 | INFO     | jewelry_detector.image_processor | Panel pixel (AI): [50, 50, 450, 450]
2026-07-25 14:18:08 | INFO     | jewelry_detector.image_processor | Object pixel (AI): [150, 150, 350, 350]
2026-07-25 14:18:08 | INFO     | jewelry_detector.image_processor | Center pixel: [250, 250]
2026-07-25 14:18:08 | INFO     | jewelry_detector.image_processor | OpenCV panel refine IoU = 0.857
2026-07-25 14:18:08 | INFO     | jewelry_detector.image_processor | Panel refined: [34, 34, 466, 466]
2026-07-25 14:18:08 | INFO     | jewelry_detector.image_processor | Panel refined (OpenCV): [34, 34, 466, 466]
2026-07-25 14:18:08 | INFO     | jewelry_detector.image_processor | Clean panel crop: raw_size=432x432 trim_left=20 trim_top=20 trim_right=19 trim_bottom=19 content_retained=88.0% success=True
2026-07-25 14:18:08 | INFO     | jewelry_detector.image_processor | Trimmed Object (ảnh gốc): [123, 123, 378, 378] | AI bbox gốc: [150, 150, 350, 350]
2026-07-25 14:18:08 | INFO     | jewelry_detector.image_processor | Object refined (OpenCV Trim): [123, 123, 378, 378]
2026-07-25 14:18:08 | INFO     | jewelry_detector.image_processor | Đã lưu ảnh kết quả: sample_img_front_result.jpg
2026-07-25 14:18:08 | INFO     | jewelry_detector.image_processor | Tổng thời gian xử lý: 0.01s
2026-07-25 14:18:08 | INFO     | jewelry_detector.image_processor | Kích thước ảnh: 500 x 500 px
2026-07-25 14:18:08 | INFO     | jewelry_detector.image_processor | Panel pixel (AI): [50, 50, 450, 450]
2026-07-25 14:18:08 | INFO     | jewelry_detector.image_processor | Object pixel (AI): [150, 150, 350, 350]
2026-07-25 14:18:08 | INFO     | jewelry_detector.image_processor | Center pixel: [250, 250]
2026-07-25 14:18:08 | INFO     | jewelry_detector.image_processor | OpenCV panel refine IoU = 0.857
2026-07-25 14:18:08 | INFO     | jewelry_detector.image_processor | Panel refined: [34, 34, 466, 466]
2026-07-25 14:18:08 | INFO     | jewelry_detector.image_processor | Panel refined (OpenCV): [34, 34, 466, 466]
2026-07-25 14:18:08 | INFO     | jewelry_detector.image_processor | Clean panel crop: raw_size=432x432 trim_left=20 trim_top=20 trim_right=19 trim_bottom=19 content_retained=88.0% success=True
2026-07-25 14:18:08 | INFO     | jewelry_detector.image_processor | Trimmed Object (ảnh gốc): [123, 123, 378, 378] | AI bbox gốc: [150, 150, 350, 350]
2026-07-25 14:18:08 | INFO     | jewelry_detector.image_processor | Object refined (OpenCV Trim): [123, 123, 378, 378]
2026-07-25 14:18:08 | INFO     | jewelry_detector.image_processor | Đã lưu ảnh kết quả: sample_img_left_result.jpg
2026-07-25 14:18:08 | INFO     | jewelry_detector.image_processor | Tổng thời gian xử lý: 0.01s
2026-07-25 14:18:08 | INFO     | jewelry_detector.image_processor | Kích thước ảnh: 500 x 500 px
2026-07-25 14:18:08 | INFO     | jewelry_detector.image_processor | Panel pixel (AI): [50, 50, 450, 450]
2026-07-25 14:18:08 | INFO     | jewelry_detector.image_processor | Object pixel (AI): [150, 150, 350, 350]
2026-07-25 14:18:08 | INFO     | jewelry_detector.image_processor | Center pixel: [250, 250]
2026-07-25 14:18:08 | INFO     | jewelry_detector.image_processor | OpenCV panel refine IoU = 0.857
2026-07-25 14:18:08 | INFO     | jewelry_detector.image_processor | Panel refined: [34, 34, 466, 466]
2026-07-25 14:18:08 | INFO     | jewelry_detector.image_processor | Panel refined (OpenCV): [34, 34, 466, 466]
2026-07-25 14:18:08 | INFO     | jewelry_detector.image_processor | Clean panel crop: raw_size=432x432 trim_left=20 trim_top=20 trim_right=19 trim_bottom=19 content_retained=88.0% success=True
2026-07-25 14:18:08 | INFO     | jewelry_detector.image_processor | Trimmed Object (ảnh gốc): [123, 123, 378, 378] | AI bbox gốc: [150, 150, 350, 350]
2026-07-25 14:18:08 | INFO     | jewelry_detector.image_processor | Object refined (OpenCV Trim): [123, 123, 378, 378]
2026-07-25 14:18:08 | INFO     | jewelry_detector.image_processor | Đã lưu ảnh kết quả: sample_img_right_result.jpg
2026-07-25 14:18:08 | INFO     | jewelry_detector.image_processor | Tổng thời gian xử lý: 0.01s
2026-07-25 14:18:08 | INFO     | jewelry_detector.image_processor | Kích thước ảnh: 500 x 500 px
2026-07-25 14:18:08 | INFO     | jewelry_detector.image_processor | Panel pixel (AI): [50, 50, 450, 450]
2026-07-25 14:18:08 | INFO     | jewelry_detector.image_processor | Object pixel (AI): [150, 150, 350, 350]
2026-07-25 14:18:08 | INFO     | jewelry_detector.image_processor | Center pixel: [250, 250]
2026-07-25 14:18:08 | INFO     | jewelry_detector.image_processor | OpenCV panel refine IoU = 0.857
2026-07-25 14:18:08 | INFO     | jewelry_detector.image_processor | Panel refined: [34, 34, 466, 466]
2026-07-25 14:18:08 | INFO     | jewelry_detector.image_processor | Panel refined (OpenCV): [34, 34, 466, 466]
2026-07-25 14:18:08 | INFO     | jewelry_detector.image_processor | Clean panel crop: raw_size=432x432 trim_left=20 trim_top=20 trim_right=19 trim_bottom=19 content_retained=88.0% success=True
2026-07-25 14:18:08 | INFO     | jewelry_detector.image_processor | Trimmed Object (ảnh gốc): [123, 123, 378, 378] | AI bbox gốc: [150, 150, 350, 350]
2026-07-25 14:18:08 | INFO     | jewelry_detector.image_processor | Object refined (OpenCV Trim): [123, 123, 378, 378]
2026-07-25 14:18:08 | INFO     | jewelry_detector.image_processor | Đã lưu ảnh kết quả: sample_img_top_result.jpg
2026-07-25 14:18:08 | INFO     | jewelry_detector.image_processor | Tổng thời gian xử lý: 0.01s
2026-07-25 14:18:08 | INFO     | jewelry_detector.image_processor | Kích thước ảnh: 500 x 500 px
2026-07-25 14:18:08 | INFO     | jewelry_detector.image_processor | Panel pixel (AI): [50, 50, 450, 450]
2026-07-25 14:18:08 | INFO     | jewelry_detector.image_processor | Object pixel (AI): [150, 150, 350, 350]
2026-07-25 14:18:08 | INFO     | jewelry_detector.image_processor | Center pixel: [250, 250]
2026-07-25 14:18:08 | INFO     | jewelry_detector.image_processor | OpenCV panel refine IoU = 0.857
2026-07-25 14:18:08 | INFO     | jewelry_detector.image_processor | Panel refined: [34, 34, 466, 466]
2026-07-25 14:18:08 | INFO     | jewelry_detector.image_processor | Panel refined (OpenCV): [34, 34, 466, 466]
2026-07-25 14:18:08 | INFO     | jewelry_detector.image_processor | Clean panel crop: raw_size=432x432 trim_left=20 trim_top=20 trim_right=19 trim_bottom=19 content_retained=88.0% success=True
2026-07-25 14:18:08 | INFO     | jewelry_detector.image_processor | Trimmed Object (ảnh gốc): [123, 123, 378, 378] | AI bbox gốc: [150, 150, 350, 350]
2026-07-25 14:18:08 | INFO     | jewelry_detector.image_processor | Object refined (OpenCV Trim): [123, 123, 378, 378]
2026-07-25 14:18:08 | INFO     | jewelry_detector.image_processor | Đã lưu ảnh kết quả: sample_img_bottom_result.jpg
2026-07-25 14:18:08 | INFO     | jewelry_detector.image_processor | Tổng thời gian xử lý: 0.01s
2026-07-25 14:18:08 | INFO     | jewelry_detector.image_processor | Kích thước ảnh: 500 x 500 px
2026-07-25 14:18:08 | INFO     | jewelry_detector.image_processor | Panel pixel (AI): [50, 50, 450, 450]
2026-07-25 14:18:08 | INFO     | jewelry_detector.image_processor | Object pixel (AI): [150, 150, 350, 350]
2026-07-25 14:18:08 | INFO     | jewelry_detector.image_processor | Center pixel: [250, 250]
2026-07-25 14:18:08 | INFO     | jewelry_detector.image_processor | OpenCV panel refine IoU = 0.857
2026-07-25 14:18:08 | INFO     | jewelry_detector.image_processor | Panel refined: [34, 34, 466, 466]
2026-07-25 14:18:08 | INFO     | jewelry_detector.image_processor | Panel refined (OpenCV): [34, 34, 466, 466]
2026-07-25 14:18:08 | INFO     | jewelry_detector.image_processor | Clean panel crop: raw_size=432x432 trim_left=20 trim_top=20 trim_right=19 trim_bottom=19 content_retained=88.0% success=True
2026-07-25 14:18:08 | INFO     | jewelry_detector.image_processor | Trimmed Object (ảnh gốc): [123, 123, 378, 378] | AI bbox gốc: [150, 150, 350, 350]
2026-07-25 14:18:08 | INFO     | jewelry_detector.image_processor | Object refined (OpenCV Trim): [123, 123, 378, 378]
2026-07-25 14:18:08 | INFO     | jewelry_detector.image_processor | Đã lưu ảnh kết quả: sample_img_back_result.jpg
2026-07-25 14:18:08 | INFO     | jewelry_detector.image_processor | Tổng thời gian xử lý: 0.01s
2026-07-25 14:18:08 | INFO     | jewelry_detector.image_processor | Kích thước ảnh: 500 x 500 px
2026-07-25 14:18:08 | INFO     | jewelry_detector.image_processor | Panel pixel (AI): [50, 50, 450, 450]
2026-07-25 14:18:08 | INFO     | jewelry_detector.image_processor | Object pixel (AI): [150, 150, 350, 350]
2026-07-25 14:18:08 | INFO     | jewelry_detector.image_processor | Center pixel: [250, 250]
2026-07-25 14:18:08 | INFO     | jewelry_detector.image_processor | Clean panel crop: raw_size=400x400 trim_left=4 trim_top=4 trim_right=3 trim_bottom=3 content_retained=100.0% success=True
2026-07-25 14:18:08 | INFO     | jewelry_detector.image_processor | Đã lưu ảnh kết quả: sample_img_front_result.jpg
2026-07-25 14:18:08 | INFO     | jewelry_detector.image_processor | Tổng thời gian xử lý: 0.01s
2026-07-25 14:18:08 | INFO     | jewelry_detector.image_processor | Kích thước ảnh: 500 x 500 px
2026-07-25 14:18:08 | INFO     | jewelry_detector.image_processor | Panel pixel (AI): [50, 50, 450, 450]
2026-07-25 14:18:08 | INFO     | jewelry_detector.image_processor | Object pixel (AI): [150, 150, 350, 350]
2026-07-25 14:18:08 | INFO     | jewelry_detector.image_processor | Center pixel: [250, 250]
2026-07-25 14:18:08 | INFO     | jewelry_detector.image_processor | OpenCV panel refine IoU = 0.857
2026-07-25 14:18:08 | INFO     | jewelry_detector.image_processor | Panel refined: [34, 34, 466, 466]
2026-07-25 14:18:08 | INFO     | jewelry_detector.image_processor | Panel refined (OpenCV): [34, 34, 466, 466]
2026-07-25 14:18:08 | INFO     | jewelry_detector.image_processor | Clean panel crop: raw_size=432x432 trim_left=20 trim_top=20 trim_right=19 trim_bottom=19 content_retained=88.0% success=True
2026-07-25 14:18:08 | INFO     | jewelry_detector.image_processor | Trimmed Object (ảnh gốc): [123, 123, 378, 378] | AI bbox gốc: [150, 150, 350, 350]
2026-07-25 14:18:08 | INFO     | jewelry_detector.image_processor | Object refined (OpenCV Trim): [123, 123, 378, 378]
2026-07-25 14:18:08 | WARNING  | jewelry_detector.image_processor | Không lưu được ảnh kết quả: sample_img_front_result.jpg
2026-07-25 14:18:08 | INFO     | jewelry_detector.image_processor | Tổng thời gian xử lý: 0.01s
2026-07-25 14:18:08 | INFO     | jewelry_detector.image_processor | Kích thước ảnh: 500 x 500 px
2026-07-25 14:18:08 | INFO     | jewelry_detector.image_processor | Panel pixel (AI): [50, 50, 450, 450]
2026-07-25 14:18:08 | INFO     | jewelry_detector.image_processor | Object pixel (AI): [150, 150, 350, 350]
2026-07-25 14:18:08 | INFO     | jewelry_detector.image_processor | Center pixel: [250, 250]
2026-07-25 14:18:08 | INFO     | jewelry_detector.image_processor | OpenCV không tìm được contour phù hợp cho panel. Giữ bbox AI.
2026-07-25 14:18:08 | INFO     | jewelry_detector.image_processor | Panel refine không thành công, dùng bbox AI.
2026-07-25 14:18:08 | INFO     | jewelry_detector.image_processor | Không tìm thấy nội dung giao với AI Object Bbox.
2026-07-25 14:18:08 | INFO     | jewelry_detector.image_processor | Object trim không thành công, dùng bbox AI gốc.
2026-07-25 14:18:08 | INFO     | jewelry_detector.image_processor | Đã lưu ảnh kết quả: blank_img_front_result.jpg
2026-07-25 14:18:08 | INFO     | jewelry_detector.image_processor | Tổng thời gian xử lý: 0.01s
2026-07-25 14:18:08 | INFO     | jewelry_detector.image_processor | Kích thước ảnh: 500 x 500 px
2026-07-25 14:18:08 | INFO     | jewelry_detector.image_processor | Panel pixel (AI): [50, 50, 450, 450]
2026-07-25 14:18:08 | INFO     | jewelry_detector.image_processor | Object pixel (AI): [150, 150, 350, 350]
2026-07-25 14:18:08 | INFO     | jewelry_detector.image_processor | Center pixel: [250, 250]
2026-07-25 14:18:08 | WARNING  | jewelry_detector.image_processor | Refined panel bbox không hợp lệ (refined_panel_bbox: bbox [600.0,600.0,700.0,700.0] vượt ngoài ảnh [500x500]). Giữ bbox AI.
2026-07-25 14:18:08 | INFO     | jewelry_detector.image_processor | Clean panel crop: raw_size=400x400 trim_left=4 trim_top=4 trim_right=3 trim_bottom=3 content_retained=100.0% success=True
2026-07-25 14:18:08 | INFO     | jewelry_detector.image_processor | Trimmed Object (ảnh gốc): [123, 123, 378, 378] | AI bbox gốc: [150, 150, 350, 350]
2026-07-25 14:18:08 | INFO     | jewelry_detector.image_processor | Object refined (OpenCV Trim): [123, 123, 378, 378]
2026-07-25 14:18:08 | INFO     | jewelry_detector.image_processor | Đã lưu ảnh kết quả: sample_img_front_result.jpg
2026-07-25 14:18:08 | INFO     | jewelry_detector.image_processor | Tổng thời gian xử lý: 0.01s
2026-07-25 14:18:08 | INFO     | jewelry_detector.image_processor | Kích thước ảnh: 500 x 500 px
2026-07-25 14:18:08 | INFO     | jewelry_detector.image_processor | Panel pixel (AI): [50, 50, 450, 450]
2026-07-25 14:18:08 | INFO     | jewelry_detector.image_processor | Object pixel (AI): [150, 150, 350, 350]
2026-07-25 14:18:08 | INFO     | jewelry_detector.image_processor | Center pixel: [250, 250]
2026-07-25 14:18:08 | INFO     | jewelry_detector.image_processor | OpenCV panel refine IoU = 0.857
2026-07-25 14:18:08 | INFO     | jewelry_detector.image_processor | Panel refined: [34, 34, 466, 466]
2026-07-25 14:18:08 | INFO     | jewelry_detector.image_processor | Panel refined (OpenCV): [34, 34, 466, 466]
2026-07-25 14:18:08 | INFO     | jewelry_detector.image_processor | Clean panel crop: raw_size=432x432 trim_left=20 trim_top=20 trim_right=19 trim_bottom=19 content_retained=88.0% success=True
2026-07-25 14:18:08 | WARNING  | jewelry_detector.image_processor | Refined object bbox không hợp lệ (refined_object_bbox: bbox [600.0,600.0,700.0,700.0] vượt ngoài ảnh [500x500]). Giữ bbox AI.
2026-07-25 14:18:08 | INFO     | jewelry_detector.image_processor | Đã lưu ảnh kết quả: sample_img_front_result.jpg
2026-07-25 14:18:08 | INFO     | jewelry_detector.image_processor | Tổng thời gian xử lý: 0.01s
2026-07-25 14:18:08 | INFO     | jewelry_detector.image_processor | Kích thước ảnh: 500 x 500 px
2026-07-25 14:18:08 | INFO     | jewelry_detector.image_processor | Panel pixel (AI): [50, 50, 450, 450]
2026-07-25 14:18:08 | INFO     | jewelry_detector.image_processor | Object pixel (AI): [150, 150, 350, 350]
2026-07-25 14:18:08 | INFO     | jewelry_detector.image_processor | Center pixel: [250, 250]
2026-07-25 14:18:08 | INFO     | jewelry_detector.image_processor | OpenCV panel refine IoU = 0.857
2026-07-25 14:18:08 | INFO     | jewelry_detector.image_processor | Panel refined: [34, 34, 466, 466]
2026-07-25 14:18:08 | INFO     | jewelry_detector.image_processor | Panel refined (OpenCV): [34, 34, 466, 466]
2026-07-25 14:18:08 | INFO     | jewelry_detector.image_processor | Clean panel crop: raw_size=432x432 trim_left=20 trim_top=20 trim_right=19 trim_bottom=19 content_retained=88.0% success=True
2026-07-25 14:18:08 | WARNING  | jewelry_detector.image_processor | Refined object bbox không hợp lệ (refined_object_bbox: x1>=x2 hoặc y1>=y2, bbox không hợp lệ). Giữ bbox AI.
2026-07-25 14:18:08 | INFO     | jewelry_detector.image_processor | Đã lưu ảnh kết quả: sample_img_front_result.jpg
2026-07-25 14:18:08 | INFO     | jewelry_detector.image_processor | Tổng thời gian xử lý: 0.01s
2026-07-25 14:18:08 | INFO     | jewelry_detector.image_processor | Kích thước ảnh: 500 x 500 px
2026-07-25 14:18:08 | INFO     | jewelry_detector.image_processor | Panel pixel (AI): [50, 50, 450, 450]
2026-07-25 14:18:08 | INFO     | jewelry_detector.image_processor | Object pixel (AI): [150, 150, 350, 350]
2026-07-25 14:18:08 | INFO     | jewelry_detector.image_processor | Center pixel: [250, 250]
2026-07-25 14:18:08 | INFO     | jewelry_detector.image_processor | OpenCV panel refine IoU = 0.857
2026-07-25 14:18:08 | INFO     | jewelry_detector.image_processor | Panel refined: [34, 34, 466, 466]
2026-07-25 14:18:08 | INFO     | jewelry_detector.image_processor | Panel refined (OpenCV): [34, 34, 466, 466]
2026-07-25 14:18:08 | INFO     | jewelry_detector.image_processor | Clean panel crop: raw_size=432x432 trim_left=20 trim_top=20 trim_right=19 trim_bottom=19 content_retained=88.0% success=True
2026-07-25 14:18:08 | WARNING  | jewelry_detector.image_processor | Refined object bbox không hợp lệ (refined_object_bbox: x1>=x2 hoặc y1>=y2, bbox không hợp lệ). Giữ bbox AI.
2026-07-25 14:18:08 | INFO     | jewelry_detector.image_processor | Đã lưu ảnh kết quả: sample_img_front_result.jpg
2026-07-25 14:18:08 | INFO     | jewelry_detector.image_processor | Tổng thời gian xử lý: 0.01s
2026-07-25 14:18:08 | INFO     | jewelry_detector.image_processor | Kích thước ảnh: 500 x 500 px
2026-07-25 14:18:08 | INFO     | jewelry_detector.image_processor | Panel pixel (AI): [50, 50, 450, 450]
2026-07-25 14:18:08 | INFO     | jewelry_detector.image_processor | Object pixel (AI): [150, 150, 350, 350]
2026-07-25 14:18:08 | INFO     | jewelry_detector.image_processor | Center pixel: [250, 250]
2026-07-25 14:18:08 | INFO     | jewelry_detector.image_processor | Object refined (OpenCV Trim): [150, 150, 350, 350]
2026-07-25 14:18:08 | INFO     | jewelry_detector.image_processor | Đã lưu ảnh kết quả: sample_img_perspective_result.jpg
2026-07-25 14:18:08 | INFO     | jewelry_detector.image_processor | Tổng thời gian xử lý: 0.01s
2026-07-25 14:18:08 | INFO     | jewelry_detector.image_processor | Kích thước ảnh: 500 x 500 px
2026-07-25 14:18:08 | INFO     | jewelry_detector.image_processor | Panel pixel (AI): [50, 50, 450, 450]
2026-07-25 14:18:08 | INFO     | jewelry_detector.image_processor | Object pixel (AI): [150, 150, 350, 350]
2026-07-25 14:18:08 | INFO     | jewelry_detector.image_processor | Center pixel: [250, 250]
2026-07-25 14:18:08 | INFO     | jewelry_detector.image_processor | OpenCV panel refine IoU = 0.857
2026-07-25 14:18:08 | INFO     | jewelry_detector.image_processor | Panel refined: [34, 34, 466, 466]
2026-07-25 14:18:08 | INFO     | jewelry_detector.image_processor | Panel refined (OpenCV): [34, 34, 466, 466]
2026-07-25 14:18:08 | INFO     | jewelry_detector.image_processor | Clean panel crop: raw_size=432x432 trim_left=20 trim_top=20 trim_right=19 trim_bottom=19 content_retained=88.0% success=True
2026-07-25 14:18:08 | INFO     | jewelry_detector.image_processor | Trimmed Object (ảnh gốc): [123, 123, 378, 378] | AI bbox gốc: [150, 150, 350, 350]
2026-07-25 14:18:08 | INFO     | jewelry_detector.image_processor | Object refined (OpenCV Trim): [123, 123, 378, 378]
2026-07-25 14:18:08 | INFO     | jewelry_detector.image_processor | Đã lưu ảnh kết quả: sample_img_front_result.jpg
2026-07-25 14:18:08 | INFO     | jewelry_detector.image_processor | Tổng thời gian xử lý: 0.01s
2026-07-25 14:18:08 | INFO     | jewelry_detector.image_processor | Đã lưu JSON: sample_img_front_result.json
2026-07-25 14:18:08 | WARNING  | jewelry_detector.image_processor | Clean panel fallback: Mất nội dung (retained 95.90% < 99%)
2026-07-25 14:18:08 | INFO     | jewelry_detector.image_processor | Clean panel crop: raw_size=200x200 trim_left=8 trim_top=8 trim_right=8 trim_bottom=8 content_retained=93.5% success=True
2026-07-25 14:18:08 | INFO     | jewelry_detector.image_processor | Clean panel crop: raw_size=200x200 trim_left=0 trim_top=8 trim_right=0 trim_bottom=0 content_retained=98.5% success=True
2026-07-25 14:18:08 | INFO     | jewelry_detector.image_processor | Clean panel crop: raw_size=200x200 trim_left=8 trim_top=8 trim_right=0 trim_bottom=0 content_retained=96.9% success=True
2026-07-25 14:18:08 | INFO     | jewelry_detector.image_processor | Object area ratio 41.281 > 2.5. Giữ bbox AI.
2026-07-25 14:18:08 | INFO     | jewelry_detector.image_processor | Object area ratio 0.035 < 0.3. Giữ bbox AI.
2026-07-25 14:18:08 | INFO     | jewelry_detector.image_processor | Object center distance 0.002 > -0.01. Giữ bbox AI.
2026-07-25 14:18:08 | INFO     | jewelry_detector.image_processor | Object IoU 0.733 < 1.01. Giữ bbox AI.
2026-07-25 14:18:08 | INFO     | jewelry_detector.image_processor | Không tìm thấy nội dung giao với AI Object Bbox.
2026-07-25 14:18:08 | INFO     | jewelry_detector.image_processor | Không tìm thấy nội dung giao với AI Object Bbox.
2026-07-25 14:18:08 | INFO     | jewelry_detector.image_processor | Trimmed Object (ảnh gốc): [50, 122, 184, 339] | AI bbox gốc: [50, 140, 165, 320]
2026-07-25 14:18:08 | INFO     | jewelry_detector.image_processor | Trimmed Object (ảnh gốc): [152, 152, 349, 349] | AI bbox gốc: [170, 170, 330, 330]
2026-07-25 14:18:08 | INFO     | jewelry_detector.image_processor | Trimmed Object (ảnh gốc): [122, 122, 379, 379] | AI bbox gốc: [140, 140, 360, 360]
2026-07-25 14:18:08 | INFO     | jewelry_detector.image_processor | OpenCV panel refine IoU = 0.859
2026-07-25 14:18:08 | INFO     | jewelry_detector.image_processor | Center distance ratio 0.000 > ngưỡng -0.01. Giữ bbox AI.
2026-07-25 14:18:08 | INFO     | jewelry_detector.image_processor | OpenCV không tìm được contour phù hợp cho panel. Giữ bbox AI.
2026-07-25 14:18:08 | INFO     | jewelry_detector.image_processor | OpenCV không tìm được contour phù hợp cho panel. Giữ bbox AI.
2026-07-25 14:18:08 | INFO     | jewelry_detector.image_processor | OpenCV panel refine IoU = 0.859
2026-07-25 14:18:08 | INFO     | jewelry_detector.image_processor | Panel refined: [32, 32, 468, 468]
